{"decision": [0.49681147727260727, 0.49681147727260727, 0.49538730105913076, 0.49538730105913076, 0.48004406571657615, 0.48004406571657615, 0.48004406571657615, 0.48004406571657615, 0.48004406571657615, 0.48004406571657615, 0.48004406571657615, 0.48004406571657615, 0.48004406571657615, 0.48004406571657615], "chosing": [0.49681147727260727, 0.49681147727260727, 0.49538730105913076, 0.49538730105913076, 0.48004406571657615, 0.48004406571657615, 0.48004406571657615, 0.48004406571657615, 0.48004406571657615, 0.48004406571657615, 0.48004406571657615, 0.48004406571657615, 0.48004406571657615, 0.48004406571657615]}