{"decision": [0.5, 0.5, 0.5, 0.5, 0.49118058859842273, 0.49118058859842273, 0.49118058859842273, 0.49118058859842273, 0.49118058859842273, 0.49118058859842273, 0.49118058859842273, 0.49118058859842273, 0.49118058859842273, 0.49118058859842273], "chosing": [0.5, 0.5, 0.5, 0.5, 0.49118058859842273, 0.49118058859842273, 0.49118058859842273, 0.49118058859842273, 0.49118058859842273, 0.49118058859842273, 0.49118058859842273, 0.49118058859842273, 0.49118058859842273, 0.49118058859842273]}