{"decision": [0.49788565860396294, 0.49788565860396294, 0.49788565860396294, 0.49788565860396294, 0.49788565860396294, 0.49788565860396294, 0.49617711227904326, 0.49617711227904326, 0.49617711227904326, 0.49617711227904326, 0.49617711227904326, 0.49617711227904326, 0.49617711227904326, 0.49617711227904326, 0.49617711227904326, 0.49617711227904326], "chosing": [0.49788565860396294, 0.49788565860396294, 0.49788565860396294, 0.49788565860396294, 0.49788565860396294, 0.49788565860396294, 0.49617711227904326, 0.49617711227904326, 0.49617711227904326, 0.49617711227904326, 0.49617711227904326, 0.49617711227904326, 0.49617711227904326, 0.49617711227904326, 0.49617711227904326, 0.49617711227904326]}