dataset,fitness,rejected,cost,fitness_train,time_train
nsf_centers_easy_s2,0.49218481409329445,2164,2360.545855511318,0.49118058859842273,18.264270067214966
