dataset,fitness,rejected,cost,fitness_train,time_train
nsf_centers_easy_s1,0.49733319775999646,1813,11004.243717242898,0.49617711227904326,20.635115146636963
