fitness,rejected,cost,fitness_train,time_train
0.45046684221951183,1591,13465.300804928143,0.44412163525182824,26.163095474243164
