fitness,rejected,cost,fitness_train,time_train
0.5003451438734459,1862,9886.95342037437,0.49607481749574633,24.89627742767334
