fitness,rejected,cost,fitness_train,time_train
0.4446520193132941,1212,27900.34065036797,0.4463647653699265,42.50240159034729
