dataset,fitness,rejected,cost,fitness_train,time_train
nsf_centers_easy_s3,0.4810848167787632,2088,2964.371848813922,0.48004406571657615,28.85193634033203
