{"predict_objectives_1": [0.7930204572803852, 0.7897312474929803, 0.776614520657842, 0.8018852787805857, 0.7843963096670679, 0.8170477336542319, 0.7966305655836342, 0.7973124749298035, 0.7843963096670679, 0.8201764941837144, 0.8201764941837144, 0.7953870838347372, 0.7855996791014841, 0.7732049739269956, 0.834697152025672, 0.7789009225832331, 0.7931809065383073, 0.8415162454873645, 0.8357801845166467, 0.7573606097071801, 0.7948255114320097, 0.7649418371440031, 0.7674689129562775, 0.7985559566787004, 0.751905334937826, 0.8005615724027276, 0.7498194945848375, 0.7512234255916566, 0.7512234255916566, 0.8557962294424388, 0.7804251905334938, 0.7948255114320096, 0.7963497793822703, 0.7501403931006818, 0.7847974328118732, 0.7546730846369836, 0.7927797833935017, 0.7679903730445246, 0.7948656237464901, 0.8592458884877656, 0.7746089049338147, 0.7523866827115925, 0.7436421981548336, 0.746169273967108, 0.7501403931006819, 0.7504612916165263, 0.749859606899318, 0.7443241075010028, 0.7485359005214601, 0.7839550742077819, 0.7969915764139591, 0.7781789009225831, 0.7941436020858403, 0.7711191335740073, 0.785439229843562, 0.7924187725631768, 0.7693541917368633, 0.7709185720016045, 0.7473325310870437, 0.7940633774568793, 0.7935018050541516, 0.8567589249899719, 0.7244685118331328, 0.8612916165262735, 0.7911351784997993, 0.790373044524669, 0.8004011231448054, 0.7617729643000402, 0.7661050942639391, 0.7470517448856799, 0.7899719213798637, 0.764340152426795, 0.7892498997192139, 0.7703569995988768, 0.769193742478941, 0.7608503810669875, 0.7942238267148015, 0.7917368632170076, 0.7983553951062976, 0.7472924187725631, 0.7998395507420779, 0.7995988768551945, 0.809265944645006, 0.7685920577617329, 0.7671881267549138, 0.7957079823505816, 0.7233453670276774, 0.7991977537103891, 0.7904131568391496, 0.7745286803048537, 0.7500601684717207, 0.7856397914159647, 0.7896510228640191, 0.811913357400722, 0.7824709185720017, 0.7703569995988768, 0.8000401123144805, 0.7627356598475732, 0.7716004813477737, 0.8001203369434418, 0.7628158844765343, 0.8098275170477336, 0.7715202567188127, 0.7239069394304052, 0.757721620537505, 0.7262735659847573, 0.756758924989972, 0.7561572402727638, 0.7722823906939431, 0.7243080625752106, 0.7994384275972723, 0.7602888086642599, 0.7570798235058163, 0.7505415162454874, 0.7634977938227036, 0.7549939831528278, 0.7539510629763337], "predict_objectives_2": [0.17728781621198114, 0.19663329689750697, 0.20716629882867327, 0.16875515306957126, 0.19819107153649312, 0.1519414630475247, 0.1733845785302643, 0.17087420009743043, 0.19819107153649312, 0.1512657378231414, 0.1512657378231414, 0.1877171784249528, 0.20415016956595933, 0.21775966077230596, 0.15112121625881014, 0.21612447717600602, 0.1957222020039112, 0.14689872300274187, 0.14872260688976663, 0.2653085036846476, 0.17436408310862458, 0.22113124198140094, 0.21903134628864648, 0.16868389340530093, 0.2375766255581476, 0.16400970903500248, 0.23916630976735606, 0.23784859092208754, 0.23784859092208754, 0.14201706104082118, 0.2148687479882653, 0.20036494675637861, 0.17578424563676437, 0.23946234275316444, 0.2101409965221952, 0.22886200373745988, 0.18315650637502057, 0.21857656697428682, 0.1725401037058791, 0.13720659820356707, 0.2083301905486755, 0.2363565882191334, 0.24474060299305767, 0.2438641840534807, 0.23887012436561555, 0.23658198297947353, 0.2417261519214276, 0.2443449545169858, 0.24185112931588182, 0.20044552716456696, 0.17273249600620488, 0.20856396700400287, 0.1720539236113173, 0.20549641735569474, 0.19437804868479108, 0.18662611323015837, 0.22004077902324964, 0.21988773330247352, 0.24193180454370591, 0.18068708645030568, 0.18328528300079877, 0.13997538713046043, 0.2760701831846047, 0.13638413135149471, 0.1747241918886943, 0.19538103219776257, 0.16453053746927954, 0.21780181028245105, 0.21212115344926202, 0.24050144057939446, 0.2009933473613374, 0.22476790228375707, 0.18058978623970762, 0.20257622684356752, 0.21607677654979168, 0.21961774686026464, 0.17202486097109948, 0.17682520153279224, 0.16993961005331548, 0.2398136692679699, 0.16347445929905785, 0.16491041899112563, 0.1533412598239468, 0.20824892762340325, 0.2203488041084753, 0.17519523222744562, 0.27374657972725547, 0.16679164994686974, 0.18220167004685353, 0.19969171485641665, 0.2300400894237507, 0.19499387242886987, 0.1906546155491429, 0.15144086505299784, 0.193573596027488, 0.20267602443791496, 0.16560454456422485, 0.21325280871251667, 0.1995271424086454, 0.16212459212182173, 0.21222505877638498, 0.1517846513897398, 0.20634717878940428, 0.27900811384432705, 0.21879121156151574, 0.26946839502931935, 0.21948462805341684, 0.22167440125032778, 0.2037796985807092, 0.27696893185919064, 0.16744667047039125, 0.21467943969957326, 0.21936826186476832, 0.22775888672186628, 0.21434454567070932, 0.2219197435250889, 0.2233886674433295], "extract_objectives_1": [0.8042519053349378, 0.7340553549939831, 0.739269955876454, 0.8014440433212996, 0.7396710790212595, 0.803449659045327, 0.8022462896109106, 0.8259125551544324, 0.7396710790212595, 0.8038507821901324, 0.7777777777777778, 0.739269955876454, 0.8303249097472925, 0.7364620938628159, 0.860810268752507, 0.820296831127156, 0.7440834336141195, 0.8744484556758925, 0.8551945447252306, 0.7509025270758123, 0.8002406738868832, 0.8259125551544324, 0.731247492980345, 0.8411552346570397, 0.7372643401524268, 0.8078620136381869, 0.7649418371440032, 0.7436823104693141, 0.7436823104693141, 0.8708383473726434, 0.7180104292017649, 0.8158844765342961, 0.8130766145206578, 0.7364620938628159, 0.7152025671881268, 0.816686722823907, 0.7513036502206177, 0.8102687525070197, 0.8122743682310469, 0.8628158844765343, 0.7561171279582832, 0.7625350982751705, 0.7344564781387886, 0.7139991977537103, 0.739269955876454, 0.748094665062174, 0.739269955876454, 0.8539911752908143, 0.7496991576413959, 0.816686722823907, 0.7509025270758123, 0.731247492980345, 0.8046530284797433, 0.7388688327316486, 0.753309265944645, 0.8174889691135179, 0.7468912956277577, 0.699558764540714, 0.748094665062174, 0.7372643401524268, 0.8379462494985961, 0.8559967910148416, 0.7160048134777377, 0.8531889290012034, 0.802647412755716, 0.8046530284797433, 0.8042519053349378, 0.734857601283594, 0.7388688327316486, 0.7083834737264341, 0.7874047332531087, 0.7496991576413959, 0.8178900922583233, 0.7416766947452869, 0.7264340152426795, 0.7388688327316486, 0.8158844765342961, 0.8042519053349378, 0.8062575210589651, 0.7027677496991577, 0.8058563979141596, 0.8042519053349378, 0.8235058162855997, 0.7645407139991978, 0.807059767348576, 0.7958283192940233, 0.7067789811472122, 0.8138788608102687, 0.8078620136381869, 0.7866024869634978, 0.7468912956277577, 0.789410348977136, 0.851985559566787, 0.8162855996791015, 0.7773766546329723, 0.7853991175290814, 0.7998395507420778, 0.7641395908543923, 0.7416766947452869, 0.802647412755716, 0.7866024869634978, 0.8347372643401524, 0.7464901724829522, 0.6963497793822704, 0.7440834336141195, 0.7192137986361813, 0.7553148816686723, 0.7440834336141195, 0.735659847573205, 0.7071801042920176, 0.8042519053349378, 0.7456879261933413, 0.7452868030485359, 0.7541115122342559, 0.7460890493381468, 0.7424789410348978, 0.7420778178900923],