{"0": {"time": 4.5438477993011475, "HV": 0.1251065184626018}, "1": {"time": 7.842367649078369, "HV": 0.12544801853760634}, "2": {"time": 11.238818407058716, "HV": 0.12544810504229834}}