{"0": {"NFE": 4, "HV": 0.12536838253128552}, "1": {"NFE": 12, "HV": 0.12525472643841748}, "2": {"NFE": 18, "HV": 0.12525472643841748}}