{"0": {"time": 176.61083483695984, "HV": 0.5011759920411586}, "1": {"time": 490.7222890853882, "HV": 0.5183512486638822}, "2": {"time": 823.0713796615601, "HV": 0.5232424122618599}, "3": {"time": 1132.8821125030518, "HV": 0.5341589749107234}, "4": {"time": 1435.7760803699493, "HV": 0.537005328824093}, "5": {"time": 1708.038191318512, "HV": 0.5380654185132716}, "6": {"time": 1973.0792033672333, "HV": 0.5431365103094852}, "7": {"time": 2240.5619089603424, "HV": 0.545078315681892}, "8": {"time": 2545.3559608459473, "HV": 0.5465371682231136}, "9": {"time": 2812.405375480652, "HV": 0.5478221719365457}, "10": {"time": 3109.465430498123, "HV": 0.5485033416443962}, "11": {"time": 3384.4113912582397, "HV": 0.5488547508422531}, "12": {"time": 3652.0250453948975, "HV": 0.5498056219658823}, "13": {"time": 3927.114289045334, "HV": 0.5509343229733162}, "14": {"time": 4200.8078055381775, "HV": 0.5515664555198039}, "15": {"time": 4492.258577108383, "HV": 0.5531364965128889}, "16": {"time": 4774.331778526306, "HV": 0.5539152078539342}, "17": {"time": 5041.931484937668, "HV": 0.5543288140106558}, "18": {"time": 5322.448393583298, "HV": 0.5547265224962542}, "19": {"time": 5614.9719314575195, "HV": 0.5549805977012965}}