{"0": {"time": 745.642828464508, "HV": 0.4886795971020122}, "1": {"time": 1985.8738434314728, "HV": 0.504807816155303}, "2": {"time": 3201.918065071106, "HV": 0.5080381950101553}, "3": {"time": 4325.750753879547, "HV": 0.523646745894212}, "4": {"time": 5349.152285575867, "HV": 0.5276162346866391}, "5": {"time": 6422.127221822739, "HV": 0.5295872972874855}}