{"0": {"time": 764.6511862277985, "HV": 0.5908341713454625}, "1": {"time": 1970.833752155304, "HV": 0.6077534098822973}, "2": {"time": 3147.979564189911, "HV": 0.6123412820503181}, "3": {"time": 4231.607024669647, "HV": 0.6160117955871208}, "4": {"time": 5208.681736707687, "HV": 0.6166720721941736}, "5": {"time": 6271.357732534409, "HV": 0.6183264379423119}}