{"0": {"time": 614.4069809913635, "HV": 0.2935713210056129}, "1": {"time": 1676.3091235160828, "HV": 0.30603392957355835}, "2": {"time": 2831.1820154190063, "HV": 0.3128954169812483}, "3": {"time": 3927.946547985077, "HV": 0.31458617048625837}, "4": {"time": 5087.957350969315, "HV": 0.3192286501959712}, "5": {"time": 6176.998425960541, "HV": 0.32015555380109234}}