{"0": {"time": 319.9208607673645, "HV": 0.45918488617180797}, "1": {"time": 914.5340752601624, "HV": 0.47709025116315085}, "2": {"time": 1514.0263929367065, "HV": 0.48785935008008907}, "3": {"time": 1988.6506781578064, "HV": 0.48999968237091385}, "4": {"time": 2460.504145860672, "HV": 0.49172519088475386}, "5": {"time": 2880.768271923065, "HV": 0.49484527878134965}, "6": {"time": 3328.6980991363525, "HV": 0.49526240407488786}, "7": {"time": 3778.475532770157, "HV": 0.49553733760006424}, "8": {"time": 4267.628841876984, "HV": 0.4978922302625706}, "9": {"time": 4753.817369937897, "HV": 0.4991272730315388}, "10": {"time": 5203.607634305954, "HV": 0.5038456712443694}, "11": {"time": 5664.918588399887, "HV": 0.5043184457149845}}