{"0": {"time": 170.56158065795898, "HV": 0.5631002913184836}, "1": {"time": 584.2152621746063, "HV": 0.5902591726786628}, "2": {"time": 1135.0952591896057, "HV": 0.5907399930252445}, "3": {"time": 1622.017544746399, "HV": 0.5936834654123303}, "4": {"time": 2014.1793944835663, "HV": 0.5968904617089913}, "5": {"time": 2441.8480718135834, "HV": 0.6011689295519677}, "6": {"time": 2813.0522360801697, "HV": 0.6023250048984288}, "7": {"time": 3210.2696435451508, "HV": 0.6033595765211759}, "8": {"time": 3592.974677801132, "HV": 0.6070461616172921}, "9": {"time": 3977.126101732254, "HV": 0.6079735286145952}, "10": {"time": 4312.823356389999, "HV": 0.608099867555244}, "11": {"time": 4724.130243778229, "HV": 0.6092354306153359}, "12": {"time": 5183.349905729294, "HV": 0.6099159905515137}, "13": {"time": 5659.027789354324, "HV": 0.6124351834934549}, "14": {"time": 6073.837978363037, "HV": 0.6125859832410785}, "15": {"time": 6543.635265827179, "HV": 0.6133295228667948}, "16": {"time": 6957.0445692539215, "HV": 0.6131064518819046}}