{"0": {"time": 219.27040815353394, "HV": 0.5869855422604463}, "1": {"time": 648.5751020908356, "HV": 0.6238052032604791}, "2": {"time": 1131.2463958263397, "HV": 0.6332639036327757}, "3": {"time": 1557.8742995262146, "HV": 0.6395693521752641}, "4": {"time": 1903.9268136024475, "HV": 0.6422929967841393}, "5": {"time": 2242.754379272461, "HV": 0.6444249666458427}, "6": {"time": 2608.8035991191864, "HV": 0.6471479094104124}, "7": {"time": 2952.5951714515686, "HV": 0.6473549988982996}, "8": {"time": 3389.689038038254, "HV": 0.6482784735574557}, "9": {"time": 3786.5989968776703, "HV": 0.648360177798806}, "10": {"time": 4201.572902202606, "HV": 0.6497962020196033}, "11": {"time": 4675.082951068878, "HV": 0.6510827713432914}, "12": {"time": 5186.646302461624, "HV": 0.6520259793927041}, "13": {"time": 5618.911237239838, "HV": 0.652842715663178}, "14": {"time": 6154.528343439102, "HV": 0.6535019638152353}, "15": {"time": 6615.78951382637, "HV": 0.6536659903275266}}