{"0": {"time": 754.4305446147919, "HV": 0.3070814599150806}, "1": {"time": 1965.5012772083282, "HV": 0.32349599464101625}, "2": {"time": 3178.9499208927155, "HV": 0.324042191267778}}