{"0": {"time": 194.61706733703613, "HV": 0.5427944714140523}, "1": {"time": 640.1530137062073, "HV": 0.58857167269628}, "2": {"time": 1069.5877220630646, "HV": 0.5968108382053173}, "3": {"time": 1423.8850917816162, "HV": 0.6000889773714927}, "4": {"time": 1867.6330749988556, "HV": 0.6041534336915193}, "5": {"time": 2266.7568311691284, "HV": 0.6097268112589754}, "6": {"time": 2651.0923867225647, "HV": 0.6152583970240998}, "7": {"time": 3000.3435015678406, "HV": 0.617232179779886}, "8": {"time": 3520.4256505966187, "HV": 0.6214568109223657}, "9": {"time": 3990.342159986496, "HV": 0.6215755928091731}, "10": {"time": 4436.645595550537, "HV": 0.6239869136815792}, "11": {"time": 4873.335712432861, "HV": 0.6257889790807543}, "12": {"time": 5358.64714384079, "HV": 0.6265497195112701}, "13": {"time": 5757.762642383575, "HV": 0.6270569957342041}, "14": {"time": 6151.335898160934, "HV": 0.6275117311529079}, "15": {"time": 6536.529400348663, "HV": 0.6275621412976475}, "16": {"time": 7035.536987066269, "HV": 0.6341987790660384}, "17": {"time": 7415.173483371735, "HV": 0.6352390594626736}, "18": {"time": 7783.735955476761, "HV": 0.6353933370596312}, "19": {"time": 8113.821826219559, "HV": 0.6391554108312665}, "20": {"time": 8450.111561059952, "HV": 0.6390858247491792}, "21": {"time": 8803.586368083954, "HV": 0.639441683747421}, "22": {"time": 9185.008323907852, "HV": 0.6393932359866166}, "23": {"time": 9549.764307498932, "HV": 0.6393666586859603}, "24": {"time": 9991.746373414993, "HV": 0.6395412508765381}, "25": {"time": 10590.609885931015, "HV": 0.6397222982558184}}