{"0": {"time": 1183.3110089302063, "HV": 0.31895312509002155}, "1": {"time": 3073.7141728401184, "HV": 0.3289709421753352}}