{"0": {"time": 79.41684579849243, "HV": 0.5492427942275803}, "1": {"time": 203.89642477035522, "HV": 0.5823472722123659}, "2": {"time": 327.21659445762634, "HV": 0.5897730081232841}, "3": {"time": 438.989830493927, "HV": 0.5993354240452456}, "4": {"time": 549.2912828922272, "HV": 0.6016057298139261}, "5": {"time": 659.1847591400146, "HV": 0.6041573423663492}, "6": {"time": 773.4020936489105, "HV": 0.6045029427249939}, "7": {"time": 894.4796426296234, "HV": 0.6046206486851708}, "8": {"time": 1004.6949427127838, "HV": 0.6049717120087151}, "9": {"time": 1124.7915511131287, "HV": 0.6056704840488685}, "10": {"time": 1235.416778087616, "HV": 0.6056789620300532}, "11": {"time": 1342.7141392230988, "HV": 0.6060778793553951}, "12": {"time": 1450.696230173111, "HV": 0.6062897324315799}, "13": {"time": 1559.230492591858, "HV": 0.606300451161754}, "14": {"time": 1658.5022966861725, "HV": 0.6064657721515252}, "15": {"time": 1766.533147573471, "HV": 0.6066076623265895}, "16": {"time": 1874.8497953414917, "HV": 0.6067882020752962}, "17": {"time": 1982.6808788776398, "HV": 0.6069143056082216}, "18": {"time": 2097.429787158966, "HV": 0.6071663168937889}, "19": {"time": 2213.2196769714355, "HV": 0.6073738239115234}, "20": {"time": 2324.8781747817993, "HV": 0.6078015868272084}, "21": {"time": 2425.669763326645, "HV": 0.607837727632336}, "22": {"time": 2535.6577622890472, "HV": 0.6078650892947791}, "23": {"time": 2654.3913180828094, "HV": 0.6082449255470836}, "24": {"time": 2777.8130786418915, "HV": 0.6083104555253627}, "25": {"time": 2893.741780757904, "HV": 0.6087239487738442}, "26": {"time": 3020.897061109543, "HV": 0.6087780359583836}}