{"0": {"time": 969.820324420929, "HV": 0.2912887267026761}, "1": {"time": 2644.31733751297, "HV": 0.3265756651569308}, "2": {"time": 4403.066672325134, "HV": 0.32728049363879075}}