{"0": {"time": 79.7490291595459, "HV": 0.45831809493526}, "1": {"time": 293.2742738723755, "HV": 0.5091886958583399}, "2": {"time": 495.64510011672974, "HV": 0.5278030956332098}, "3": {"time": 692.8312478065491, "HV": 0.5296017755833874}, "4": {"time": 876.4439935684204, "HV": 0.5308821983100493}, "5": {"time": 1018.0043158531189, "HV": 0.533364065801752}, "6": {"time": 1181.0462760925293, "HV": 0.5336326148274291}, "7": {"time": 1348.3315117359161, "HV": 0.5336257199007559}, "8": {"time": 1506.8063595294952, "HV": 0.5354359463944246}, "9": {"time": 1701.0617673397064, "HV": 0.536482348406748}, "10": {"time": 1883.35147190094, "HV": 0.5367297067225764}, "11": {"time": 2068.2472970485687, "HV": 0.5368645561566451}, "12": {"time": 2233.376664876938, "HV": 0.5369318106986868}, "13": {"time": 2404.927197933197, "HV": 0.536916259369498}, "14": {"time": 2588.2677206993103, "HV": 0.5369301717122679}, "15": {"time": 2800.863709449768, "HV": 0.5373488169078404}, "16": {"time": 2984.142096042633, "HV": 0.5376027696451705}, "17": {"time": 3169.7345604896545, "HV": 0.5375971290799234}, "18": {"time": 3390.7277059555054, "HV": 0.5375971290799234}, "19": {"time": 3594.0557494163513, "HV": 0.537971775380632}, "20": {"time": 3789.83483171463, "HV": 0.5381227682209212}, "21": {"time": 4005.666559457779, "HV": 0.5389876065880634}, "22": {"time": 4211.218894004822, "HV": 0.539213433608571}, "23": {"time": 4413.124269962311, "HV": 0.5398019940805295}, "24": {"time": 4618.880773067474, "HV": 0.5404337147031021}, "25": {"time": 4808.554181098938, "HV": 0.5405663665417177}, "26": {"time": 4998.68873333931, "HV": 0.5407755227856468}, "27": {"time": 5196.415406227112, "HV": 0.5417078752000432}, "28": {"time": 5405.5288763046265, "HV": 0.5421144687763944}, "29": {"time": 5622.784574508667, "HV": 0.5422024752003478}, "30": {"time": 5828.052053689957, "HV": 0.5424298747633578}, "31": {"time": 6041.427545309067, "HV": 0.5425893698847375}, "32": {"time": 6271.188465118408, "HV": 0.5424930931060714}, "33": {"time": 6497.883190393448, "HV": 0.5427059533931387}, "34": {"time": 6693.302983522415, "HV": 0.5427059533931387}}