{"0": {"time": 530.4229309558868, "HV": 0.3088456574736685}, "1": {"time": 2963.212891101837, "HV": 0.3161946626474905}, "2": {"time": 4999.9841849803925, "HV": 0.3184161541119311}, "3": {"time": 6607.16063451767, "HV": 0.3193961336878564}, "4": {"time": 8780.68542265892, "HV": 0.32055081834204374}, "5": {"time": 10428.224935054779, "HV": 0.32250819784891394}, "6": {"time": 12013.567838668823, "HV": 0.3319960107208451}}