{"0": {"time": 253.64660787582397, "HV": 0.31243027384544453}, "1": {"time": 943.4300565719604, "HV": 0.3370755927604318}, "2": {"time": 1705.022169828415, "HV": 0.3414909248047278}, "3": {"time": 2491.516607761383, "HV": 0.3416568658571177}, "4": {"time": 3240.4138095378876, "HV": 0.3450500314197727}, "5": {"time": 3823.507139444351, "HV": 0.34691438096491667}, "6": {"time": 4440.7139592170715, "HV": 0.3470494209340305}, "7": {"time": 5037.016783952713, "HV": 0.3474687344258716}, "8": {"time": 5681.892219305038, "HV": 0.34818860725777173}, "9": {"time": 6257.431547403336, "HV": 0.35137796278952727}, "10": {"time": 6842.1876308918, "HV": 0.35224809047880945}}