{"0": {"time": 52.296090602874756, "HV": 0.5028611460861823}, "1": {"time": 205.61493301391602, "HV": 0.5530430267837796}, "2": {"time": 340.2481622695923, "HV": 0.5593083428720509}, "3": {"time": 459.86641335487366, "HV": 0.561739911259058}, "4": {"time": 596.5153977870941, "HV": 0.5668553768904332}, "5": {"time": 724.0802421569824, "HV": 0.5699867159747737}, "6": {"time": 863.6269378662109, "HV": 0.5752010976186772}, "7": {"time": 979.1552412509918, "HV": 0.5768852935132643}, "8": {"time": 1086.882494211197, "HV": 0.582112810959378}, "9": {"time": 1216.6049919128418, "HV": 0.5829199089835566}, "10": {"time": 1362.6279010772705, "HV": 0.5850665535836475}, "11": {"time": 1485.124008178711, "HV": 0.5850503745575303}, "12": {"time": 1593.5488295555115, "HV": 0.5856431353175406}, "13": {"time": 1716.017828464508, "HV": 0.586192002265567}, "14": {"time": 1861.4200007915497, "HV": 0.5866082149649181}, "15": {"time": 1990.7902882099152, "HV": 0.5871066966732947}, "16": {"time": 2131.8580186367035, "HV": 0.5876959583853807}, "17": {"time": 2278.5932388305664, "HV": 0.5880708842285712}, "18": {"time": 2393.751309633255, "HV": 0.5883915768374002}, "19": {"time": 2557.147139072418, "HV": 0.5886193300978357}, "20": {"time": 2696.687474012375, "HV": 0.5885780547974592}, "21": {"time": 2862.483587741852, "HV": 0.5885319982198567}, "22": {"time": 2977.5203292369843, "HV": 0.5885778275714152}, "23": {"time": 3112.6791322231293, "HV": 0.5891616056370346}, "24": {"time": 3216.304099559784, "HV": 0.5901013272684933}, "25": {"time": 3361.0574765205383, "HV": 0.5901780880775623}, "26": {"time": 3479.593940973282, "HV": 0.5901592405391519}, "27": {"time": 3599.7180726528168, "HV": 0.5911155628011034}}