{"0": {"time": 53.405251026153564, "HV": 0.48879083925981626}, "1": {"time": 177.32718896865845, "HV": 0.5415096082364355}, "2": {"time": 278.28602957725525, "HV": 0.5531735414302088}, "3": {"time": 361.7220151424408, "HV": 0.5560706807338573}, "4": {"time": 441.781441450119, "HV": 0.561830778803234}, "5": {"time": 538.014002084732, "HV": 0.5645890596856997}, "6": {"time": 636.3732490539551, "HV": 0.5654367127975894}, "7": {"time": 743.2996349334717, "HV": 0.5669017388561817}, "8": {"time": 849.2087888717651, "HV": 0.5670224399160481}, "9": {"time": 966.629620552063, "HV": 0.5715616373508138}, "10": {"time": 1074.8140094280243, "HV": 0.5720242444536933}, "11": {"time": 1168.2520730495453, "HV": 0.5734134206656956}, "12": {"time": 1281.751624584198, "HV": 0.5739193582879422}, "13": {"time": 1395.9059026241302, "HV": 0.5751905225658138}, "14": {"time": 1497.64475607872, "HV": 0.5752160788058288}, "15": {"time": 1602.9897046089172, "HV": 0.5766035060586374}, "16": {"time": 1700.0368750095367, "HV": 0.5775719027810692}, "17": {"time": 1803.168800354004, "HV": 0.5785713375734578}, "18": {"time": 1905.619705438614, "HV": 0.5847435455724941}, "19": {"time": 2018.7597441673279, "HV": 0.5893107734995771}, "20": {"time": 2107.828622817993, "HV": 0.5917713197772858}, "21": {"time": 2221.9402713775635, "HV": 0.592843489007317}, "22": {"time": 2316.9140391349792, "HV": 0.5930112483463276}, "23": {"time": 2415.2352855205536, "HV": 0.5935670053347519}, "24": {"time": 2514.9423427581787, "HV": 0.5939081660087576}, "25": {"time": 2628.775747537613, "HV": 0.5939602139137969}, "26": {"time": 2732.1268606185913, "HV": 0.6015072231937234}, "27": {"time": 2832.871391773224, "HV": 0.6021536305732054}, "28": {"time": 2934.3339791297913, "HV": 0.6031892796049049}, "29": {"time": 3041.2748243808746, "HV": 0.6053084163161853}, "30": {"time": 3137.085931301117, "HV": 0.6055547572995352}, "31": {"time": 3240.4111907482147, "HV": 0.6058333330859299}, "32": {"time": 3353.8273680210114, "HV": 0.6061884752171864}, "33": {"time": 3466.7957062721252, "HV": 0.6064370309288467}, "34": {"time": 3565.86971616745, "HV": 0.6064301599758412}, "35": {"time": 3662.9887084960938, "HV": 0.60649217636845}, "36": {"time": 3776.223631620407, "HV": 0.6066167869610373}, "37": {"time": 3884.031418323517, "HV": 0.6074652633440213}, "38": {"time": 3982.863662004471, "HV": 0.6080100489802134}, "39": {"time": 4098.3179976940155, "HV": 0.6082378123226193}, "40": {"time": 4213.069521188736, "HV": 0.6083505795892774}, "41": {"time": 4325.124691963196, "HV": 0.6083894626578531}, "42": {"time": 4426.915642499924, "HV": 0.6085307952000475}, "43": {"time": 4513.238016366959, "HV": 0.6089681989126302}, "44": {"time": 4615.677498817444, "HV": 0.609024091638378}, "45": {"time": 4722.795374631882, "HV": 0.6090312414859236}, "46": {"time": 4815.3426785469055, "HV": 0.6113622195409127}, "47": {"time": 4903.291169881821, "HV": 0.6114652592931652}, "48": {"time": 4992.382820367813, "HV": 0.6114734816762203}, "49": {"time": 5093.9615178108215, "HV": 0.6117078086763165}, "50": {"time": 5185.888475656509, "HV": 0.6117412279517094}, "51": {"time": 5271.969094276428, "HV": 0.6117412279517094}, "52": {"time": 5374.605537891388, "HV": 0.6118362459841838}, "53": {"time": 5463.6450707912445, "HV": 0.6118362459841838}, "54": {"time": 5561.06950879097, "HV": 0.6118818372507545}, "55": {"time": 5656.26970243454, "HV": 0.6120649087192804}, "56": {"time": 5739.556653499603, "HV": 0.6141901731531467}, "57": {"time": 5833.23123216629, "HV": 0.6142153603461614}, "58": {"time": 5926.117945194244, "HV": 0.614163585516205}, "59": {"time": 6001.491731405258, "HV": 0.6142045876380143}, "60": {"time": 6077.426050186157, "HV": 0.6143056522943949}, "61": {"time": 6152.33135509491, "HV": 0.6143037445371221}, "62": {"time": 6242.969725370407, "HV": 0.6143037445371221}, "63": {"time": 6337.314906835556, "HV": 0.614887271953076}, "64": {"time": 6424.568073511124, "HV": 0.614887271953076}, "65": {"time": 6525.320497274399, "HV": 0.6148478202489525}, "66": {"time": 6626.721875667572, "HV": 0.6148478202489525}}