{"0": {"time": 332.85276341438293, "HV": 0.5794294669510851}, "1": {"time": 827.5291912555695, "HV": 0.6070471954900856}, "2": {"time": 1336.661978006363, "HV": 0.630974153549424}, "3": {"time": 1878.4443891048431, "HV": 0.6350468170368553}, "4": {"time": 2377.292490005493, "HV": 0.6399515588073588}, "5": {"time": 2891.001540660858, "HV": 0.6420750273989309}, "6": {"time": 3383.1180307865143, "HV": 0.6433003232569199}}