{"0": {"time": 216.11429286003113, "HV": 0.5982938321320608}, "1": {"time": 809.5719814300537, "HV": 0.6177096528798962}, "2": {"time": 1461.8269696235657, "HV": 0.6213585652085158}, "3": {"time": 2143.3243606090546, "HV": 0.6267577030703742}, "4": {"time": 2528.613993883133, "HV": 0.6283311243616259}, "5": {"time": 2962.587872028351, "HV": 0.6306699303766299}, "6": {"time": 3333.634792327881, "HV": 0.6312935567951019}, "7": {"time": 3712.4471504688263, "HV": 0.6328238200098972}, "8": {"time": 4087.09059214592, "HV": 0.633572860145216}, "9": {"time": 4429.237661123276, "HV": 0.633725258996686}, "10": {"time": 4761.890107631683, "HV": 0.6360914798810591}, "11": {"time": 5146.82156920433, "HV": 0.6396045587381627}, "12": {"time": 5480.302243232727, "HV": 0.6411992453188289}, "13": {"time": 5825.480726242065, "HV": 0.6480397363104393}, "14": {"time": 6215.998998641968, "HV": 0.6483319790681682}, "15": {"time": 6628.160623073578, "HV": 0.6491762085196899}, "16": {"time": 7040.352240562439, "HV": 0.6491505183004993}, "17": {"time": 7391.877651453018, "HV": 0.6524945102559794}, "18": {"time": 7766.374123096466, "HV": 0.65294287441822}, "19": {"time": 8096.566840171814, "HV": 0.6528865102280912}, "20": {"time": 8477.925752401352, "HV": 0.654772890808131}, "21": {"time": 8920.421050071716, "HV": 0.6548480288602114}, "22": {"time": 9243.876490354538, "HV": 0.6545413042521704}, "23": {"time": 9708.118714571, "HV": 0.6546240736114939}, "24": {"time": 10215.923511266708, "HV": 0.6553274707914873}, "25": {"time": 10658.01750254631, "HV": 0.6578344521903481}}