{"0": {"time": 134.03921222686768, "HV": 0.4917260596462694}, "1": {"time": 365.7933464050293, "HV": 0.5063654789246763}, "2": {"time": 600.1520273685455, "HV": 0.5120957572963037}, "3": {"time": 789.4903502464294, "HV": 0.5228443721278921}, "4": {"time": 958.6066925525665, "HV": 0.5231265128154836}, "5": {"time": 1130.597865819931, "HV": 0.5250308810994011}, "6": {"time": 1312.7552704811096, "HV": 0.5266590993265845}, "7": {"time": 1496.0446646213531, "HV": 0.5299097080998303}, "8": {"time": 1685.797310590744, "HV": 0.530314044393342}, "9": {"time": 1858.648898601532, "HV": 0.5328518649595788}, "10": {"time": 2043.2481741905212, "HV": 0.5336893195074838}, "11": {"time": 2214.8354666233063, "HV": 0.5346021337671403}, "12": {"time": 2400.052195072174, "HV": 0.5355673388055205}, "13": {"time": 2589.17742061615, "HV": 0.5359205681449987}, "14": {"time": 2804.1264753341675, "HV": 0.5371916692744055}, "15": {"time": 3004.5915615558624, "HV": 0.5380653607796092}}