{"0": {"time": 312.717435836792, "HV": 0.566625408568274}, "1": {"time": 905.2192316055298, "HV": 0.5847330054584446}, "2": {"time": 1449.6833243370056, "HV": 0.5903590015140155}, "3": {"time": 2020.8886275291443, "HV": 0.5927634749967567}, "4": {"time": 2628.193873167038, "HV": 0.6011487257553179}, "5": {"time": 3128.5012617111206, "HV": 0.6061318568242332}}