{"0": {"time": 454.31076097488403, "HV": 0.5390647550812656}, "1": {"time": 1266.9258823394775, "HV": 0.5618022376690712}, "2": {"time": 2030.7391195297241, "HV": 0.5721967013151433}, "3": {"time": 2651.2188999652863, "HV": 0.5745684832446518}, "4": {"time": 3320.8128628730774, "HV": 0.5764410823956383}}