{"0": {"time": 269.72361040115356, "HV": 0.5829861560537237}, "1": {"time": 1311.5335264205933, "HV": 0.6001283657006838}, "2": {"time": 2338.4060752391815, "HV": 0.6062776558988794}, "3": {"time": 3176.9719932079315, "HV": 0.6092597416470852}, "4": {"time": 3991.489869594574, "HV": 0.6143404458969742}, "5": {"time": 4760.0492305755615, "HV": 0.6150212178034439}, "6": {"time": 5589.203137636185, "HV": 0.6151819270060521}, "7": {"time": 6333.556064367294, "HV": 0.6166882630158043}, "8": {"time": 7164.2782330513, "HV": 0.6174662524904446}, "9": {"time": 7974.692581176758, "HV": 0.6178416468487484}}