{"0": {"time": 181.24188590049744, "HV": 0.5310199820828816}, "1": {"time": 907.7166757583618, "HV": 0.5687837732229056}, "2": {"time": 1422.8662662506104, "HV": 0.5753774492277883}, "3": {"time": 1741.7457339763641, "HV": 0.5875328702152589}, "4": {"time": 2142.2228713035583, "HV": 0.5899594060450564}, "5": {"time": 2628.2788717746735, "HV": 0.6048208840007717}, "6": {"time": 2988.910303592682, "HV": 0.6059406133835219}, "7": {"time": 3354.054004430771, "HV": 0.6154321543251944}, "8": {"time": 3750.7964243888855, "HV": 0.6173025419822029}, "9": {"time": 4129.055314540863, "HV": 0.6192779499549903}, "10": {"time": 4493.32769036293, "HV": 0.6235083142619231}, "11": {"time": 4878.291430711746, "HV": 0.6237448640482194}, "12": {"time": 5334.754297733307, "HV": 0.625050224485494}, "13": {"time": 6006.526839971542, "HV": 0.6255301493340963}, "14": {"time": 6541.53479218483, "HV": 0.6266385730949303}, "15": {"time": 6993.264634609222, "HV": 0.6265661686332019}, "16": {"time": 7450.261837482452, "HV": 0.6265864776342894}, "17": {"time": 7820.101611614227, "HV": 0.6270242834470084}, "18": {"time": 8297.880625486374, "HV": 0.6280772676439124}, "19": {"time": 8920.269367218018, "HV": 0.6302250434645504}, "20": {"time": 9370.242823123932, "HV": 0.6307864532881367}, "21": {"time": 9801.240053415298, "HV": 0.6310306686998042}, "22": {"time": 10291.326976776123, "HV": 0.6316437373119342}}