{"0": {"time": 270.52572321891785, "HV": 0.5197038240412863}, "1": {"time": 978.6307218074799, "HV": 0.54625529662039}, "2": {"time": 1625.5922453403473, "HV": 0.555052008329123}, "3": {"time": 2262.217645406723, "HV": 0.5570878457434483}, "4": {"time": 2854.4129734039307, "HV": 0.5612954974295388}, "5": {"time": 3520.211751461029, "HV": 0.5616515064940246}, "6": {"time": 4135.374520778656, "HV": 0.5647935219293301}, "7": {"time": 4730.474559307098, "HV": 0.5655410209178828}, "8": {"time": 5364.392097234726, "HV": 0.5671843026299344}, "9": {"time": 5979.954900503159, "HV": 0.5687328917854078}, "10": {"time": 6594.924649238586, "HV": 0.5688223172473459}, "11": {"time": 7167.632083892822, "HV": 0.5706090044484979}}