{"0": {"time": 253.9558675289154, "HV": 0.5325843255963653}, "1": {"time": 861.5000066757202, "HV": 0.5590418561537571}, "2": {"time": 1551.6028816699982, "HV": 0.5650680858861579}, "3": {"time": 2148.871831178665, "HV": 0.5747444935832032}, "4": {"time": 2634.412222623825, "HV": 0.5790602652051742}, "5": {"time": 3149.2328748703003, "HV": 0.5835275877551018}, "6": {"time": 3605.593834400177, "HV": 0.5868344463348178}, "7": {"time": 4096.22918510437, "HV": 0.5891050185439369}, "8": {"time": 4637.949903726578, "HV": 0.591074909294254}, "9": {"time": 5208.917395591736, "HV": 0.5923012733272077}, "10": {"time": 5792.593449354172, "HV": 0.5926982672665544}, "11": {"time": 6372.706848859787, "HV": 0.5937299700093733}, "12": {"time": 6919.777020454407, "HV": 0.5995440840201084}}