{"0": {"time": 398.92296051979065, "HV": 0.30890246659069953}, "1": {"time": 1058.8283252716064, "HV": 0.3249347915618226}, "2": {"time": 1749.4360077381134, "HV": 0.3276648164128193}, "3": {"time": 2384.9780662059784, "HV": 0.3316401541747103}, "4": {"time": 3027.3436114788055, "HV": 0.33825001351804274}}