{"0": {"time": 259.29859948158264, "HV": 0.5157327146414749}, "1": {"time": 1003.0630404949188, "HV": 0.5466825673046263}, "2": {"time": 1796.8887524604797, "HV": 0.5562779077953004}, "3": {"time": 2645.816342353821, "HV": 0.5656736277326433}, "4": {"time": 3585.690547466278, "HV": 0.5737943205924795}, "5": {"time": 4527.283694982529, "HV": 0.5820742114946782}, "6": {"time": 5519.107969999313, "HV": 0.5837345756221219}, "7": {"time": 6089.237075090408, "HV": 0.5841751473785283}, "8": {"time": 6817.950820922852, "HV": 0.5896525180930536}, "9": {"time": 7477.805306196213, "HV": 0.5925618249287479}, "10": {"time": 8139.442808866501, "HV": 0.5934603197956614}, "11": {"time": 8708.57884311676, "HV": 0.5944118245353602}, "12": {"time": 9353.208825349808, "HV": 0.5964567320377374}, "13": {"time": 10039.078202486038, "HV": 0.5980621765011978}}