{"0": {"time": 547.9556531906128, "HV": 0.31360605197592467}, "1": {"time": 2012.0995833873749, "HV": 0.3194917380746032}, "2": {"time": 3531.081093788147, "HV": 0.3231109455809001}, "3": {"time": 4879.444628953934, "HV": 0.33136798155408365}, "4": {"time": 6251.867764949799, "HV": 0.347057967569652}, "5": {"time": 7303.122398614883, "HV": 0.3479513313122968}}