{"0": {"time": 421.19624972343445, "HV": 0.5213589266801577}, "1": {"time": 1786.2985186576843, "HV": 0.577278424005951}, "2": {"time": 3379.5267050266266, "HV": 0.585596516102756}, "3": {"time": 4892.837138414383, "HV": 0.5961572096211613}, "4": {"time": 6058.5376744270325, "HV": 0.6034653082504944}, "5": {"time": 7143.923094511032, "HV": 0.6090583196947251}, "6": {"time": 8229.659018039703, "HV": 0.6114843502252788}}