{"0": {"time": 304.5850124359131, "HV": 0.591830244885}, "1": {"time": 808.9553389549255, "HV": 0.6064301847832512}, "2": {"time": 1300.5485210418701, "HV": 0.6171289751335072}, "3": {"time": 1808.2413012981415, "HV": 0.6280744828512945}, "4": {"time": 2275.080757856369, "HV": 0.6449931499891006}, "5": {"time": 2692.7405116558075, "HV": 0.6469373958766048}, "6": {"time": 3080.8546936511993, "HV": 0.6483057183760537}}