{"0": {"time": 8.100451707839966, "HV": 0.4705789060439586}, "1": {"time": 34.12734532356262, "HV": 0.4949278870804508}, "2": {"time": 56.72717523574829, "HV": 0.5005726329374736}, "3": {"time": 78.37925124168396, "HV": 0.5035071688572601}, "4": {"time": 99.11947774887085, "HV": 0.5077005047024524}, "5": {"time": 120.9997169971466, "HV": 0.508399147217186}, "6": {"time": 151.17994499206543, "HV": 0.5095805938400207}, "7": {"time": 172.40503573417664, "HV": 0.5116936260155153}, "8": {"time": 195.50896787643433, "HV": 0.5151392840894702}, "9": {"time": 216.90252709388733, "HV": 0.5197473802497716}, "10": {"time": 240.4010729789734, "HV": 0.5206776302538036}, "11": {"time": 262.5640730857849, "HV": 0.521156925183277}, "12": {"time": 286.7843770980835, "HV": 0.5213820450704256}, "13": {"time": 306.5944879055023, "HV": 0.5224145460590862}, "14": {"time": 325.99577498435974, "HV": 0.5241161636884657}, "15": {"time": 348.37111234664917, "HV": 0.5242618463466403}, "16": {"time": 371.3420958518982, "HV": 0.5245390814076317}, "17": {"time": 398.8333179950714, "HV": 0.5261701200335885}, "18": {"time": 421.48849081993103, "HV": 0.5267348152531247}, "19": {"time": 446.20914936065674, "HV": 0.526794632055288}, "20": {"time": 469.4693350791931, "HV": 0.5282123214167277}, "21": {"time": 493.14851355552673, "HV": 0.5282760494829538}, "22": {"time": 513.4916424751282, "HV": 0.5305915096396393}, "23": {"time": 538.4043691158295, "HV": 0.5315766670399924}, "24": {"time": 562.1833283901215, "HV": 0.5315860438214645}, "25": {"time": 582.7967998981476, "HV": 0.5316503443392502}, "26": {"time": 605.8445620536804, "HV": 0.5317718054238473}, "27": {"time": 628.4924693107605, "HV": 0.5319515559212195}, "28": {"time": 655.6530230045319, "HV": 0.5320736268378815}, "29": {"time": 678.7954561710358, "HV": 0.5320732840372803}, "30": {"time": 701.1870079040527, "HV": 0.5320755086513627}}