{"0": {"time": 5.670636177062988, "HV": 0.3789786984953496}, "1": {"time": 20.834368467330933, "HV": 0.38769038399323197}, "2": {"time": 43.54495406150818, "HV": 0.40032265905988007}, "3": {"time": 55.38700890541077, "HV": 0.40346531789295315}, "4": {"time": 65.2699544429779, "HV": 0.4047441418197921}, "5": {"time": 76.3184552192688, "HV": 0.41283005270780765}, "6": {"time": 87.81513667106628, "HV": 0.4221261801149142}, "7": {"time": 99.23298382759094, "HV": 0.42373880754796656}, "8": {"time": 110.58238196372986, "HV": 0.42527349923052504}, "9": {"time": 121.62579321861267, "HV": 0.42804258408005175}, "10": {"time": 133.04630303382874, "HV": 0.4292157716566502}, "11": {"time": 143.74104642868042, "HV": 0.42982873491534596}, "12": {"time": 155.66030144691467, "HV": 0.4347427965282837}, "13": {"time": 167.49296188354492, "HV": 0.43526873777360153}, "14": {"time": 179.03437209129333, "HV": 0.4355360753005913}, "15": {"time": 192.36421179771423, "HV": 0.43617708589889814}, "16": {"time": 203.43376803398132, "HV": 0.4366785837827432}, "17": {"time": 214.64089941978455, "HV": 0.43668062623180504}, "18": {"time": 225.22207069396973, "HV": 0.43687611238489993}, "19": {"time": 235.1550509929657, "HV": 0.43687908216070004}, "20": {"time": 244.4070291519165, "HV": 0.4370327406280957}, "21": {"time": 253.51773476600647, "HV": 0.437068552770787}, "22": {"time": 267.32105445861816, "HV": 0.43759914592675875}, "23": {"time": 280.20855593681335, "HV": 0.43760086166095546}, "24": {"time": 291.0472731590271, "HV": 0.43772128492195866}, "25": {"time": 302.34625792503357, "HV": 0.437878785692528}, "26": {"time": 313.1522448062897, "HV": 0.4378888053851571}, "27": {"time": 327.1533772945404, "HV": 0.4379830757930897}, "28": {"time": 339.41292214393616, "HV": 0.4380807357323201}, "29": {"time": 353.8175959587097, "HV": 0.4380999379965823}, "30": {"time": 365.71254110336304, "HV": 0.4380999379965823}}