{"0": {"time": 7.2253735065460205, "HV": 0.5245143958721761}, "1": {"time": 29.30527377128601, "HV": 0.5455590307012134}, "2": {"time": 52.9442777633667, "HV": 0.5487210760955998}, "3": {"time": 73.55704927444458, "HV": 0.5499541629208697}, "4": {"time": 94.58765959739685, "HV": 0.569208882097121}, "5": {"time": 112.01232171058655, "HV": 0.5753891303445152}, "6": {"time": 132.32337760925293, "HV": 0.5761009587904689}, "7": {"time": 149.82901215553284, "HV": 0.5762467792054716}, "8": {"time": 168.66056632995605, "HV": 0.5795942439737897}, "9": {"time": 184.61855006217957, "HV": 0.5814780375429421}, "10": {"time": 203.34926009178162, "HV": 0.5826895233502325}, "11": {"time": 221.295485496521, "HV": 0.5839208362121294}, "12": {"time": 240.9347116947174, "HV": 0.5839693473216396}, "13": {"time": 261.0532560348511, "HV": 0.5850072742520289}, "14": {"time": 283.918940782547, "HV": 0.5851305714704851}, "15": {"time": 302.8445544242859, "HV": 0.5917738006859039}, "16": {"time": 323.6669840812683, "HV": 0.5928916433749915}, "17": {"time": 347.18677043914795, "HV": 0.5931221253804426}, "18": {"time": 367.8209869861603, "HV": 0.5931937088700071}, "19": {"time": 388.03797221183777, "HV": 0.5932983786978995}, "20": {"time": 405.4765875339508, "HV": 0.5933674914177574}, "21": {"time": 427.0302038192749, "HV": 0.5941105845870175}, "22": {"time": 446.46779775619507, "HV": 0.5942752301646876}, "23": {"time": 468.1504487991333, "HV": 0.5944187389329957}, "24": {"time": 488.7985737323761, "HV": 0.5957919534665095}, "25": {"time": 510.73174023628235, "HV": 0.5958246511735437}, "26": {"time": 531.9897615909576, "HV": 0.5959268338460022}, "27": {"time": 552.5552060604095, "HV": 0.5961268829628119}, "28": {"time": 574.4239962100983, "HV": 0.5962550836458786}, "29": {"time": 594.6025674343109, "HV": 0.596261615353613}, "30": {"time": 616.5321047306061, "HV": 0.5963207885793316}, "31": {"time": 638.8357863426208, "HV": 0.5963859479958615}, "32": {"time": 658.9120037555695, "HV": 0.5965669582645817}, "33": {"time": 680.2114684581757, "HV": 0.5966490233578639}, "34": {"time": 702.0031836032867, "HV": 0.5971048125352038}, "35": {"time": 722.5481305122375, "HV": 0.5980344180576019}, "36": {"time": 745.1957588195801, "HV": 0.598129509821117}, "37": {"time": 765.3775172233582, "HV": 0.598135807548391}, "38": {"time": 786.2645213603973, "HV": 0.5982969694416589}, "39": {"time": 805.4175908565521, "HV": 0.5983494212543816}, "40": {"time": 829.196008682251, "HV": 0.5987363163263937}, "41": {"time": 848.6263320446014, "HV": 0.5987401043526598}}