{"0": {"time": 5.658659934997559, "HV": 0.4850455592177846}, "1": {"time": 25.334532022476196, "HV": 0.5013531912627882}, "2": {"time": 43.52036643028259, "HV": 0.5141207677181492}, "3": {"time": 62.05309271812439, "HV": 0.519575247859787}, "4": {"time": 80.13161110877991, "HV": 0.5274614825956643}, "5": {"time": 96.86291646957397, "HV": 0.532778316721638}, "6": {"time": 111.58222579956055, "HV": 0.5448834075141475}, "7": {"time": 126.14057207107544, "HV": 0.5456478534577316}, "8": {"time": 140.41330480575562, "HV": 0.5472049102911833}, "9": {"time": 153.08984351158142, "HV": 0.5520540648406519}, "10": {"time": 167.72527837753296, "HV": 0.5524309788669199}, "11": {"time": 183.83467721939087, "HV": 0.5534218468710077}, "12": {"time": 198.68802762031555, "HV": 0.5539645589808784}, "13": {"time": 213.37904357910156, "HV": 0.5550642631190328}, "14": {"time": 231.25143599510193, "HV": 0.5562652611386028}, "15": {"time": 249.2791383266449, "HV": 0.55661688941175}, "16": {"time": 265.9182343482971, "HV": 0.5589962959254084}, "17": {"time": 283.6863989830017, "HV": 0.5601734131459006}, "18": {"time": 302.81351685523987, "HV": 0.5606838791814218}, "19": {"time": 321.48303604125977, "HV": 0.5624888752710128}, "20": {"time": 338.38599729537964, "HV": 0.5635954370173195}, "21": {"time": 353.5808563232422, "HV": 0.5640740998541354}, "22": {"time": 367.5197186470032, "HV": 0.5644029856847854}, "23": {"time": 383.61929512023926, "HV": 0.5644321298915086}, "24": {"time": 401.2172338962555, "HV": 0.5657894843746224}, "25": {"time": 417.8472807407379, "HV": 0.5658045302091761}, "26": {"time": 436.3288142681122, "HV": 0.5659758714384622}, "27": {"time": 457.42402815818787, "HV": 0.566005003930893}, "28": {"time": 475.5200345516205, "HV": 0.5661200826019982}, "29": {"time": 494.5311086177826, "HV": 0.566175781016879}, "30": {"time": 513.3448779582977, "HV": 0.5662033223089915}, "31": {"time": 536.3249821662903, "HV": 0.5663250847491849}, "32": {"time": 558.6236181259155, "HV": 0.566333886256942}, "33": {"time": 583.1764888763428, "HV": 0.5664589054185682}, "34": {"time": 606.9350697994232, "HV": 0.5671206313652535}, "35": {"time": 628.8311383724213, "HV": 0.5672331503338344}, "36": {"time": 648.8897166252136, "HV": 0.5672741778975587}, "37": {"time": 665.8940267562866, "HV": 0.5675950941885052}, "38": {"time": 685.117696762085, "HV": 0.5676137730631031}, "39": {"time": 704.4715476036072, "HV": 0.5676170602609737}, "40": {"time": 722.2705652713776, "HV": 0.5676254048658448}, "41": {"time": 738.5994606018066, "HV": 0.5679301676778756}, "42": {"time": 753.9926886558533, "HV": 0.56797992526068}}