{"0": {"time": 9.521966934204102, "HV": 0.49167603260467563}, "1": {"time": 41.49874949455261, "HV": 0.51607910523018}, "2": {"time": 76.68311333656311, "HV": 0.5177286805902693}, "3": {"time": 105.33935976028442, "HV": 0.5240358492370286}, "4": {"time": 132.38362884521484, "HV": 0.526156570203584}, "5": {"time": 158.44855856895447, "HV": 0.526556298873873}, "6": {"time": 188.93953824043274, "HV": 0.5278174605103634}, "7": {"time": 216.68340492248535, "HV": 0.5348299239714116}, "8": {"time": 246.62869787216187, "HV": 0.5394304844617478}, "9": {"time": 274.96373105049133, "HV": 0.5398658821886955}, "10": {"time": 305.112370967865, "HV": 0.5403743318408724}, "11": {"time": 332.5739016532898, "HV": 0.5432246373518476}, "12": {"time": 369.53872418403625, "HV": 0.5445170012120061}, "13": {"time": 404.51111936569214, "HV": 0.5480986306421523}, "14": {"time": 436.20427346229553, "HV": 0.5493682224314382}, "15": {"time": 468.811402797699, "HV": 0.5514742206658377}, "16": {"time": 502.4816551208496, "HV": 0.5520867589979621}, "17": {"time": 531.0930187702179, "HV": 0.552128330452434}, "18": {"time": 562.0196750164032, "HV": 0.5522765964219642}, "19": {"time": 591.976048707962, "HV": 0.5543832674778592}, "20": {"time": 620.5389575958252, "HV": 0.5552323697497765}, "21": {"time": 658.59912276268, "HV": 0.5558005023991963}, "22": {"time": 690.2067770957947, "HV": 0.5571613275251702}, "23": {"time": 725.9780976772308, "HV": 0.5581545267465201}, "24": {"time": 758.7526886463165, "HV": 0.558527047037183}, "25": {"time": 796.9933514595032, "HV": 0.5591584589867697}, "26": {"time": 828.6517515182495, "HV": 0.5637211467731548}, "27": {"time": 864.2346312999725, "HV": 0.5667930697662119}, "28": {"time": 898.8003101348877, "HV": 0.5669295525839391}, "29": {"time": 934.5474441051483, "HV": 0.5669370343356296}, "30": {"time": 972.3173570632935, "HV": 0.5673807097240613}, "31": {"time": 1011.6393313407898, "HV": 0.5674575862628505}, "32": {"time": 1043.848064661026, "HV": 0.5674575862628505}, "33": {"time": 1081.2066249847412, "HV": 0.5679262949169345}, "34": {"time": 1118.5246059894562, "HV": 0.5682293200002996}}