{"0": {"time": 27.632014513015747, "HV": 0.31911751390684145}, "1": {"time": 113.7514374256134, "HV": 0.34483617765665825}, "2": {"time": 208.01420664787292, "HV": 0.35054879309531783}, "3": {"time": 291.5987284183502, "HV": 0.3640549969410468}, "4": {"time": 363.6911790370941, "HV": 0.365978808468588}, "5": {"time": 436.44396448135376, "HV": 0.36626729801468605}, "6": {"time": 521.3343231678009, "HV": 0.3665546557448809}, "7": {"time": 605.2665138244629, "HV": 0.36669585985534886}, "8": {"time": 690.1033942699432, "HV": 0.3667775221232402}, "9": {"time": 774.682776927948, "HV": 0.3674288618218159}, "10": {"time": 864.6972002983093, "HV": 0.3677666762446595}, "11": {"time": 954.0476450920105, "HV": 0.367820977717422}, "12": {"time": 1036.1408083438873, "HV": 0.36844536579050824}}