{"0": {"time": 6.127450942993164, "HV": 0.5378831882440531}, "1": {"time": 22.791101932525635, "HV": 0.5545615107436632}, "2": {"time": 42.75678896903992, "HV": 0.5594610816899861}, "3": {"time": 59.72720694541931, "HV": 0.5678602266159636}, "4": {"time": 76.83666634559631, "HV": 0.573449666988828}, "5": {"time": 93.25129389762878, "HV": 0.5748327086592848}, "6": {"time": 112.36662483215332, "HV": 0.5769937593903589}, "7": {"time": 131.3155915737152, "HV": 0.5787440140717018}, "8": {"time": 149.43924236297607, "HV": 0.5832198977425321}, "9": {"time": 168.44200325012207, "HV": 0.5860763037447742}, "10": {"time": 184.6102237701416, "HV": 0.5870484808643223}, "11": {"time": 200.78353548049927, "HV": 0.5875093384156307}, "12": {"time": 215.8969485759735, "HV": 0.5890710398528525}, "13": {"time": 230.4749035835266, "HV": 0.5894552980836147}, "14": {"time": 247.67837858200073, "HV": 0.5911816277685799}, "15": {"time": 266.6969163417816, "HV": 0.5922510471673003}, "16": {"time": 284.8119640350342, "HV": 0.5927031437051513}, "17": {"time": 304.31652426719666, "HV": 0.5929099452908481}, "18": {"time": 323.47087955474854, "HV": 0.593043230556234}, "19": {"time": 346.06270265579224, "HV": 0.5933784397861922}, "20": {"time": 363.8619863986969, "HV": 0.5933895039434286}, "21": {"time": 383.3456115722656, "HV": 0.593487206387058}, "22": {"time": 403.2318015098572, "HV": 0.5938638752720475}, "23": {"time": 423.57257866859436, "HV": 0.5945446064191442}, "24": {"time": 444.4975724220276, "HV": 0.5948241170853855}, "25": {"time": 465.044118642807, "HV": 0.5948241170853855}, "26": {"time": 487.2326295375824, "HV": 0.5950952620918011}, "27": {"time": 506.95522928237915, "HV": 0.5951003330554442}, "28": {"time": 527.1378471851349, "HV": 0.5954646869508682}, "29": {"time": 546.5487537384033, "HV": 0.5962493666122396}, "30": {"time": 570.1404223442078, "HV": 0.5964113353528248}}