{"0": {"time": 4.519198417663574, "HV": 0.5287110750938211}, "1": {"time": 15.227197408676147, "HV": 0.5433744771006739}, "2": {"time": 24.35539174079895, "HV": 0.5499612557178565}, "3": {"time": 33.899271726608276, "HV": 0.5536219288464546}, "4": {"time": 41.68060231208801, "HV": 0.5545292163171744}, "5": {"time": 49.893264293670654, "HV": 0.5569251059963651}, "6": {"time": 57.045397996902466, "HV": 0.5583088062784758}, "7": {"time": 63.8325035572052, "HV": 0.5602173108238929}, "8": {"time": 70.30479383468628, "HV": 0.5651992549080438}, "9": {"time": 78.17381405830383, "HV": 0.5652612466532887}, "10": {"time": 86.59383010864258, "HV": 0.5652229459261691}, "11": {"time": 94.64936065673828, "HV": 0.5694590215487528}, "12": {"time": 103.32606267929077, "HV": 0.5694112556118924}, "13": {"time": 111.94633841514587, "HV": 0.5697223323221561}, "14": {"time": 120.13347220420837, "HV": 0.5705147032833031}, "15": {"time": 128.67402172088623, "HV": 0.5722232780043846}, "16": {"time": 137.17713284492493, "HV": 0.5721040041310739}, "17": {"time": 146.29211044311523, "HV": 0.5733037151878102}, "18": {"time": 155.6209704875946, "HV": 0.5745228859171831}, "19": {"time": 164.3816635608673, "HV": 0.5750759751673473}, "20": {"time": 175.36237406730652, "HV": 0.5758080194974314}, "21": {"time": 184.18105745315552, "HV": 0.5758863693452535}, "22": {"time": 193.99892807006836, "HV": 0.5758677061620687}, "23": {"time": 202.5320520401001, "HV": 0.5762099684979802}, "24": {"time": 210.74944877624512, "HV": 0.5760528972951694}, "25": {"time": 218.95956802368164, "HV": 0.5763717659535403}, "26": {"time": 227.34364938735962, "HV": 0.5767607659579652}, "27": {"time": 236.02026391029358, "HV": 0.5773408394390858}, "28": {"time": 244.7525236606598, "HV": 0.5774801445689255}, "29": {"time": 252.2973392009735, "HV": 0.5775291325695346}, "30": {"time": 260.7546145915985, "HV": 0.5776903977991732}, "31": {"time": 267.58780241012573, "HV": 0.5775591225571204}, "32": {"time": 274.55237674713135, "HV": 0.5776174277514238}, "33": {"time": 282.6703734397888, "HV": 0.5782512352197753}, "34": {"time": 291.19406819343567, "HV": 0.5793334455881402}, "35": {"time": 300.0159442424774, "HV": 0.5795430979471412}, "36": {"time": 309.06039595603943, "HV": 0.5793821858046995}, "37": {"time": 317.8563325405121, "HV": 0.5796165363162307}, "38": {"time": 326.32311391830444, "HV": 0.580070637831168}, "39": {"time": 334.3665270805359, "HV": 0.5802973874253086}, "40": {"time": 342.4555013179779, "HV": 0.5805406939695745}, "41": {"time": 350.55548644065857, "HV": 0.5805606622822568}, "42": {"time": 359.4127073287964, "HV": 0.5805089341726432}, "43": {"time": 369.0237669944763, "HV": 0.580455595323822}, "44": {"time": 378.16730976104736, "HV": 0.5802905916949689}, "45": {"time": 387.2134475708008, "HV": 0.5817460220770614}, "46": {"time": 396.5608308315277, "HV": 0.5821678026775801}, "47": {"time": 405.69383120536804, "HV": 0.5817815744835058}, "48": {"time": 415.1245913505554, "HV": 0.5822021915295977}, "49": {"time": 425.4794976711273, "HV": 0.5827073183180712}, "50": {"time": 435.08671617507935, "HV": 0.5828631787197472}, "51": {"time": 443.95193696022034, "HV": 0.5826899631630318}, "52": {"time": 452.39246678352356, "HV": 0.5827455704398927}, "53": {"time": 461.69736337661743, "HV": 0.5829078555597009}, "54": {"time": 471.8180191516876, "HV": 0.5823406315136775}, "55": {"time": 481.03289222717285, "HV": 0.5834978378390291}, "56": {"time": 490.49384236335754, "HV": 0.5841065980140254}, "57": {"time": 499.15558910369873, "HV": 0.5844813252164724}, "58": {"time": 508.94455432891846, "HV": 0.5848368708193673}, "59": {"time": 517.9070184230804, "HV": 0.5848467293695204}, "60": {"time": 525.922027349472, "HV": 0.5848467293695204}, "61": {"time": 534.9040486812592, "HV": 0.584793409226127}, "62": {"time": 544.0090572834015, "HV": 0.5848184341362916}, "63": {"time": 552.02916264534, "HV": 0.5847730599634448}, "64": {"time": 559.6405882835388, "HV": 0.5847730599634448}, "65": {"time": 566.8912620544434, "HV": 0.5847730599634448}, "66": {"time": 574.9604997634888, "HV": 0.5847832634082855}, "67": {"time": 583.9811391830444, "HV": 0.5848827029230858}, "68": {"time": 592.1438384056091, "HV": 0.5848142169230434}, "69": {"time": 600.4825367927551, "HV": 0.5851317681226786}, "70": {"time": 609.1891288757324, "HV": 0.5855679537990895}, "71": {"time": 616.176983833313, "HV": 0.5876628525670261}, "72": {"time": 623.9784772396088, "HV": 0.5877958982203014}, "73": {"time": 631.4768545627594, "HV": 0.5876669895172435}, "74": {"time": 639.8193359375, "HV": 0.5879644517913996}, "75": {"time": 645.5032744407654, "HV": 0.5877166105178935}, "76": {"time": 652.3429460525513, "HV": 0.5877572047855268}, "77": {"time": 660.5218544006348, "HV": 0.5877572047855268}, "78": {"time": 668.6114194393158, "HV": 0.5877586970353341}, "79": {"time": 676.4377636909485, "HV": 0.5881401351518893}, "80": {"time": 683.8391613960266, "HV": 0.5882779920971779}, "81": {"time": 689.8112232685089, "HV": 0.5942646614425946}, "82": {"time": 697.1932668685913, "HV": 0.5943173766978731}, "83": {"time": 704.0338475704193, "HV": 0.5943173766978731}, "84": {"time": 711.3115191459656, "HV": 0.5943556970708843}, "85": {"time": 720.103221654892, "HV": 0.5943556970708843}, "86": {"time": 727.0350952148438, "HV": 0.5943666597916308}, "87": {"time": 734.836020231247, "HV": 0.5944585124785222}, "88": {"time": 743.1860611438751, "HV": 0.59428947864358}, "89": {"time": 751.1075055599213, "HV": 0.5944456184704683}, "90": {"time": 758.1575105190277, "HV": 0.5944049049391222}, "91": {"time": 765.8680667877197, "HV": 0.5944553460610109}, "92": {"time": 774.8751804828644, "HV": 0.5974438753282147}, "93": {"time": 783.8421001434326, "HV": 0.5974438753282147}, "94": {"time": 792.5130693912506, "HV": 0.5973667447584681}, "95": {"time": 799.4958000183105, "HV": 0.5973468631736043}, "96": {"time": 807.881749868393, "HV": 0.5972676554499365}, "97": {"time": 815.0430965423584, "HV": 0.5972240744372035}, "98": {"time": 824.0257985591888, "HV": 0.5972587412090378}, "99": {"time": 830.9082224369049, "HV": 0.5972460494261653}, "100": {"time": 837.7295043468475, "HV": 0.5974610359286072}, "101": {"time": 845.7331740856171, "HV": 0.5973348675019818}, "102": {"time": 854.8338239192963, "HV": 0.5972635384298439}, "103": {"time": 862.7770044803619, "HV": 0.5973082365150542}, "104": {"time": 870.643424987793, "HV": 0.5973367157119478}, "105": {"time": 878.5816857814789, "HV": 0.5970224376657167}, "106": {"time": 887.1532509326935, "HV": 0.5971907804002918}, "107": {"time": 896.0649707317352, "HV": 0.5972129497423124}, "108": {"time": 905.1711089611053, "HV": 0.597326837313884}}