{"0": {"time": 28.31626558303833, "HV": 0.30786182089931047}, "1": {"time": 134.14003229141235, "HV": 0.3151812291705581}, "2": {"time": 240.99256920814514, "HV": 0.31814917707874013}, "3": {"time": 358.39907455444336, "HV": 0.3455125707989368}, "4": {"time": 473.4227557182312, "HV": 0.34600289341091184}, "5": {"time": 588.9356822967529, "HV": 0.34787723375926854}, "6": {"time": 712.9798839092255, "HV": 0.3624349960364862}, "7": {"time": 838.0375874042511, "HV": 0.3624599852376459}, "8": {"time": 954.023656129837, "HV": 0.36249741751184394}, "9": {"time": 1062.5449995994568, "HV": 0.3628554049570307}, "10": {"time": 1159.0196621418, "HV": 0.36340807044946205}, "11": {"time": 1241.016300201416, "HV": 0.36413065225061736}, "12": {"time": 1329.2273545265198, "HV": 0.3644631214390297}, "13": {"time": 1434.8082389831543, "HV": 0.3645374735872906}, "14": {"time": 1532.959193944931, "HV": 0.36455736962998025}, "15": {"time": 1634.2405364513397, "HV": 0.36618372557309115}, "16": {"time": 1732.7217350006104, "HV": 0.36646034771475666}, "17": {"time": 1844.2003588676453, "HV": 0.3665523962000364}, "18": {"time": 1945.6237254142761, "HV": 0.3665717307088835}, "19": {"time": 2052.334778547287, "HV": 0.3666061754652218}}