{"0": {"time": 11.14046573638916, "HV": 0.272578670480409}, "1": {"time": 48.933281898498535, "HV": 0.27569331913161277}, "2": {"time": 88.24936366081238, "HV": 0.2774433331047886}, "3": {"time": 118.69245719909668, "HV": 0.2809324169173757}, "4": {"time": 151.6535542011261, "HV": 0.2837100070023383}, "5": {"time": 181.62184190750122, "HV": 0.2851111461841713}, "6": {"time": 213.58521604537964, "HV": 0.28548642944747704}, "7": {"time": 247.59354186058044, "HV": 0.28755767460379783}, "8": {"time": 274.93854212760925, "HV": 0.2875839710802457}, "9": {"time": 304.0297293663025, "HV": 0.28779854372397795}, "10": {"time": 339.0682351589203, "HV": 0.2878368814882108}, "11": {"time": 367.5231339931488, "HV": 0.2878634290430031}, "12": {"time": 393.52255034446716, "HV": 0.28827825933511714}, "13": {"time": 423.8668839931488, "HV": 0.2884376290851345}, "14": {"time": 454.99555110931396, "HV": 0.2889909939537928}, "15": {"time": 482.39730620384216, "HV": 0.2907158208691544}, "16": {"time": 507.1426136493683, "HV": 0.29078129653499935}, "17": {"time": 537.8395490646362, "HV": 0.2909583283138157}, "18": {"time": 567.7224397659302, "HV": 0.29099502949728784}, "19": {"time": 590.1768879890442, "HV": 0.2911147827742095}, "20": {"time": 614.8332812786102, "HV": 0.2912018027887528}, "21": {"time": 635.3475501537323, "HV": 0.2912018027887528}, "22": {"time": 662.0700836181641, "HV": 0.2915057846189266}, "23": {"time": 692.4162447452545, "HV": 0.29170203971183195}, "24": {"time": 721.1750483512878, "HV": 0.2918170818538649}, "25": {"time": 745.9398276805878, "HV": 0.2918940180121184}, "26": {"time": 771.6949052810669, "HV": 0.2925725503566389}, "27": {"time": 796.6129658222198, "HV": 0.2925725503566389}, "28": {"time": 821.188145160675, "HV": 0.29259354723342346}, "29": {"time": 847.5822944641113, "HV": 0.2926234707580076}, "30": {"time": 874.2796161174774, "HV": 0.2926258244210193}}