{"0": {"time": 5.536218166351318, "HV": 0.38853501607808655}, "1": {"time": 15.2025728225708, "HV": 0.4531741447830402}, "2": {"time": 26.4515163898468, "HV": 0.4707547761270662}, "3": {"time": 35.89460802078247, "HV": 0.47784364050093764}, "4": {"time": 44.5686411857605, "HV": 0.48145197223549563}, "5": {"time": 53.78409767150879, "HV": 0.4838644640150992}, "6": {"time": 61.37372303009033, "HV": 0.49892766855554116}, "7": {"time": 70.5046865940094, "HV": 0.49943181686483595}, "8": {"time": 78.86428809165955, "HV": 0.5080045190075971}, "9": {"time": 87.33600735664368, "HV": 0.5102603897898189}, "10": {"time": 96.0047538280487, "HV": 0.5109268490075406}, "11": {"time": 106.06123948097229, "HV": 0.5109965443726757}, "12": {"time": 114.91136813163757, "HV": 0.5134669841729341}, "13": {"time": 124.34479761123657, "HV": 0.513829040852863}, "14": {"time": 132.18137168884277, "HV": 0.5142030425445727}, "15": {"time": 141.4627547264099, "HV": 0.5141626607399052}, "16": {"time": 151.22344636917114, "HV": 0.51445739334698}, "17": {"time": 163.63276886940002, "HV": 0.5151969289409859}, "18": {"time": 171.69093871116638, "HV": 0.5153105117913872}, "19": {"time": 181.240336894989, "HV": 0.5156566718061606}, "20": {"time": 189.7076108455658, "HV": 0.515651482101617}, "21": {"time": 198.85422444343567, "HV": 0.5168981949852716}, "22": {"time": 205.82825708389282, "HV": 0.5178317182330412}, "23": {"time": 215.3313329219818, "HV": 0.5179803238307675}, "24": {"time": 225.49905800819397, "HV": 0.5179717448261594}, "25": {"time": 237.29618048667908, "HV": 0.5185753612245871}, "26": {"time": 250.13108611106873, "HV": 0.5190055447437668}, "27": {"time": 262.49874091148376, "HV": 0.5188900480646045}, "28": {"time": 274.7144329547882, "HV": 0.5194804880886544}, "29": {"time": 288.92967224121094, "HV": 0.5191775308778445}, "30": {"time": 301.64849281311035, "HV": 0.5189024748330654}, "31": {"time": 312.3580906391144, "HV": 0.5254428975189882}, "32": {"time": 322.66386127471924, "HV": 0.5260470921105936}, "33": {"time": 333.2801070213318, "HV": 0.5266063771671217}, "34": {"time": 343.4895508289337, "HV": 0.526967309337235}, "35": {"time": 354.58028292655945, "HV": 0.5272736342870504}, "36": {"time": 365.0043923854828, "HV": 0.5273346195305643}, "37": {"time": 375.35223507881165, "HV": 0.5273621916788738}, "38": {"time": 387.92680168151855, "HV": 0.5275627150497553}, "39": {"time": 397.308456659317, "HV": 0.5280200144129098}, "40": {"time": 408.2901954650879, "HV": 0.5272927167820026}, "41": {"time": 419.55186438560486, "HV": 0.5284886365641382}, "42": {"time": 428.794549703598, "HV": 0.5290011875820595}, "43": {"time": 439.1929497718811, "HV": 0.5292355613802864}, "44": {"time": 449.4147300720215, "HV": 0.5293275187649443}, "45": {"time": 459.9005460739136, "HV": 0.5291691452334438}, "46": {"time": 471.1011598110199, "HV": 0.529684857496357}, "47": {"time": 481.52869749069214, "HV": 0.5297436748065071}, "48": {"time": 491.52541971206665, "HV": 0.5308431366394748}, "49": {"time": 501.83636355400085, "HV": 0.5308431366394748}, "50": {"time": 512.6758799552917, "HV": 0.5309928289843693}, "51": {"time": 522.2771294116974, "HV": 0.5309928289843693}, "52": {"time": 532.4202001094818, "HV": 0.5308221545725763}, "53": {"time": 541.3319730758667, "HV": 0.5308215258195661}, "54": {"time": 553.3695678710938, "HV": 0.5320481613972962}, "55": {"time": 563.0544562339783, "HV": 0.5321176571387102}, "56": {"time": 574.5202188491821, "HV": 0.5320821318954542}, "57": {"time": 585.6322951316833, "HV": 0.5321012560061787}, "58": {"time": 596.5442712306976, "HV": 0.5318924506338185}, "59": {"time": 607.5236098766327, "HV": 0.5318970656938525}, "60": {"time": 618.1995737552643, "HV": 0.5322038666761167}, "61": {"time": 629.8974740505219, "HV": 0.53279335734002}, "62": {"time": 641.8059089183807, "HV": 0.5337615284090783}, "63": {"time": 652.9434380531311, "HV": 0.5341194639410619}, "64": {"time": 665.2263779640198, "HV": 0.5352223749301437}, "65": {"time": 676.2799146175385, "HV": 0.5359421431889447}, "66": {"time": 687.0220718383789, "HV": 0.5370207390662255}, "67": {"time": 697.7208998203278, "HV": 0.5373612481883564}, "68": {"time": 707.6391162872314, "HV": 0.5373787442523601}, "69": {"time": 718.9730017185211, "HV": 0.5374126512419084}, "70": {"time": 728.4590122699738, "HV": 0.537464814058505}, "71": {"time": 739.615996837616, "HV": 0.5374289337334609}, "72": {"time": 750.5060420036316, "HV": 0.5375868126575811}, "73": {"time": 760.5494027137756, "HV": 0.5394008036841653}, "74": {"time": 772.3158917427063, "HV": 0.5393724442650341}, "75": {"time": 783.4255931377411, "HV": 0.5394308334352491}, "76": {"time": 794.5839428901672, "HV": 0.5409085535000369}, "77": {"time": 805.7917268276215, "HV": 0.5411941791635797}, "78": {"time": 816.2192740440369, "HV": 0.5409079028473305}, "79": {"time": 827.0664348602295, "HV": 0.540909301936182}, "80": {"time": 838.9671576023102, "HV": 0.5406887101698528}, "81": {"time": 850.1587650775909, "HV": 0.5407902216770933}, "82": {"time": 861.7186849117279, "HV": 0.542583782135952}, "83": {"time": 872.2223377227783, "HV": 0.5428731870518251}, "84": {"time": 882.6728143692017, "HV": 0.5429940025057409}, "85": {"time": 894.4539942741394, "HV": 0.5429940025057409}, "86": {"time": 905.459397315979, "HV": 0.5432132002404223}}