{"0": {"time": 11.15542221069336, "HV": 0.26489597874439175}, "1": {"time": 45.18491053581238, "HV": 0.2752137746133448}, "2": {"time": 84.7212610244751, "HV": 0.28273025384551137}, "3": {"time": 118.4560112953186, "HV": 0.2854630117694315}, "4": {"time": 151.76710152626038, "HV": 0.28546769988960646}, "5": {"time": 185.35750818252563, "HV": 0.28900003725127005}, "6": {"time": 221.05204153060913, "HV": 0.2905099988688045}, "7": {"time": 249.71326994895935, "HV": 0.290553727673869}, "8": {"time": 272.3827657699585, "HV": 0.2915968426569413}, "9": {"time": 295.1535859107971, "HV": 0.2931701474002056}, "10": {"time": 322.2826278209686, "HV": 0.29472732931044887}, "11": {"time": 347.74153995513916, "HV": 0.29480031807053353}, "12": {"time": 374.86009883880615, "HV": 0.29480031807053353}, "13": {"time": 400.3243741989136, "HV": 0.29480547136822727}, "14": {"time": 428.229035615921, "HV": 0.29488103155129186}, "15": {"time": 453.00528168678284, "HV": 0.29488309428219217}, "16": {"time": 480.26582312583923, "HV": 0.29508641465402446}, "17": {"time": 505.61344623565674, "HV": 0.29515190154115445}, "18": {"time": 533.8897507190704, "HV": 0.29544585144531627}, "19": {"time": 561.1299290657043, "HV": 0.2956691643778183}, "20": {"time": 589.6763687133789, "HV": 0.2957046811988264}, "21": {"time": 616.586195230484, "HV": 0.29595111839053206}, "22": {"time": 648.212911605835, "HV": 0.2959746073818371}, "23": {"time": 672.1281533241272, "HV": 0.2959746073818371}, "24": {"time": 695.3938324451447, "HV": 0.2959746073818371}, "25": {"time": 716.0875453948975, "HV": 0.2959823018482674}, "26": {"time": 741.0708932876587, "HV": 0.2960845704243376}}