{"0": {"time": 6.7663774490356445, "HV": 0.5361573758192597}, "1": {"time": 32.62465143203735, "HV": 0.5597292187391953}, "2": {"time": 58.271952390670776, "HV": 0.5651795194099176}, "3": {"time": 81.25734043121338, "HV": 0.5704228986499851}, "4": {"time": 104.65216636657715, "HV": 0.5711009858371319}, "5": {"time": 126.04311084747314, "HV": 0.5738093787476533}, "6": {"time": 145.68997621536255, "HV": 0.5751606994790676}, "7": {"time": 164.633868932724, "HV": 0.5774819956350389}, "8": {"time": 186.8070273399353, "HV": 0.579581789689909}, "9": {"time": 205.65244841575623, "HV": 0.5817353141650913}, "10": {"time": 226.60844254493713, "HV": 0.5822791009946611}, "11": {"time": 243.34854555130005, "HV": 0.5828396527450977}, "12": {"time": 262.9590666294098, "HV": 0.583133766553215}, "13": {"time": 279.5520181655884, "HV": 0.5837335179057747}, "14": {"time": 296.2029483318329, "HV": 0.5858995099331072}, "15": {"time": 316.3101043701172, "HV": 0.5872200394265954}, "16": {"time": 336.6298849582672, "HV": 0.5892599011325751}, "17": {"time": 357.78677010536194, "HV": 0.5901511975722802}, "18": {"time": 382.18541145324707, "HV": 0.5908327011468237}, "19": {"time": 406.52026176452637, "HV": 0.5909630277712442}, "20": {"time": 433.51579308509827, "HV": 0.5916013148363282}, "21": {"time": 454.68154191970825, "HV": 0.5924237553398228}, "22": {"time": 475.7411262989044, "HV": 0.5926132066012004}, "23": {"time": 495.37715673446655, "HV": 0.5929397430478012}, "24": {"time": 518.5684049129486, "HV": 0.5935077982948873}, "25": {"time": 539.0181810855865, "HV": 0.5938983096011395}, "26": {"time": 561.4924736022949, "HV": 0.5946512719686795}, "27": {"time": 583.2573027610779, "HV": 0.5947114813778241}, "28": {"time": 607.3367938995361, "HV": 0.5947491013684031}, "29": {"time": 631.022812128067, "HV": 0.5947887149760152}, "30": {"time": 653.040266752243, "HV": 0.5948689629532565}}