{"0": {"time": 2.9880313873291016, "HV": 0.41010324492574746}, "1": {"time": 13.644574880599976, "HV": 0.45454279242820045}, "2": {"time": 23.438212156295776, "HV": 0.45751616273207574}, "3": {"time": 32.85011696815491, "HV": 0.4644382344284574}, "4": {"time": 41.37622690200806, "HV": 0.4649230122061165}, "5": {"time": 50.72584128379822, "HV": 0.4655514742519502}, "6": {"time": 59.36161255836487, "HV": 0.4661692367932576}, "7": {"time": 70.31724619865417, "HV": 0.4670356796348695}, "8": {"time": 79.41440057754517, "HV": 0.46725530484010547}, "9": {"time": 88.32893395423889, "HV": 0.4689241444459653}, "10": {"time": 98.16329073905945, "HV": 0.4700665444256204}, "11": {"time": 106.26426982879639, "HV": 0.471486438977877}, "12": {"time": 115.15740704536438, "HV": 0.4716862184610355}, "13": {"time": 124.86128520965576, "HV": 0.4725427000799578}, "14": {"time": 134.32743573188782, "HV": 0.4730417379404609}, "15": {"time": 143.21881556510925, "HV": 0.4736259833432354}, "16": {"time": 152.2471890449524, "HV": 0.47364652743557206}, "17": {"time": 161.6296443939209, "HV": 0.47374785815591924}, "18": {"time": 170.3442234992981, "HV": 0.47469130874001236}, "19": {"time": 179.68005847930908, "HV": 0.4747051762533024}, "20": {"time": 188.221617937088, "HV": 0.47471446784277926}, "21": {"time": 196.84007596969604, "HV": 0.47489173786794026}, "22": {"time": 205.63057780265808, "HV": 0.4749748570790129}, "23": {"time": 216.44622159004211, "HV": 0.474990854498859}, "24": {"time": 226.69305682182312, "HV": 0.474990854498859}, "25": {"time": 236.80642008781433, "HV": 0.4749887307387232}, "26": {"time": 245.46026635169983, "HV": 0.4749909112586639}, "27": {"time": 255.27234053611755, "HV": 0.47499306624102633}, "28": {"time": 265.65851950645447, "HV": 0.47544343846611103}, "29": {"time": 274.5480537414551, "HV": 0.4761086346343079}, "30": {"time": 284.16210746765137, "HV": 0.47712363524254564}}