{"0": {"time": 6.78099799156189, "HV": 0.2597250673475654}, "1": {"time": 23.956060886383057, "HV": 0.2662774162388717}, "2": {"time": 40.15615725517273, "HV": 0.2740494143921147}, "3": {"time": 51.37202525138855, "HV": 0.2755446323539785}, "4": {"time": 63.137075424194336, "HV": 0.2788158939499163}, "5": {"time": 75.26404571533203, "HV": 0.28208611793145216}, "6": {"time": 86.16124892234802, "HV": 0.28209327793673417}, "7": {"time": 95.88816905021667, "HV": 0.2836980144986029}, "8": {"time": 105.37323951721191, "HV": 0.28372917437403533}, "9": {"time": 115.4556474685669, "HV": 0.283815338251996}, "10": {"time": 125.42495942115784, "HV": 0.2839340581783473}, "11": {"time": 135.39611268043518, "HV": 0.28396642583121695}, "12": {"time": 145.23721599578857, "HV": 0.2844960216301895}, "13": {"time": 155.7657618522644, "HV": 0.2848281757025565}, "14": {"time": 166.32263278961182, "HV": 0.2848281757025565}, "15": {"time": 176.0554473400116, "HV": 0.28487360321737754}, "16": {"time": 186.30966305732727, "HV": 0.285105138617047}, "17": {"time": 197.32542204856873, "HV": 0.28528164812803136}, "18": {"time": 207.5189037322998, "HV": 0.2869760852190366}, "19": {"time": 216.10414481163025, "HV": 0.28697696325237004}, "20": {"time": 225.7539782524109, "HV": 0.28712407415570196}, "21": {"time": 235.26750421524048, "HV": 0.28712407415570196}, "22": {"time": 244.9370036125183, "HV": 0.28712407415570196}, "23": {"time": 255.73257160186768, "HV": 0.2878232555968008}, "24": {"time": 266.2965314388275, "HV": 0.2878232555968008}, "25": {"time": 274.7910838127136, "HV": 0.28830942272486687}, "26": {"time": 283.7945775985718, "HV": 0.28830942272486687}, "27": {"time": 292.78203082084656, "HV": 0.28830942272486687}, "28": {"time": 301.94575715065, "HV": 0.28830942272486687}, "29": {"time": 311.03145003318787, "HV": 0.28839871135940426}, "30": {"time": 320.23858737945557, "HV": 0.28839871135940426}, "31": {"time": 332.3745741844177, "HV": 0.2884616546631822}, "32": {"time": 343.2891170978546, "HV": 0.2884616546631822}, "33": {"time": 354.09998512268066, "HV": 0.2885670617369432}, "34": {"time": 364.952823638916, "HV": 0.2888146568323787}, "35": {"time": 376.4861304759979, "HV": 0.28897393774431257}, "36": {"time": 386.8610420227051, "HV": 0.2892842008658611}, "37": {"time": 398.3403272628784, "HV": 0.2893730008087869}, "38": {"time": 408.28819704055786, "HV": 0.28963393761095635}, "39": {"time": 417.95146203041077, "HV": 0.28963393761095635}, "40": {"time": 427.56085777282715, "HV": 0.2897677928627827}, "41": {"time": 437.7436544895172, "HV": 0.2897737436212327}, "42": {"time": 448.5842969417572, "HV": 0.2897737436212327}, "43": {"time": 458.55612874031067, "HV": 0.2897769643709887}, "44": {"time": 468.14926195144653, "HV": 0.2897769643709887}, "45": {"time": 481.86372685432434, "HV": 0.2898572112061323}, "46": {"time": 493.28862953186035, "HV": 0.2899161232755184}, "47": {"time": 504.369588136673, "HV": 0.2899161232755184}, "48": {"time": 514.2703104019165, "HV": 0.2899161232755184}, "49": {"time": 524.4736902713776, "HV": 0.2899161232755184}, "50": {"time": 534.1512341499329, "HV": 0.2899161232755184}, "51": {"time": 543.7224609851837, "HV": 0.28995526043359315}, "52": {"time": 553.0081341266632, "HV": 0.28995526043359315}, "53": {"time": 565.0059869289398, "HV": 0.28995526043359315}, "54": {"time": 574.71639585495, "HV": 0.2905421908723341}, "55": {"time": 584.554187297821, "HV": 0.2905421908723341}, "56": {"time": 595.9722871780396, "HV": 0.2905421908723341}, "57": {"time": 606.5066518783569, "HV": 0.2905421908723341}, "58": {"time": 619.3061764240265, "HV": 0.2905421908723341}, "59": {"time": 631.7605323791504, "HV": 0.29056092225905306}, "60": {"time": 645.6840884685516, "HV": 0.29056092225905306}, "61": {"time": 656.9278502464294, "HV": 0.29056537629524476}, "62": {"time": 667.650054693222, "HV": 0.29056537629524476}, "63": {"time": 680.5198600292206, "HV": 0.29057072554064456}, "64": {"time": 692.8305630683899, "HV": 0.29057072554064456}, "65": {"time": 705.0096983909607, "HV": 0.29057072554064456}, "66": {"time": 717.1102826595306, "HV": 0.29057072554064456}, "67": {"time": 729.0489358901978, "HV": 0.2905949426820056}, "68": {"time": 740.1836788654327, "HV": 0.29062007351426833}, "69": {"time": 752.2615416049957, "HV": 0.29062007351426833}, "70": {"time": 763.6582772731781, "HV": 0.2906915102373882}, "71": {"time": 776.334840297699, "HV": 0.29078115069806243}, "72": {"time": 788.845014333725, "HV": 0.29078115069806243}, "73": {"time": 800.2260096073151, "HV": 0.29078115069806243}, "74": {"time": 811.1263682842255, "HV": 0.29078115069806243}, "75": {"time": 823.6685998439789, "HV": 0.290781934164827}, "76": {"time": 836.4131066799164, "HV": 0.29105410765164097}, "77": {"time": 846.1364908218384, "HV": 0.29105410765164097}, "78": {"time": 856.7749907970428, "HV": 0.29105410765164097}, "79": {"time": 869.5727114677429, "HV": 0.29114423172147313}, "80": {"time": 881.5832672119141, "HV": 0.29114423172147313}, "81": {"time": 893.0550637245178, "HV": 0.29114953154495893}, "82": {"time": 903.7915992736816, "HV": 0.29114953154495893}}