{"0": {"time": 8.862887620925903, "HV": 0.4573987198814948}, "1": {"time": 36.6283073425293, "HV": 0.49763077891502916}, "2": {"time": 70.5701687335968, "HV": 0.5051456004754735}, "3": {"time": 105.79994893074036, "HV": 0.5155813933774862}, "4": {"time": 123.07824945449829, "HV": 0.5228536537705276}, "5": {"time": 139.102858543396, "HV": 0.5253148829985972}, "6": {"time": 157.16315627098083, "HV": 0.5277776696433961}, "7": {"time": 174.5925350189209, "HV": 0.5289384906461452}, "8": {"time": 195.22172808647156, "HV": 0.5297307327519598}, "9": {"time": 218.2402801513672, "HV": 0.5314235398360945}, "10": {"time": 237.19394636154175, "HV": 0.5339234930118016}, "11": {"time": 253.21726632118225, "HV": 0.5344022936259367}, "12": {"time": 271.65104842185974, "HV": 0.534734048214606}, "13": {"time": 289.68754148483276, "HV": 0.534810875943204}, "14": {"time": 307.93290185928345, "HV": 0.5350725599037088}, "15": {"time": 326.1669933795929, "HV": 0.535871556383096}, "16": {"time": 343.4463827610016, "HV": 0.5359253196058215}, "17": {"time": 362.4519271850586, "HV": 0.5359495474099978}, "18": {"time": 382.6478576660156, "HV": 0.5361496046570957}, "19": {"time": 399.8653793334961, "HV": 0.5361379800824428}, "20": {"time": 418.6043176651001, "HV": 0.5366158987396041}, "21": {"time": 438.4573531150818, "HV": 0.5369305896257425}, "22": {"time": 459.63115215301514, "HV": 0.5380476299842112}, "23": {"time": 480.8707332611084, "HV": 0.5385145415285175}, "24": {"time": 500.08219385147095, "HV": 0.5385822984191639}, "25": {"time": 519.4345986843109, "HV": 0.5398832070431635}, "26": {"time": 538.504029750824, "HV": 0.5400247449557753}, "27": {"time": 559.4318807125092, "HV": 0.5400764861374902}, "28": {"time": 577.3948202133179, "HV": 0.5401839257266443}, "29": {"time": 597.6285927295685, "HV": 0.5402075332978884}, "30": {"time": 618.1428039073944, "HV": 0.5402178517635894}, "31": {"time": 636.286345243454, "HV": 0.5403567856050184}, "32": {"time": 654.100499868393, "HV": 0.5403670689050539}, "33": {"time": 670.172112941742, "HV": 0.5406245387459649}, "34": {"time": 692.1290376186371, "HV": 0.540957073388719}, "35": {"time": 710.9034602642059, "HV": 0.5409785268538496}, "36": {"time": 730.398690700531, "HV": 0.5411170446863137}, "37": {"time": 752.3062748908997, "HV": 0.5411205549758011}, "38": {"time": 775.1839075088501, "HV": 0.541311751157108}, "39": {"time": 796.1763463020325, "HV": 0.5414435723271763}, "40": {"time": 817.1491777896881, "HV": 0.5417200960463731}, "41": {"time": 841.2678713798523, "HV": 0.5426736482275427}}