{"0": {"time": 4.409066200256348, "HV": 0.4896421508945199}, "1": {"time": 13.540587425231934, "HV": 0.5194685339423222}, "2": {"time": 23.346328496932983, "HV": 0.5202326749058577}, "3": {"time": 31.12672185897827, "HV": 0.5205924489152599}, "4": {"time": 39.19235897064209, "HV": 0.5228842878832742}, "5": {"time": 46.906432151794434, "HV": 0.5246388025018144}, "6": {"time": 54.81654977798462, "HV": 0.5251842277504413}, "7": {"time": 63.2065908908844, "HV": 0.5261087660426043}, "8": {"time": 71.27143096923828, "HV": 0.529004960767548}, "9": {"time": 80.62166047096252, "HV": 0.5301789022588954}, "10": {"time": 89.35702228546143, "HV": 0.5302030971923357}, "11": {"time": 97.84723711013794, "HV": 0.5301957104068089}, "12": {"time": 105.3464686870575, "HV": 0.5300945824295176}, "13": {"time": 115.71053290367126, "HV": 0.529448841576494}, "14": {"time": 125.72880053520203, "HV": 0.5317387412278795}, "15": {"time": 136.30460739135742, "HV": 0.5324582259656895}, "16": {"time": 144.66855216026306, "HV": 0.5331763054582768}, "17": {"time": 154.8291757106781, "HV": 0.5345100503389109}, "18": {"time": 162.38664889335632, "HV": 0.5343582233347168}, "19": {"time": 170.86902260780334, "HV": 0.5348198440363221}, "20": {"time": 179.2102289199829, "HV": 0.5370492500119279}, "21": {"time": 186.9305498600006, "HV": 0.5386637508489374}, "22": {"time": 196.2242615222931, "HV": 0.5437837346792724}, "23": {"time": 205.1563642024994, "HV": 0.5495738057331137}, "24": {"time": 213.68798756599426, "HV": 0.5505063040976039}, "25": {"time": 221.27380514144897, "HV": 0.5520036809880915}, "26": {"time": 230.1226782798767, "HV": 0.5527003783317292}, "27": {"time": 238.4905436038971, "HV": 0.5530535233267777}, "28": {"time": 248.31402254104614, "HV": 0.5530027478879034}, "29": {"time": 256.61966013908386, "HV": 0.5531915984010956}, "30": {"time": 264.68486404418945, "HV": 0.5530486560365044}, "31": {"time": 272.6919252872467, "HV": 0.5536191022513116}, "32": {"time": 280.73313212394714, "HV": 0.5533568114443068}, "33": {"time": 288.81665658950806, "HV": 0.5533266231781947}, "34": {"time": 296.67269372940063, "HV": 0.5544460075015152}, "35": {"time": 304.5248737335205, "HV": 0.5557647249942868}, "36": {"time": 312.3456115722656, "HV": 0.5563257457692231}, "37": {"time": 322.058531999588, "HV": 0.5567722523162683}, "38": {"time": 329.96053171157837, "HV": 0.557039538223205}, "39": {"time": 338.04552364349365, "HV": 0.5569519025743985}, "40": {"time": 346.020409822464, "HV": 0.5567181762423489}, "41": {"time": 355.1201009750366, "HV": 0.5568067700711016}, "42": {"time": 363.0138864517212, "HV": 0.5562498854528225}, "43": {"time": 371.4236648082733, "HV": 0.555719227629258}, "44": {"time": 380.5150761604309, "HV": 0.5565225598840098}, "45": {"time": 388.9710342884064, "HV": 0.5566516594741577}, "46": {"time": 398.561484336853, "HV": 0.5559965915376397}, "47": {"time": 407.9016909599304, "HV": 0.5572856906586255}, "48": {"time": 417.6649959087372, "HV": 0.5568795038136354}, "49": {"time": 427.3073618412018, "HV": 0.5563207386699829}, "50": {"time": 435.92665910720825, "HV": 0.5560024715930745}, "51": {"time": 446.0961410999298, "HV": 0.5573647947432365}, "52": {"time": 454.5707404613495, "HV": 0.5573762285301199}, "53": {"time": 463.74059987068176, "HV": 0.5568244786978943}, "54": {"time": 472.46588945388794, "HV": 0.5567469233448197}, "55": {"time": 482.07104539871216, "HV": 0.5576311920597328}, "56": {"time": 492.26614904403687, "HV": 0.5571359908732056}, "57": {"time": 500.79967617988586, "HV": 0.5579320274308144}, "58": {"time": 508.9844982624054, "HV": 0.5579529649330656}, "59": {"time": 518.0779712200165, "HV": 0.5576164234558059}, "60": {"time": 526.0578854084015, "HV": 0.5573889282680072}, "61": {"time": 534.6661064624786, "HV": 0.5578481418344143}, "62": {"time": 545.0146732330322, "HV": 0.5577229027476664}, "63": {"time": 553.8493959903717, "HV": 0.557980538665716}, "64": {"time": 561.6200287342072, "HV": 0.5582015520148276}, "65": {"time": 569.1348147392273, "HV": 0.5584556024492107}, "66": {"time": 577.7503867149353, "HV": 0.5580612518017142}, "67": {"time": 585.6575689315796, "HV": 0.5583039581524971}, "68": {"time": 593.3172595500946, "HV": 0.5583533758409964}, "69": {"time": 602.3661148548126, "HV": 0.5581039732040112}, "70": {"time": 611.7774152755737, "HV": 0.5582373535992182}, "71": {"time": 620.1215577125549, "HV": 0.5583811364349227}, "72": {"time": 628.5062761306763, "HV": 0.5583249372338475}, "73": {"time": 636.3265581130981, "HV": 0.5583079310611958}, "74": {"time": 644.7402489185333, "HV": 0.5582406610265627}, "75": {"time": 652.3275113105774, "HV": 0.5581602132377221}, "76": {"time": 659.9298057556152, "HV": 0.558337185575686}, "77": {"time": 667.9372711181641, "HV": 0.5585205302794242}, "78": {"time": 676.3305823802948, "HV": 0.5586702326313496}, "79": {"time": 684.3929147720337, "HV": 0.5587466068691718}, "80": {"time": 691.9154362678528, "HV": 0.5588524662924601}, "81": {"time": 699.9828953742981, "HV": 0.5587348987723058}, "82": {"time": 709.23362159729, "HV": 0.5589287058586884}, "83": {"time": 718.2797389030457, "HV": 0.558679196738757}, "84": {"time": 728.1975333690643, "HV": 0.5619896884815837}, "85": {"time": 738.1291444301605, "HV": 0.5619354295965232}, "86": {"time": 747.4415102005005, "HV": 0.5620280035347924}, "87": {"time": 757.402482509613, "HV": 0.561895797519931}, "88": {"time": 766.8235945701599, "HV": 0.5619578338736329}, "89": {"time": 775.9430861473083, "HV": 0.5617545923712927}, "90": {"time": 784.7627472877502, "HV": 0.5618049789235522}, "91": {"time": 793.9247670173645, "HV": 0.5616312735370872}, "92": {"time": 801.8349335193634, "HV": 0.5617984349787148}, "93": {"time": 810.6985156536102, "HV": 0.5618276423302259}, "94": {"time": 819.1245555877686, "HV": 0.5620162811659634}, "95": {"time": 829.5815715789795, "HV": 0.5617324296568716}, "96": {"time": 838.2485961914062, "HV": 0.5618607814994799}, "97": {"time": 848.6651735305786, "HV": 0.5618311826853194}, "98": {"time": 856.1549870967865, "HV": 0.5618539868729433}, "99": {"time": 864.4888105392456, "HV": 0.5619896366196175}, "100": {"time": 872.2853758335114, "HV": 0.5617891937270408}, "101": {"time": 881.4104652404785, "HV": 0.5617934772617348}, "102": {"time": 889.7125389575958, "HV": 0.561809519769027}, "103": {"time": 897.9972205162048, "HV": 0.5621187749412926}, "104": {"time": 906.9676241874695, "HV": 0.5621601623554234}}