{"0": {"time": 28.545547246932983, "HV": 0.30755848946663156}, "1": {"time": 136.98099946975708, "HV": 0.3564521515616877}, "2": {"time": 240.83466172218323, "HV": 0.37201204985274827}, "3": {"time": 332.4078540802002, "HV": 0.3751403857027544}, "4": {"time": 414.54153060913086, "HV": 0.37713446125665556}, "5": {"time": 488.1183075904846, "HV": 0.3779660843340535}, "6": {"time": 555.8826196193695, "HV": 0.37805243222332024}, "7": {"time": 649.090833902359, "HV": 0.37954331822681053}, "8": {"time": 728.921936750412, "HV": 0.38099665138832683}, "9": {"time": 812.2021238803864, "HV": 0.381497963987552}, "10": {"time": 899.164687871933, "HV": 0.3816010978254008}, "11": {"time": 980.015052318573, "HV": 0.38190082727948027}, "12": {"time": 1073.014811515808, "HV": 0.3822528747574607}}