{"0": {"time": 4.319758415222168, "HV": 0.4908970354834865}, "1": {"time": 13.93099856376648, "HV": 0.5191135791168052}, "2": {"time": 24.02534317970276, "HV": 0.5254049473009733}, "3": {"time": 31.744032382965088, "HV": 0.5303137115664588}, "4": {"time": 38.93796348571777, "HV": 0.5366381643453397}, "5": {"time": 49.44900369644165, "HV": 0.5378639049690799}, "6": {"time": 55.75284171104431, "HV": 0.5494660322420772}, "7": {"time": 65.75817823410034, "HV": 0.5512455718002774}, "8": {"time": 76.18117809295654, "HV": 0.5542227847807389}, "9": {"time": 84.53844022750854, "HV": 0.5602130573273278}, "10": {"time": 90.94881772994995, "HV": 0.5609400784571047}, "11": {"time": 97.37123322486877, "HV": 0.5621544646399286}, "12": {"time": 105.51076030731201, "HV": 0.5638995633986472}, "13": {"time": 114.19451785087585, "HV": 0.5652644941995396}, "14": {"time": 122.43104982376099, "HV": 0.5675819777212854}, "15": {"time": 131.0005555152893, "HV": 0.567561714272382}, "16": {"time": 137.59285807609558, "HV": 0.569403912795955}, "17": {"time": 144.83470058441162, "HV": 0.5725536006095029}, "18": {"time": 153.55826711654663, "HV": 0.5721557138403698}, "19": {"time": 160.87701392173767, "HV": 0.5739012820352174}, "20": {"time": 167.73725700378418, "HV": 0.5763614339373642}, "21": {"time": 173.95033597946167, "HV": 0.5766747311968755}, "22": {"time": 181.69131875038147, "HV": 0.5780577206853188}, "23": {"time": 189.21704125404358, "HV": 0.5808734484312041}, "24": {"time": 197.5910460948944, "HV": 0.5821237748961967}, "25": {"time": 206.05919456481934, "HV": 0.5825491903940001}, "26": {"time": 214.51964807510376, "HV": 0.5825525340281168}, "27": {"time": 224.18951034545898, "HV": 0.5831231043380067}, "28": {"time": 233.12095642089844, "HV": 0.5852393706567027}, "29": {"time": 241.5020182132721, "HV": 0.5852841615584348}, "30": {"time": 250.67964124679565, "HV": 0.5852801019602056}, "31": {"time": 258.9253616333008, "HV": 0.5853235629083535}, "32": {"time": 267.275071144104, "HV": 0.5856448116402826}, "33": {"time": 275.2438471317291, "HV": 0.5857697798644539}, "34": {"time": 283.29743361473083, "HV": 0.5871136786383233}, "35": {"time": 289.4476172924042, "HV": 0.5875329954649924}, "36": {"time": 296.86694145202637, "HV": 0.5879725228658297}, "37": {"time": 305.083868265152, "HV": 0.5894892627785835}, "38": {"time": 311.9360089302063, "HV": 0.5894892627785835}, "39": {"time": 320.25871896743774, "HV": 0.5896150333284418}, "40": {"time": 328.6172077655792, "HV": 0.5891990863829366}, "41": {"time": 336.18193197250366, "HV": 0.5893363228214812}, "42": {"time": 343.44478702545166, "HV": 0.5894578563999283}, "43": {"time": 351.093692779541, "HV": 0.5894060079409642}, "44": {"time": 358.8723051548004, "HV": 0.5899595576852128}, "45": {"time": 366.81903314590454, "HV": 0.5899595576852128}, "46": {"time": 376.02828574180603, "HV": 0.5910549113585043}, "47": {"time": 383.4544138908386, "HV": 0.5914464431483833}, "48": {"time": 392.0930552482605, "HV": 0.5913596729021472}, "49": {"time": 399.0373845100403, "HV": 0.5913011591617111}, "50": {"time": 407.01404905319214, "HV": 0.5925830137485619}, "51": {"time": 415.1332507133484, "HV": 0.5925830137485619}, "52": {"time": 422.7815480232239, "HV": 0.599364610330693}, "53": {"time": 430.9208858013153, "HV": 0.5994831528878911}, "54": {"time": 439.38963079452515, "HV": 0.5994481794636162}, "55": {"time": 447.35306787490845, "HV": 0.5994698822784621}, "56": {"time": 455.383935213089, "HV": 0.5997438793323294}, "57": {"time": 463.9636654853821, "HV": 0.5997438793323294}, "58": {"time": 471.06864166259766, "HV": 0.599789125139867}, "59": {"time": 479.9598753452301, "HV": 0.60195552088399}, "60": {"time": 487.2797040939331, "HV": 0.6019773472536359}, "61": {"time": 495.1908836364746, "HV": 0.6019813011590005}, "62": {"time": 502.59236240386963, "HV": 0.6020925758235564}, "63": {"time": 510.82195138931274, "HV": 0.6021569183178811}, "64": {"time": 517.9992744922638, "HV": 0.6059624909132956}, "65": {"time": 525.0189757347107, "HV": 0.605844275318333}, "66": {"time": 533.4263911247253, "HV": 0.6057118739353513}, "67": {"time": 541.9745573997498, "HV": 0.6057225835214887}, "68": {"time": 548.9753794670105, "HV": 0.6058072294628403}, "69": {"time": 556.0470774173737, "HV": 0.6060425946511685}, "70": {"time": 563.7700324058533, "HV": 0.606048758880727}, "71": {"time": 571.3955733776093, "HV": 0.6062381469912195}, "72": {"time": 577.9932005405426, "HV": 0.6062236444678546}, "73": {"time": 584.2999222278595, "HV": 0.6064043607807184}, "74": {"time": 590.1985640525818, "HV": 0.6068358907390479}, "75": {"time": 596.927127122879, "HV": 0.6068358907390479}, "76": {"time": 604.457852602005, "HV": 0.6068358907390479}, "77": {"time": 611.1067533493042, "HV": 0.6069003870959392}, "78": {"time": 617.4815089702606, "HV": 0.6068699598094285}, "79": {"time": 624.4929013252258, "HV": 0.6068699598094285}, "80": {"time": 630.4794685840607, "HV": 0.6068699598094285}, "81": {"time": 636.5859794616699, "HV": 0.6069160896609815}, "82": {"time": 644.2079255580902, "HV": 0.6069160896609815}, "83": {"time": 651.960569858551, "HV": 0.6069160896609815}, "84": {"time": 659.3187699317932, "HV": 0.6069160896609815}, "85": {"time": 667.9559147357941, "HV": 0.6068152522334731}, "86": {"time": 676.3163616657257, "HV": 0.6068150507009229}, "87": {"time": 684.6980555057526, "HV": 0.6068241248308752}, "88": {"time": 691.4319055080414, "HV": 0.6068241248308752}, "89": {"time": 699.3117179870605, "HV": 0.6069793336253184}, "90": {"time": 705.7455966472626, "HV": 0.6069793336253184}, "91": {"time": 714.1466386318207, "HV": 0.6070120173715436}, "92": {"time": 721.8976635932922, "HV": 0.6076109157635907}, "93": {"time": 730.1165673732758, "HV": 0.6077800123598391}, "94": {"time": 738.5034754276276, "HV": 0.607785183903949}, "95": {"time": 746.1969599723816, "HV": 0.6077999683495798}, "96": {"time": 754.0156173706055, "HV": 0.6078019390876623}, "97": {"time": 762.7212500572205, "HV": 0.6078019390876623}, "98": {"time": 769.488128900528, "HV": 0.6082125669854461}, "99": {"time": 777.3178997039795, "HV": 0.608267328910524}, "100": {"time": 785.0098311901093, "HV": 0.608267328910524}, "101": {"time": 792.5568246841431, "HV": 0.608262692536284}, "102": {"time": 801.44367146492, "HV": 0.608265639764878}, "103": {"time": 809.5200476646423, "HV": 0.608265639764878}, "104": {"time": 818.8265962600708, "HV": 0.608265639764878}, "105": {"time": 827.0203654766083, "HV": 0.608265639764878}, "106": {"time": 835.3988304138184, "HV": 0.6085190410668606}, "107": {"time": 844.1054170131683, "HV": 0.6085312485440182}, "108": {"time": 852.4828159809113, "HV": 0.6098309015408057}, "109": {"time": 861.1749851703644, "HV": 0.6098424295970359}, "110": {"time": 869.5827231407166, "HV": 0.6098615702980539}, "111": {"time": 877.4049851894379, "HV": 0.6096954963025585}, "112": {"time": 886.0655927658081, "HV": 0.609768114452222}, "113": {"time": 894.1767575740814, "HV": 0.6098078252604784}, "114": {"time": 901.2622761726379, "HV": 0.6098078252604784}}