{"0": {"time": 3.8185482025146484, "HV": 0.32577713853320805}, "1": {"time": 14.277060508728027, "HV": 0.3691219414445498}, "2": {"time": 21.997823476791382, "HV": 0.3728856033775355}, "3": {"time": 29.674018383026123, "HV": 0.39361702852125463}, "4": {"time": 36.9900963306427, "HV": 0.39982986304636}, "5": {"time": 43.83648943901062, "HV": 0.40073250217081013}, "6": {"time": 50.87700819969177, "HV": 0.4010453527997841}, "7": {"time": 58.11020874977112, "HV": 0.4038529587326252}, "8": {"time": 64.08238458633423, "HV": 0.4086189738954158}, "9": {"time": 70.37282395362854, "HV": 0.4139207799045843}, "10": {"time": 77.1051893234253, "HV": 0.41440786415454683}, "11": {"time": 83.59953999519348, "HV": 0.4145445089308968}, "12": {"time": 89.66421890258789, "HV": 0.41467549238521917}, "13": {"time": 95.76197290420532, "HV": 0.41468394162670774}, "14": {"time": 101.94598436355591, "HV": 0.41470413767539743}, "15": {"time": 108.25765419006348, "HV": 0.41494347501689866}, "16": {"time": 113.6839759349823, "HV": 0.4150347813319195}, "17": {"time": 119.89211893081665, "HV": 0.4151307866879513}, "18": {"time": 126.2888777256012, "HV": 0.4151425309755704}, "19": {"time": 133.1078233718872, "HV": 0.417552002752398}, "20": {"time": 139.31697511672974, "HV": 0.4177812888575265}, "21": {"time": 146.50539350509644, "HV": 0.4185535077921231}, "22": {"time": 153.57903170585632, "HV": 0.4192172922804432}, "23": {"time": 160.97600531578064, "HV": 0.4193437654401024}, "24": {"time": 168.92746949195862, "HV": 0.4195966162703525}, "25": {"time": 175.783616065979, "HV": 0.42154923352562684}, "26": {"time": 182.28683757781982, "HV": 0.4222287260302757}, "27": {"time": 190.17026138305664, "HV": 0.42278337118590215}, "28": {"time": 197.92506408691406, "HV": 0.42347283470447106}, "29": {"time": 205.5966763496399, "HV": 0.42327126578649843}, "30": {"time": 213.82372212409973, "HV": 0.423313227684577}, "31": {"time": 220.86677193641663, "HV": 0.4234410082991003}, "32": {"time": 228.26505136489868, "HV": 0.42590509045097724}, "33": {"time": 235.18665742874146, "HV": 0.42594601947798727}, "34": {"time": 243.79240703582764, "HV": 0.4263799381165162}, "35": {"time": 251.01903009414673, "HV": 0.4263896324439198}, "36": {"time": 257.9951710700989, "HV": 0.42647157798780744}, "37": {"time": 265.15990829467773, "HV": 0.42638691873704987}, "38": {"time": 272.7904236316681, "HV": 0.4264726930219131}, "39": {"time": 279.9081733226776, "HV": 0.42656731335289055}, "40": {"time": 286.9442512989044, "HV": 0.42654655176940515}, "41": {"time": 294.2583475112915, "HV": 0.4265154274935304}, "42": {"time": 301.2467956542969, "HV": 0.4267458479580998}, "43": {"time": 308.10346937179565, "HV": 0.4267458479580998}, "44": {"time": 315.02601170539856, "HV": 0.4267762076833743}, "45": {"time": 324.3340742588043, "HV": 0.4267617536349537}, "46": {"time": 332.3353717327118, "HV": 0.4267961520871847}, "47": {"time": 340.8373923301697, "HV": 0.4267969692668597}, "48": {"time": 349.455039024353, "HV": 0.4267969692668597}, "49": {"time": 358.57293224334717, "HV": 0.4267969692668597}, "50": {"time": 366.79159116744995, "HV": 0.4270465397835925}, "51": {"time": 375.44415736198425, "HV": 0.4271555958368207}, "52": {"time": 383.67829489707947, "HV": 0.4272242462459934}, "53": {"time": 391.69128608703613, "HV": 0.42720423799919793}, "54": {"time": 400.0246639251709, "HV": 0.42720423799919793}, "55": {"time": 407.7171325683594, "HV": 0.42725920053893196}, "56": {"time": 416.1489884853363, "HV": 0.4273318822632939}, "57": {"time": 424.2012417316437, "HV": 0.4273318822632939}, "58": {"time": 432.05546522140503, "HV": 0.4273319231001592}, "59": {"time": 439.84700989723206, "HV": 0.4274926873960849}, "60": {"time": 447.4277398586273, "HV": 0.4274926873960849}, "61": {"time": 455.3712730407715, "HV": 0.42970502062910376}, "62": {"time": 463.37776017189026, "HV": 0.42970502062910376}, "63": {"time": 470.9281620979309, "HV": 0.42970502062910376}, "64": {"time": 478.65714478492737, "HV": 0.4297809384569653}, "65": {"time": 485.3671672344208, "HV": 0.42983191697116263}, "66": {"time": 492.6620931625366, "HV": 0.42983191697116263}, "67": {"time": 500.2205584049225, "HV": 0.42983191697116263}, "68": {"time": 507.31757831573486, "HV": 0.42985620174575195}, "69": {"time": 514.4236161708832, "HV": 0.42985620174575195}, "70": {"time": 522.8322052955627, "HV": 0.4299786646319211}, "71": {"time": 531.9860837459564, "HV": 0.42989479467387076}, "72": {"time": 539.4097375869751, "HV": 0.4299671227775816}, "73": {"time": 547.901656627655, "HV": 0.43057352532265175}, "74": {"time": 555.8904292583466, "HV": 0.4306357808188927}, "75": {"time": 564.0759136676788, "HV": 0.43088182029875216}, "76": {"time": 572.1264681816101, "HV": 0.4308722154845821}, "77": {"time": 580.039874792099, "HV": 0.43098748124425734}, "78": {"time": 587.6972267627716, "HV": 0.4311097834488253}, "79": {"time": 596.38476729393, "HV": 0.4311302127757914}, "80": {"time": 604.9130072593689, "HV": 0.43117249403915364}, "81": {"time": 614.0744457244873, "HV": 0.43117165432418747}, "82": {"time": 623.0105957984924, "HV": 0.43138519594391633}, "83": {"time": 631.9279701709747, "HV": 0.43139713060563073}, "84": {"time": 640.8863663673401, "HV": 0.43139702241635497}, "85": {"time": 648.7927386760712, "HV": 0.4313984062330397}, "86": {"time": 656.21160364151, "HV": 0.43137775283883006}, "87": {"time": 664.7280056476593, "HV": 0.4313896459046748}, "88": {"time": 673.8357155323029, "HV": 0.4313896459046748}, "89": {"time": 683.4679443836212, "HV": 0.43142112288225387}, "90": {"time": 691.9588415622711, "HV": 0.43142112288225387}, "91": {"time": 701.0484821796417, "HV": 0.4314352297605148}, "92": {"time": 710.7099659442902, "HV": 0.43193301329768174}, "93": {"time": 719.5204083919525, "HV": 0.4319343380395962}, "94": {"time": 728.6955897808075, "HV": 0.4319549946482243}, "95": {"time": 737.5053522586823, "HV": 0.4319385473303502}, "96": {"time": 746.7764375209808, "HV": 0.43172201680229927}, "97": {"time": 757.4764709472656, "HV": 0.4317204000789344}, "98": {"time": 766.9989101886749, "HV": 0.4323016081928086}, "99": {"time": 775.071501493454, "HV": 0.432579770151956}, "100": {"time": 784.6943790912628, "HV": 0.4326111738960762}, "101": {"time": 794.1792650222778, "HV": 0.432611771983534}, "102": {"time": 802.5198016166687, "HV": 0.4327119173157488}, "103": {"time": 811.85120844841, "HV": 0.43255947531359973}, "104": {"time": 822.1990792751312, "HV": 0.4325662358713241}, "105": {"time": 832.2554640769958, "HV": 0.4325549043163539}, "106": {"time": 841.2953276634216, "HV": 0.43261721896691385}, "107": {"time": 850.7427845001221, "HV": 0.43255718727364856}, "108": {"time": 858.8529150485992, "HV": 0.43259332779939996}, "109": {"time": 868.453248500824, "HV": 0.43333374405872627}, "110": {"time": 877.78662109375, "HV": 0.4333401797986776}, "111": {"time": 885.8185920715332, "HV": 0.43338496003491506}, "112": {"time": 894.5387823581696, "HV": 0.43338496003491506}, "113": {"time": 904.3929772377014, "HV": 0.43338496003491506}}