{"0": {"time": 6.957582473754883, "HV": 0.5111342276133447}, "1": {"time": 29.802976608276367, "HV": 0.5502410886076993}, "2": {"time": 59.557605028152466, "HV": 0.5606190417697967}, "3": {"time": 79.44948554039001, "HV": 0.5689897660769675}, "4": {"time": 99.47229337692261, "HV": 0.5738009084670699}, "5": {"time": 119.07882881164551, "HV": 0.5763281893666335}, "6": {"time": 136.62007331848145, "HV": 0.5786719990395313}, "7": {"time": 154.19072937965393, "HV": 0.5793883793263862}, "8": {"time": 173.55501103401184, "HV": 0.5851170575488821}, "9": {"time": 193.65581274032593, "HV": 0.5853856921203241}, "10": {"time": 213.4655737876892, "HV": 0.5854966970131504}, "11": {"time": 232.70177578926086, "HV": 0.5862315427070784}, "12": {"time": 251.72769451141357, "HV": 0.5867034274583768}, "13": {"time": 271.8809335231781, "HV": 0.5868718591002825}, "14": {"time": 293.30690026283264, "HV": 0.5870831182350602}, "15": {"time": 313.7647316455841, "HV": 0.5874031421694614}, "16": {"time": 332.9421684741974, "HV": 0.5877329829383571}, "17": {"time": 353.0159819126129, "HV": 0.5879892062083375}, "18": {"time": 372.3140354156494, "HV": 0.5881267621975967}, "19": {"time": 390.8062026500702, "HV": 0.5881533343355527}, "20": {"time": 408.7106969356537, "HV": 0.5891248196841478}, "21": {"time": 429.737637758255, "HV": 0.591230553117465}, "22": {"time": 449.5038957595825, "HV": 0.5924161163766686}, "23": {"time": 473.3144896030426, "HV": 0.5947433986511519}, "24": {"time": 493.7914500236511, "HV": 0.596308428321853}, "25": {"time": 513.716940164566, "HV": 0.5964546470878537}, "26": {"time": 531.9318318367004, "HV": 0.5964554848225494}, "27": {"time": 556.8502147197723, "HV": 0.5965401306376288}, "28": {"time": 577.5926792621613, "HV": 0.5965401306376288}, "29": {"time": 598.8515362739563, "HV": 0.5965570673517249}, "30": {"time": 620.9803738594055, "HV": 0.5965794842037618}}