{"0": {"time": 2.0793163776397705, "HV": 0.42443764982342663}, "1": {"time": 6.262542009353638, "HV": 0.44723267349651796}, "2": {"time": 9.208935022354126, "HV": 0.44823577718456686}, "3": {"time": 12.008920907974243, "HV": 0.4553325013637648}, "4": {"time": 14.92293643951416, "HV": 0.45631731223256544}, "5": {"time": 17.940531730651855, "HV": 0.45734461660204606}, "6": {"time": 20.829164505004883, "HV": 0.458702602001303}, "7": {"time": 23.620970249176025, "HV": 0.4587008453341257}, "8": {"time": 26.349695682525635, "HV": 0.4586855431403175}, "9": {"time": 29.238919496536255, "HV": 0.4603947249153796}, "10": {"time": 32.15722107887268, "HV": 0.4603927407973645}, "11": {"time": 34.849446058273315, "HV": 0.46036525250426874}, "12": {"time": 37.98838543891907, "HV": 0.46068121870839385}, "13": {"time": 41.54435682296753, "HV": 0.4623298530035164}, "14": {"time": 43.79511880874634, "HV": 0.46241129342252446}, "15": {"time": 50.54398274421692, "HV": 0.4624040561907922}, "16": {"time": 53.816309690475464, "HV": 0.46335523866040734}, "17": {"time": 56.60112285614014, "HV": 0.46342303347815367}, "18": {"time": 60.38882255554199, "HV": 0.46344195708831304}, "19": {"time": 63.42794108390808, "HV": 0.46352445561506883}, "20": {"time": 66.99290132522583, "HV": 0.46382944656166375}, "21": {"time": 70.45578384399414, "HV": 0.46380804658237484}, "22": {"time": 73.78202199935913, "HV": 0.46383763071696316}, "23": {"time": 77.51803731918335, "HV": 0.463935558930029}, "24": {"time": 80.7314989566803, "HV": 0.4640205977011443}, "25": {"time": 84.24418473243713, "HV": 0.46443934660007846}, "26": {"time": 87.83539295196533, "HV": 0.4640329966451979}, "27": {"time": 91.45977807044983, "HV": 0.46382562192771665}, "28": {"time": 94.69701886177063, "HV": 0.46445893638275215}, "29": {"time": 101.53737354278564, "HV": 0.4641230105653828}, "30": {"time": 108.48012256622314, "HV": 0.46431897696231583}, "31": {"time": 115.01674056053162, "HV": 0.4636327788455609}, "32": {"time": 122.71057963371277, "HV": 0.46405756717172264}, "33": {"time": 130.50169134140015, "HV": 0.4639938523675395}, "34": {"time": 138.11932468414307, "HV": 0.46483814766185955}, "35": {"time": 142.948322057724, "HV": 0.46507893262931815}, "36": {"time": 146.1978316307068, "HV": 0.4650210676972107}, "37": {"time": 149.76457738876343, "HV": 0.46519791591697346}, "38": {"time": 153.194917678833, "HV": 0.46712106246818014}, "39": {"time": 156.8163857460022, "HV": 0.4662212873539823}, "40": {"time": 160.2615909576416, "HV": 0.4672725804166847}, "41": {"time": 163.63816905021667, "HV": 0.466571032111503}, "42": {"time": 167.32438230514526, "HV": 0.4676233881639873}, "43": {"time": 170.71637558937073, "HV": 0.46760306934406287}, "44": {"time": 174.1513156890869, "HV": 0.46751605890284054}, "45": {"time": 177.4278883934021, "HV": 0.46781446123891274}, "46": {"time": 180.82645964622498, "HV": 0.46786216796151175}, "47": {"time": 184.69463086128235, "HV": 0.46761792611206293}, "48": {"time": 188.4798972606659, "HV": 0.46722801663354363}, "49": {"time": 191.78500866889954, "HV": 0.4740494327448575}, "50": {"time": 195.4830458164215, "HV": 0.4739851803288504}, "51": {"time": 199.41342639923096, "HV": 0.4738531844584998}, "52": {"time": 203.6461706161499, "HV": 0.4739798243695424}, "53": {"time": 207.77695965766907, "HV": 0.4745316678103507}, "54": {"time": 211.5325107574463, "HV": 0.4744135646069096}, "55": {"time": 215.07592034339905, "HV": 0.4743004416559619}, "56": {"time": 218.2173593044281, "HV": 0.47444519047013867}, "57": {"time": 221.63693237304688, "HV": 0.4744261184114093}, "58": {"time": 224.42746663093567, "HV": 0.47444638587056254}, "59": {"time": 228.3739516735077, "HV": 0.47441536063476963}, "60": {"time": 231.72702431678772, "HV": 0.47468716870427813}, "61": {"time": 235.377521276474, "HV": 0.47476504320294904}, "62": {"time": 239.0570306777954, "HV": 0.474271370258894}, "63": {"time": 242.53302836418152, "HV": 0.47753351518880577}, "64": {"time": 246.1874589920044, "HV": 0.4777392450567913}, "65": {"time": 249.70578265190125, "HV": 0.47778588478097717}, "66": {"time": 253.4256660938263, "HV": 0.4778914668125781}, "67": {"time": 257.4489758014679, "HV": 0.47786059595777997}, "68": {"time": 261.3073332309723, "HV": 0.4778412422832354}, "69": {"time": 265.07767367362976, "HV": 0.477863216322044}, "70": {"time": 269.7166974544525, "HV": 0.4777327306006684}, "71": {"time": 273.2140543460846, "HV": 0.4781887016635632}, "72": {"time": 276.85413098335266, "HV": 0.4780058604824236}, "73": {"time": 280.46082401275635, "HV": 0.47819670481603677}, "74": {"time": 284.1788320541382, "HV": 0.4782015449093812}, "75": {"time": 288.59919571876526, "HV": 0.4781119501840958}, "76": {"time": 292.5155644416809, "HV": 0.4782177020469377}, "77": {"time": 296.02283096313477, "HV": 0.47822134630381885}, "78": {"time": 299.2617542743683, "HV": 0.478169808138494}, "79": {"time": 302.5731084346771, "HV": 0.478145851720173}, "80": {"time": 306.01004362106323, "HV": 0.4780909150873265}, "81": {"time": 309.35495138168335, "HV": 0.4780539345574201}, "82": {"time": 312.8900513648987, "HV": 0.4779706664563741}, "83": {"time": 316.6117925643921, "HV": 0.4781414501553466}, "84": {"time": 320.30010414123535, "HV": 0.47809015952138156}, "85": {"time": 323.5691297054291, "HV": 0.47820364014669076}, "86": {"time": 326.8904802799225, "HV": 0.4781070000137852}, "87": {"time": 330.21187472343445, "HV": 0.47816804697323834}, "88": {"time": 333.92696142196655, "HV": 0.4780481270886391}, "89": {"time": 336.69100546836853, "HV": 0.4780681963745145}, "90": {"time": 340.47675251960754, "HV": 0.47794516846399315}, "91": {"time": 344.1359188556671, "HV": 0.47794516846399315}, "92": {"time": 347.8571078777313, "HV": 0.4778787192093861}, "93": {"time": 351.85014724731445, "HV": 0.4782253588549086}, "94": {"time": 355.3031213283539, "HV": 0.4782173289448984}, "95": {"time": 358.8646168708801, "HV": 0.4781096967020847}, "96": {"time": 362.3466465473175, "HV": 0.4778032605577396}, "97": {"time": 366.0345389842987, "HV": 0.4789080388881037}, "98": {"time": 369.3357105255127, "HV": 0.47908045759419454}, "99": {"time": 373.01379203796387, "HV": 0.47895591013571975}, "100": {"time": 376.3644781112671, "HV": 0.47947736320314643}, "101": {"time": 379.867639541626, "HV": 0.4793035331628967}, "102": {"time": 383.22507524490356, "HV": 0.4784229260298277}, "103": {"time": 386.9605550765991, "HV": 0.4790090087443645}, "104": {"time": 390.776891708374, "HV": 0.47898337984318395}, "105": {"time": 394.42376613616943, "HV": 0.47936179171141435}, "106": {"time": 398.2798731327057, "HV": 0.47928925619793655}, "107": {"time": 401.91992807388306, "HV": 0.4795606803615534}, "108": {"time": 405.3272521495819, "HV": 0.47972509447726447}, "109": {"time": 409.1112103462219, "HV": 0.4794385557917317}, "110": {"time": 412.84478521347046, "HV": 0.4795274819490796}, "111": {"time": 417.15594506263733, "HV": 0.4796607130258166}, "112": {"time": 420.799195766449, "HV": 0.4794247427456341}, "113": {"time": 424.49642848968506, "HV": 0.4796592854140559}, "114": {"time": 428.5473384857178, "HV": 0.47984667194035435}, "115": {"time": 432.0737307071686, "HV": 0.47915035769481445}, "116": {"time": 436.65082931518555, "HV": 0.4797458581574151}, "117": {"time": 440.3035695552826, "HV": 0.4798776103780159}, "118": {"time": 444.40033531188965, "HV": 0.4798427430560099}, "119": {"time": 447.907901763916, "HV": 0.47999376440150476}, "120": {"time": 451.30398964881897, "HV": 0.4799165572642191}, "121": {"time": 455.27009534835815, "HV": 0.47977810552731076}, "122": {"time": 459.4403245449066, "HV": 0.47994795685623975}, "123": {"time": 463.94715213775635, "HV": 0.479132480846018}, "124": {"time": 467.58820033073425, "HV": 0.47998393768477343}, "125": {"time": 470.88586688041687, "HV": 0.47971510901169107}, "126": {"time": 474.2143211364746, "HV": 0.47978928657390624}, "127": {"time": 477.40496706962585, "HV": 0.4798154484607041}, "128": {"time": 480.69552969932556, "HV": 0.47936625265237964},