{"0": {"time": 5.599283456802368, "HV": 0.38957151472678664}, "1": {"time": 23.397735118865967, "HV": 0.4048155485603778}, "2": {"time": 42.81692838668823, "HV": 0.41038047760452157}, "3": {"time": 60.106287717819214, "HV": 0.4152965312551915}, "4": {"time": 77.04400205612183, "HV": 0.4174628727761184}, "5": {"time": 91.79764652252197, "HV": 0.42211816139283675}, "6": {"time": 108.52196264266968, "HV": 0.4270726827965249}, "7": {"time": 123.26100659370422, "HV": 0.4274597431124519}, "8": {"time": 137.21327686309814, "HV": 0.4283257381630756}, "9": {"time": 151.35179448127747, "HV": 0.42910380967193795}, "10": {"time": 164.57883501052856, "HV": 0.42937319158566056}, "11": {"time": 177.44497990608215, "HV": 0.42984038112918144}, "12": {"time": 194.0229561328888, "HV": 0.4300705054351754}, "13": {"time": 209.16332960128784, "HV": 0.4302518551141879}, "14": {"time": 225.74492192268372, "HV": 0.43133760679207167}, "15": {"time": 242.25842022895813, "HV": 0.4328652327066426}, "16": {"time": 258.6145975589752, "HV": 0.4329776474363577}, "17": {"time": 273.44899582862854, "HV": 0.4367544272673559}, "18": {"time": 286.2020938396454, "HV": 0.43768914081341814}, "19": {"time": 299.1579360961914, "HV": 0.4390271619158038}, "20": {"time": 310.9807002544403, "HV": 0.4390392127047758}, "21": {"time": 324.654009103775, "HV": 0.43931845720394097}, "22": {"time": 339.275221824646, "HV": 0.43931845720394097}, "23": {"time": 353.52705001831055, "HV": 0.44299160554945743}, "24": {"time": 370.4551866054535, "HV": 0.44329611327491364}, "25": {"time": 384.6310489177704, "HV": 0.44332509893874483}, "26": {"time": 396.55573654174805, "HV": 0.44335137925697427}, "27": {"time": 410.8087751865387, "HV": 0.4434865827234259}, "28": {"time": 424.7273807525635, "HV": 0.4437067842862359}, "29": {"time": 440.2107617855072, "HV": 0.4438284548582499}, "30": {"time": 453.18908286094666, "HV": 0.4439815491121095}, "31": {"time": 465.7268648147583, "HV": 0.44429169818267655}, "32": {"time": 478.059711933136, "HV": 0.44446285995853696}, "33": {"time": 492.2381443977356, "HV": 0.44475234946090125}, "34": {"time": 505.67955350875854, "HV": 0.44481486714446083}, "35": {"time": 517.7270896434784, "HV": 0.4449146566695923}, "36": {"time": 531.0533692836761, "HV": 0.44531502667963724}, "37": {"time": 544.3610455989838, "HV": 0.4456072575258842}, "38": {"time": 558.9025416374207, "HV": 0.445784514264009}, "39": {"time": 572.4790868759155, "HV": 0.44578453695893894}, "40": {"time": 584.6227786540985, "HV": 0.4458009896573308}, "41": {"time": 597.9921538829803, "HV": 0.44584607353601075}, "42": {"time": 612.8859076499939, "HV": 0.4462224112611959}, "43": {"time": 626.0741972923279, "HV": 0.4462224112611959}, "44": {"time": 638.5938997268677, "HV": 0.44654655245477826}, "45": {"time": 651.8792824745178, "HV": 0.4465490948823754}}