{"0": {"time": 4.507675886154175, "HV": 0.4695944959304411}, "1": {"time": 13.90669870376587, "HV": 0.5207106443253466}, "2": {"time": 23.042203664779663, "HV": 0.5342037272379657}, "3": {"time": 32.53352093696594, "HV": 0.5346989566952276}, "4": {"time": 43.67492389678955, "HV": 0.5465241049755978}, "5": {"time": 57.44111442565918, "HV": 0.5608859948429652}, "6": {"time": 69.33375763893127, "HV": 0.5641375558449815}, "7": {"time": 79.75388026237488, "HV": 0.5742388735390076}, "8": {"time": 89.84778380393982, "HV": 0.5752109059183764}, "9": {"time": 98.83886408805847, "HV": 0.5750936433254299}, "10": {"time": 108.18274784088135, "HV": 0.5754139815195056}, "11": {"time": 116.56795644760132, "HV": 0.5756950634925031}, "12": {"time": 124.46875214576721, "HV": 0.576797614082665}, "13": {"time": 132.888929605484, "HV": 0.5789063932083771}, "14": {"time": 140.3027060031891, "HV": 0.5805537203196027}, "15": {"time": 147.76217412948608, "HV": 0.5806715838076699}, "16": {"time": 154.58609557151794, "HV": 0.5806948207288343}, "17": {"time": 162.08527255058289, "HV": 0.5808510139465046}, "18": {"time": 170.39701509475708, "HV": 0.58091515987986}, "19": {"time": 178.90227484703064, "HV": 0.5816643823208518}, "20": {"time": 187.77040672302246, "HV": 0.5904205486001024}, "21": {"time": 196.2952902317047, "HV": 0.5924293673267704}, "22": {"time": 204.68318629264832, "HV": 0.5934769022527908}, "23": {"time": 214.3570032119751, "HV": 0.5937470606258437}, "24": {"time": 223.10569620132446, "HV": 0.593420190699798}, "25": {"time": 231.88008308410645, "HV": 0.5934902406719431}, "26": {"time": 240.9593105316162, "HV": 0.5939127948688125}, "27": {"time": 249.2282588481903, "HV": 0.5942597834958057}, "28": {"time": 257.5440266132355, "HV": 0.5942743623517319}, "29": {"time": 264.2891926765442, "HV": 0.5941742041471032}, "30": {"time": 271.7520875930786, "HV": 0.5943092016787975}, "31": {"time": 280.430899143219, "HV": 0.5939270849661759}, "32": {"time": 287.8808345794678, "HV": 0.5937839363441345}, "33": {"time": 295.99407601356506, "HV": 0.5939248725405997}, "34": {"time": 303.37876558303833, "HV": 0.5947614771190991}, "35": {"time": 312.2616677284241, "HV": 0.5949838245826377}, "36": {"time": 320.7587203979492, "HV": 0.5952264391109895}, "37": {"time": 328.998553276062, "HV": 0.5952824204350263}, "38": {"time": 337.08029985427856, "HV": 0.5945854905275417}, "39": {"time": 346.3134582042694, "HV": 0.5951282724425517}, "40": {"time": 355.38780188560486, "HV": 0.5968217832300544}, "41": {"time": 364.3192982673645, "HV": 0.5965088052456373}, "42": {"time": 372.8480007648468, "HV": 0.5965903254663097}, "43": {"time": 380.13145661354065, "HV": 0.5964253561503855}, "44": {"time": 388.1416914463043, "HV": 0.5964327575631592}, "45": {"time": 396.52788257598877, "HV": 0.5968128566837049}, "46": {"time": 405.67368602752686, "HV": 0.5968132216181169}, "47": {"time": 413.6360213756561, "HV": 0.5970066728336306}, "48": {"time": 421.58073234558105, "HV": 0.5970066728336306}, "49": {"time": 430.51048517227173, "HV": 0.5965337275267052}, "50": {"time": 437.97123289108276, "HV": 0.5965333500288217}, "51": {"time": 446.2707872390747, "HV": 0.5982247452274346}, "52": {"time": 454.6166980266571, "HV": 0.5984299820957483}, "53": {"time": 463.98536109924316, "HV": 0.5985769103463673}, "54": {"time": 473.65990257263184, "HV": 0.5984055895812758}, "55": {"time": 482.34084367752075, "HV": 0.5980168521251084}, "56": {"time": 491.67318391799927, "HV": 0.5980448895551012}, "57": {"time": 500.534827709198, "HV": 0.5988530289292759}, "58": {"time": 509.5505096912384, "HV": 0.5982608116063}, "59": {"time": 518.1141633987427, "HV": 0.5993858167501284}, "60": {"time": 526.0609006881714, "HV": 0.5993858167501284}, "61": {"time": 535.2998230457306, "HV": 0.5986482703824675}, "62": {"time": 544.673713684082, "HV": 0.5986625223358815}, "63": {"time": 554.6862273216248, "HV": 0.5986625223358815}, "64": {"time": 562.5276906490326, "HV": 0.5986818567371601}, "65": {"time": 570.955278635025, "HV": 0.5988920887131574}, "66": {"time": 580.0691568851471, "HV": 0.6009416933401084}, "67": {"time": 588.5680923461914, "HV": 0.6014857082147965}, "68": {"time": 597.5736145973206, "HV": 0.6019550384716734}, "69": {"time": 607.1209869384766, "HV": 0.60220416895197}, "70": {"time": 616.1699261665344, "HV": 0.6022923292637676}, "71": {"time": 625.4880483150482, "HV": 0.6023712289694327}, "72": {"time": 634.0635380744934, "HV": 0.6022035910488005}, "73": {"time": 642.1827063560486, "HV": 0.6020861107889767}, "74": {"time": 650.8532736301422, "HV": 0.6021898457300947}, "75": {"time": 659.2532942295074, "HV": 0.6025462561211242}, "76": {"time": 667.6286985874176, "HV": 0.6029855987371366}, "77": {"time": 675.8492960929871, "HV": 0.6029399467891545}, "78": {"time": 684.9956827163696, "HV": 0.6029399467891545}, "79": {"time": 693.5790240764618, "HV": 0.6029707495870256}, "80": {"time": 701.031346321106, "HV": 0.6031391009341459}, "81": {"time": 708.4411256313324, "HV": 0.6032318469238818}, "82": {"time": 718.1690216064453, "HV": 0.6030241172259403}, "83": {"time": 727.6510171890259, "HV": 0.6037361308383845}, "84": {"time": 735.9713048934937, "HV": 0.6038396286187022}, "85": {"time": 743.9031412601471, "HV": 0.6038708592311902}, "86": {"time": 752.947767496109, "HV": 0.6039861254254016}, "87": {"time": 762.5474956035614, "HV": 0.6045738407247017}, "88": {"time": 770.8630390167236, "HV": 0.6046587855307001}, "89": {"time": 780.1526980400085, "HV": 0.6048593961294367}, "90": {"time": 788.5837922096252, "HV": 0.6045746524663498}, "91": {"time": 797.0586538314819, "HV": 0.6049320262954399}, "92": {"time": 806.3392601013184, "HV": 0.6047689765823904}, "93": {"time": 815.260302066803, "HV": 0.6046896393996009}, "94": {"time": 824.6882994174957, "HV": 0.604874156431863}, "95": {"time": 833.9742510318756, "HV": 0.6049999199671584}, "96": {"time": 842.0406360626221, "HV": 0.6047159767599708}, "97": {"time": 851.6119775772095, "HV": 0.6045712982560946}, "98": {"time": 861.1529364585876, "HV": 0.60622617618383}, "99": {"time": 870.0678634643555, "HV": 0.605980088094029}, "100": {"time": 880.7525386810303, "HV": 0.6061006958018337}, "101": {"time": 889.2158744335175, "HV": 0.6081098081672581}, "102": {"time": 897.4061889648438, "HV": 0.6081997238730691}, "103": {"time": 907.858559846878, "HV": 0.608136000739559}}