{"0": {"time": 29.604610204696655, "HV": 0.34059952256203174}, "1": {"time": 125.21662306785583, "HV": 0.34417013488499076}, "2": {"time": 235.15947699546814, "HV": 0.35103879726559434}, "3": {"time": 329.189204454422, "HV": 0.3629760590586201}, "4": {"time": 406.85597229003906, "HV": 0.3749847271671127}, "5": {"time": 499.517201423645, "HV": 0.3770683157682626}, "6": {"time": 578.5786838531494, "HV": 0.37908444595836344}, "7": {"time": 644.9407405853271, "HV": 0.37968929237781146}, "8": {"time": 715.854918718338, "HV": 0.3806393363044006}, "9": {"time": 787.5098342895508, "HV": 0.38127329444634117}, "10": {"time": 861.0785729885101, "HV": 0.38144545172396427}, "11": {"time": 941.7704343795776, "HV": 0.38151632907819394}, "12": {"time": 1036.4184892177582, "HV": 0.38153935542474293}, "13": {"time": 1108.807434797287, "HV": 0.38157687966101606}, "14": {"time": 1188.0895392894745, "HV": 0.38161128887039286}, "15": {"time": 1260.5320389270782, "HV": 0.38202219735516935}, "16": {"time": 1335.3637855052948, "HV": 0.38202219735516935}, "17": {"time": 1408.2816722393036, "HV": 0.38234692329981795}, "18": {"time": 1479.5380783081055, "HV": 0.38234692329981795}, "19": {"time": 1552.4701447486877, "HV": 0.3823784648645733}, "20": {"time": 1629.9133670330048, "HV": 0.38238445621679257}, "21": {"time": 1706.1187996864319, "HV": 0.38273850859076336}, "22": {"time": 1783.8543524742126, "HV": 0.3827420812199191}, "23": {"time": 1846.356323003769, "HV": 0.3827420812199191}, "24": {"time": 1902.668729543686, "HV": 0.3827420812199191}, "25": {"time": 1971.1818480491638, "HV": 0.3827420812199191}}