{"0": {"time": 6.193788290023804, "HV": 0.4855103875973267}, "1": {"time": 25.862330198287964, "HV": 0.504639660235934}, "2": {"time": 47.585124254226685, "HV": 0.5159913970410681}, "3": {"time": 65.91523766517639, "HV": 0.5199097697918457}, "4": {"time": 82.0536437034607, "HV": 0.5233733832752536}, "5": {"time": 102.40373420715332, "HV": 0.5307708712529917}, "6": {"time": 119.71882438659668, "HV": 0.5362688423269583}, "7": {"time": 135.77504348754883, "HV": 0.5368375346404106}, "8": {"time": 154.34339141845703, "HV": 0.539634553721129}, "9": {"time": 171.3732030391693, "HV": 0.5413747311286535}, "10": {"time": 191.95095252990723, "HV": 0.5417904579437576}, "11": {"time": 213.01052522659302, "HV": 0.5480038022979895}, "12": {"time": 231.7613980770111, "HV": 0.5538791574205165}, "13": {"time": 249.9231288433075, "HV": 0.5583003184153174}, "14": {"time": 265.6086070537567, "HV": 0.5596072840894211}, "15": {"time": 282.9221739768982, "HV": 0.5616356728836661}, "16": {"time": 300.76944303512573, "HV": 0.5616680110255268}, "17": {"time": 316.92475509643555, "HV": 0.5616806981233283}, "18": {"time": 333.79276490211487, "HV": 0.5617613984701454}, "19": {"time": 353.2736306190491, "HV": 0.5622534256148424}, "20": {"time": 370.69882106781006, "HV": 0.5622903889390961}, "21": {"time": 386.74988174438477, "HV": 0.5623261490612091}, "22": {"time": 405.0823519229889, "HV": 0.5624052735425132}, "23": {"time": 423.1667354106903, "HV": 0.5626118112777602}, "24": {"time": 439.79978108406067, "HV": 0.5626177318574019}, "25": {"time": 459.14686918258667, "HV": 0.5626260004460835}, "26": {"time": 479.38097167015076, "HV": 0.5626506844500728}, "27": {"time": 498.45005536079407, "HV": 0.5627198794183615}, "28": {"time": 520.3199515342712, "HV": 0.562744144353032}, "29": {"time": 537.7003417015076, "HV": 0.5627920219856334}, "30": {"time": 553.6155421733856, "HV": 0.5628057482034541}}