{"0": {"time": 16.14137625694275, "HV": 0.30915572922329215}, "1": {"time": 56.97375845909119, "HV": 0.32192808232587494}, "2": {"time": 90.28556370735168, "HV": 0.32866473468630564}, "3": {"time": 124.15336036682129, "HV": 0.32909985655573065}, "4": {"time": 151.10369300842285, "HV": 0.3294584475332217}, "5": {"time": 188.09863662719727, "HV": 0.33337811577930926}, "6": {"time": 217.09033298492432, "HV": 0.33656531216807983}, "7": {"time": 246.8131034374237, "HV": 0.3365707097276676}, "8": {"time": 274.42806816101074, "HV": 0.33657344196361283}, "9": {"time": 300.562952041626, "HV": 0.338551139316347}, "10": {"time": 336.12328696250916, "HV": 0.3443008096217862}, "11": {"time": 363.1666965484619, "HV": 0.3445689107273187}, "12": {"time": 387.34911131858826, "HV": 0.34544207432275204}, "13": {"time": 418.45479798316956, "HV": 0.3470175319813177}, "14": {"time": 445.9538812637329, "HV": 0.34769005276849907}, "15": {"time": 470.7201085090637, "HV": 0.3522210142635517}, "16": {"time": 495.8722198009491, "HV": 0.3522427665279086}, "17": {"time": 521.9223997592926, "HV": 0.35272912398090733}, "18": {"time": 546.7387437820435, "HV": 0.3532089052379411}, "19": {"time": 573.4555034637451, "HV": 0.35371350301686877}, "20": {"time": 601.869306564331, "HV": 0.35380930285344203}, "21": {"time": 630.086784362793, "HV": 0.35400043074420906}, "22": {"time": 661.2461109161377, "HV": 0.3541475131678873}, "23": {"time": 686.8554384708405, "HV": 0.35427131472510437}, "24": {"time": 716.4766805171967, "HV": 0.36474707570263365}, "25": {"time": 745.9460835456848, "HV": 0.36763342152657225}, "26": {"time": 775.2450394630432, "HV": 0.3677372789892838}, "27": {"time": 805.0386192798615, "HV": 0.3764530565694384}, "28": {"time": 835.5497915744781, "HV": 0.3765460932446446}, "29": {"time": 865.6143853664398, "HV": 0.3765460932446446}, "30": {"time": 898.6356749534607, "HV": 0.3765460932446446}, "31": {"time": 929.542732000351, "HV": 0.3780220779365818}}