{"0": {"time": 6.58146071434021, "HV": 0.5180623823405001}, "1": {"time": 28.191437005996704, "HV": 0.5511736455355796}, "2": {"time": 50.713846921920776, "HV": 0.5596741736198648}, "3": {"time": 70.95567059516907, "HV": 0.5614424740620428}, "4": {"time": 90.05565428733826, "HV": 0.5644372234570844}, "5": {"time": 108.38349032402039, "HV": 0.5701940361574754}, "6": {"time": 126.26550221443176, "HV": 0.5733658702086892}, "7": {"time": 146.43078589439392, "HV": 0.5768334570158015}, "8": {"time": 166.14732265472412, "HV": 0.5770517493613367}, "9": {"time": 186.82064366340637, "HV": 0.5775063628241109}, "10": {"time": 211.26014518737793, "HV": 0.578679750797748}, "11": {"time": 233.7644338607788, "HV": 0.5786880312077572}, "12": {"time": 255.72839784622192, "HV": 0.5808358061210551}, "13": {"time": 284.62477850914, "HV": 0.5814652181021236}, "14": {"time": 308.55472803115845, "HV": 0.582842667424919}, "15": {"time": 332.479296207428, "HV": 0.5847569886624518}, "16": {"time": 353.8239712715149, "HV": 0.5894536945763098}, "17": {"time": 374.42503547668457, "HV": 0.5900191624157928}, "18": {"time": 394.2042155265808, "HV": 0.5911495861710491}, "19": {"time": 413.41462302207947, "HV": 0.5913693522734107}, "20": {"time": 435.4012167453766, "HV": 0.591741068641006}, "21": {"time": 456.5065279006958, "HV": 0.5922531606527555}, "22": {"time": 479.6007606983185, "HV": 0.5927167261931835}, "23": {"time": 504.1754775047302, "HV": 0.5927167261931835}, "24": {"time": 527.1617913246155, "HV": 0.5927361114980242}, "25": {"time": 551.5619192123413, "HV": 0.5927367901592002}, "26": {"time": 570.9281964302063, "HV": 0.5928568170881104}, "27": {"time": 592.4183857440948, "HV": 0.5932009861330927}, "28": {"time": 613.532856464386, "HV": 0.5933714171995074}, "29": {"time": 636.5425505638123, "HV": 0.5935103275488659}, "30": {"time": 655.8032400608063, "HV": 0.5935103275488659}, "31": {"time": 680.2067215442657, "HV": 0.5941434514867868}, "32": {"time": 701.062436580658, "HV": 0.5946931820625416}, "33": {"time": 720.9588696956635, "HV": 0.5948782464173301}, "34": {"time": 742.8417522907257, "HV": 0.5951008270108264}, "35": {"time": 762.509250164032, "HV": 0.5963052443673594}, "36": {"time": 785.8568170070648, "HV": 0.5976416811087549}}