{"0": {"time": 27.785807371139526, "HV": 0.3397448305701621}, "1": {"time": 134.4160099029541, "HV": 0.3547503252749812}, "2": {"time": 238.87887620925903, "HV": 0.3595564160379608}, "3": {"time": 306.3115043640137, "HV": 0.3638239620544908}, "4": {"time": 379.44578075408936, "HV": 0.36394838037483135}, "5": {"time": 458.4013936519623, "HV": 0.36400611260149707}, "6": {"time": 536.6825249195099, "HV": 0.36437543407436723}, "7": {"time": 616.4474537372589, "HV": 0.3673481227252343}, "8": {"time": 711.5587368011475, "HV": 0.36761089482360954}, "9": {"time": 799.5308661460876, "HV": 0.3677875715169953}, "10": {"time": 887.7155616283417, "HV": 0.36796820022196985}, "11": {"time": 966.9601199626923, "HV": 0.36803151535729506}, "12": {"time": 1047.0492522716522, "HV": 0.36818120977313334}, "13": {"time": 1120.213097333908, "HV": 0.37351056630221646}, "14": {"time": 1196.784492969513, "HV": 0.37358555165164586}, "15": {"time": 1274.9931066036224, "HV": 0.37358555165164586}, "16": {"time": 1338.9031615257263, "HV": 0.37358744823180606}, "17": {"time": 1410.4075577259064, "HV": 0.3735880491929982}, "18": {"time": 1494.6122102737427, "HV": 0.3736830273459602}, "19": {"time": 1572.460640668869, "HV": 0.3738838838595705}, "20": {"time": 1653.236141204834, "HV": 0.3738934476925552}, "21": {"time": 1730.327342748642, "HV": 0.3739296253012736}, "22": {"time": 1806.9101469516754, "HV": 0.3739309553314103}, "23": {"time": 1878.8964314460754, "HV": 0.3739903395286698}, "24": {"time": 1954.42382478714, "HV": 0.3739903395286698}, "25": {"time": 2035.4155702590942, "HV": 0.3740453947354363}}