{"0": {"time": 6.455253839492798, "HV": 0.46514714987848954}, "1": {"time": 19.886143922805786, "HV": 0.5134324531835871}, "2": {"time": 30.75129461288452, "HV": 0.516090501364316}, "3": {"time": 41.30883002281189, "HV": 0.5202864445662773}, "4": {"time": 50.38638114929199, "HV": 0.5248930445408442}, "5": {"time": 58.68712067604065, "HV": 0.5275241154773598}, "6": {"time": 69.20662355422974, "HV": 0.5283660455298875}, "7": {"time": 78.72374153137207, "HV": 0.5297382902549017}, "8": {"time": 89.47096467018127, "HV": 0.5309741988819588}, "9": {"time": 99.47201347351074, "HV": 0.5351328752029436}, "10": {"time": 110.49368977546692, "HV": 0.5351328752029436}, "11": {"time": 120.75004482269287, "HV": 0.5351329333863087}, "12": {"time": 133.6948504447937, "HV": 0.5369641399911651}, "13": {"time": 143.5241415500641, "HV": 0.5384449414794961}, "14": {"time": 153.55460023880005, "HV": 0.5394576558815056}, "15": {"time": 161.83594036102295, "HV": 0.5399536189705338}, "16": {"time": 169.40995383262634, "HV": 0.5402733592684115}, "17": {"time": 177.70998001098633, "HV": 0.5402063841769134}, "18": {"time": 186.8885941505432, "HV": 0.5409186198589976}, "19": {"time": 197.1652274131775, "HV": 0.5425118352592917}, "20": {"time": 207.4866726398468, "HV": 0.5426341746300168}, "21": {"time": 216.85046935081482, "HV": 0.5426251456628065}, "22": {"time": 224.95484113693237, "HV": 0.5432504163222596}, "23": {"time": 234.85883688926697, "HV": 0.5432559003635745}, "24": {"time": 244.02618384361267, "HV": 0.5438908464819985}, "25": {"time": 254.8216586112976, "HV": 0.5440079683910666}, "26": {"time": 266.90845012664795, "HV": 0.5444971310545621}, "27": {"time": 278.28498911857605, "HV": 0.5445748407801894}, "28": {"time": 289.92167377471924, "HV": 0.5448434161819559}, "29": {"time": 301.7423825263977, "HV": 0.5448890759983771}, "30": {"time": 313.34748697280884, "HV": 0.5463085308554467}, "31": {"time": 325.1406066417694, "HV": 0.5468236433947584}, "32": {"time": 334.92105436325073, "HV": 0.5476707369664106}, "33": {"time": 347.34863471984863, "HV": 0.5484552360655789}, "34": {"time": 360.7626242637634, "HV": 0.5482933785109502}, "35": {"time": 372.5761754512787, "HV": 0.5483696292022867}, "36": {"time": 385.9865446090698, "HV": 0.5503184815910643}, "37": {"time": 399.58288407325745, "HV": 0.5502064910450277}, "38": {"time": 412.97928762435913, "HV": 0.5508071936657686}, "39": {"time": 426.910258769989, "HV": 0.5510582928790289}, "40": {"time": 439.0079619884491, "HV": 0.5513480951861446}, "41": {"time": 450.6646873950958, "HV": 0.5518186183988607}, "42": {"time": 463.97816824913025, "HV": 0.5530608179108273}, "43": {"time": 475.41771626472473, "HV": 0.5534474471369741}, "44": {"time": 487.7384898662567, "HV": 0.5553663488844341}, "45": {"time": 499.76880073547363, "HV": 0.5554049214508496}, "46": {"time": 509.9708571434021, "HV": 0.5554717671034382}, "47": {"time": 521.8302521705627, "HV": 0.5553036058074515}, "48": {"time": 532.074330329895, "HV": 0.5561502980953568}, "49": {"time": 542.8602964878082, "HV": 0.5561037920684957}, "50": {"time": 555.3906583786011, "HV": 0.5560597220079224}, "51": {"time": 567.5931711196899, "HV": 0.5565758790541907}, "52": {"time": 577.853325843811, "HV": 0.5599555060364174}, "53": {"time": 588.104184627533, "HV": 0.5604349948171738}, "54": {"time": 598.2580757141113, "HV": 0.5611871349804584}, "55": {"time": 608.1550350189209, "HV": 0.561319625885646}, "56": {"time": 619.0842773914337, "HV": 0.5614083492971733}, "57": {"time": 628.8416666984558, "HV": 0.5615595342136787}, "58": {"time": 638.946347951889, "HV": 0.5616835788020498}, "59": {"time": 647.971771478653, "HV": 0.5617564865449014}, "60": {"time": 656.7357485294342, "HV": 0.5616776291978747}, "61": {"time": 665.85924077034, "HV": 0.5628327672201238}, "62": {"time": 677.7600705623627, "HV": 0.5628212079459134}, "63": {"time": 686.9174258708954, "HV": 0.5628950876222436}, "64": {"time": 696.3629186153412, "HV": 0.5629032560925588}, "65": {"time": 705.0116817951202, "HV": 0.5629347717849729}, "66": {"time": 712.4432082176208, "HV": 0.5629533216242353}, "67": {"time": 720.9105799198151, "HV": 0.5629780523032255}, "68": {"time": 729.144241809845, "HV": 0.5629780523032255}, "69": {"time": 738.1189227104187, "HV": 0.5629780523032255}, "70": {"time": 746.885568857193, "HV": 0.563796129511427}, "71": {"time": 757.1080310344696, "HV": 0.5638067560857166}, "72": {"time": 766.7536776065826, "HV": 0.5637750875583959}, "73": {"time": 777.9858012199402, "HV": 0.5637739250712838}, "74": {"time": 790.2364246845245, "HV": 0.5640762169665684}, "75": {"time": 801.961583852768, "HV": 0.5641054144039702}, "76": {"time": 813.1486873626709, "HV": 0.5643989886193403}, "77": {"time": 825.3540508747101, "HV": 0.5644814047795964}, "78": {"time": 835.1546623706818, "HV": 0.5644814047795964}, "79": {"time": 845.8645293712616, "HV": 0.5644928863770355}, "80": {"time": 857.2640976905823, "HV": 0.5645127101329501}, "81": {"time": 870.7066559791565, "HV": 0.5645386978532675}, "82": {"time": 882.6823320388794, "HV": 0.5646399891078394}, "83": {"time": 894.0366995334625, "HV": 0.5645514989471373}, "84": {"time": 905.974764585495, "HV": 0.5646921211664411}}