{"0": {"time": 3.0214290618896484, "HV": 0.3239151214865453}, "1": {"time": 19.524649381637573, "HV": 0.41830980691142006}, "2": {"time": 27.476181030273438, "HV": 0.43582250185936916}, "3": {"time": 34.49305987358093, "HV": 0.45873031569599326}, "4": {"time": 41.612794637680054, "HV": 0.46260221898551046}, "5": {"time": 48.72967767715454, "HV": 0.4639913486737334}, "6": {"time": 55.9176390171051, "HV": 0.4660422583210737}, "7": {"time": 63.66375017166138, "HV": 0.46738000435714955}, "8": {"time": 71.83798599243164, "HV": 0.46991300683275217}, "9": {"time": 80.93911981582642, "HV": 0.4707205975213621}, "10": {"time": 90.0965142250061, "HV": 0.4715430161410723}, "11": {"time": 98.64289116859436, "HV": 0.47202898071329036}, "12": {"time": 107.66006851196289, "HV": 0.47222184113305676}, "13": {"time": 115.76466536521912, "HV": 0.4733147945114591}, "14": {"time": 125.11729001998901, "HV": 0.4740802555857835}, "15": {"time": 133.5119285583496, "HV": 0.47460261486023547}, "16": {"time": 141.2201497554779, "HV": 0.47695263607211824}, "17": {"time": 149.16600131988525, "HV": 0.47695263607211824}, "18": {"time": 157.43487739562988, "HV": 0.4773845343807095}, "19": {"time": 165.826269865036, "HV": 0.4774643519385634}, "20": {"time": 172.9287712574005, "HV": 0.4778959244395735}, "21": {"time": 182.29997062683105, "HV": 0.4779856263348913}, "22": {"time": 189.70895791053772, "HV": 0.47812979544729994}, "23": {"time": 198.7010214328766, "HV": 0.47892476039413046}, "24": {"time": 206.85669231414795, "HV": 0.4789306165804388}, "25": {"time": 214.72580289840698, "HV": 0.47944643361803146}, "26": {"time": 222.21051263809204, "HV": 0.47978355356698166}, "27": {"time": 230.400084733963, "HV": 0.48040849622880644}, "28": {"time": 237.1428644657135, "HV": 0.4819760369409001}, "29": {"time": 246.77104258537292, "HV": 0.4820717240207727}, "30": {"time": 255.99557256698608, "HV": 0.48278398071833895}, "31": {"time": 264.98184466362, "HV": 0.48391047435247125}, "32": {"time": 273.439031124115, "HV": 0.48391543093888584}, "33": {"time": 282.59064197540283, "HV": 0.48582651992988346}, "34": {"time": 289.655020236969, "HV": 0.4867297409949082}, "35": {"time": 297.42274236679077, "HV": 0.48677048426895253}, "36": {"time": 304.93845868110657, "HV": 0.4867836240553401}, "37": {"time": 313.10991311073303, "HV": 0.48808599990117746}, "38": {"time": 321.30526542663574, "HV": 0.4880905285392555}, "39": {"time": 329.83420181274414, "HV": 0.4882349063964444}, "40": {"time": 337.8540527820587, "HV": 0.4882349063964444}, "41": {"time": 345.4305808544159, "HV": 0.48828372840685863}, "42": {"time": 354.7793219089508, "HV": 0.48832407718241116}, "43": {"time": 363.9277591705322, "HV": 0.48832206521312577}, "44": {"time": 371.4128451347351, "HV": 0.48832307479284925}, "45": {"time": 378.87474846839905, "HV": 0.4883361866090822}, "46": {"time": 386.8061623573303, "HV": 0.4884041407610368}, "47": {"time": 394.77083015441895, "HV": 0.4897698849256595}, "48": {"time": 405.0413408279419, "HV": 0.4897698849256595}, "49": {"time": 413.00761342048645, "HV": 0.4898345845490751}, "50": {"time": 420.9271123409271, "HV": 0.4900968200900483}, "51": {"time": 427.71282839775085, "HV": 0.49215485634484735}}