{"0": {"time": 29.132187604904175, "HV": 0.3110299681509774}, "1": {"time": 146.69802403450012, "HV": 0.32993193537632326}, "2": {"time": 251.6236653327942, "HV": 0.33140042675407844}, "3": {"time": 347.1118438243866, "HV": 0.3324568801091442}, "4": {"time": 422.2220001220703, "HV": 0.3328616707668771}, "5": {"time": 490.5585081577301, "HV": 0.3345305640221387}, "6": {"time": 565.43288397789, "HV": 0.33549808677124265}, "7": {"time": 642.4490168094635, "HV": 0.33638279996753173}, "8": {"time": 712.3364827632904, "HV": 0.3367675262298623}, "9": {"time": 794.3381264209747, "HV": 0.3388537092543528}, "10": {"time": 877.2492599487305, "HV": 0.3399289007313798}, "11": {"time": 960.9261584281921, "HV": 0.3401316861734145}, "12": {"time": 1064.881029844284, "HV": 0.34027192079719965}}