{"0": {"time": 16.397215604782104, "HV": 0.29872188214208933}, "1": {"time": 58.97331666946411, "HV": 0.3025807421890668}, "2": {"time": 99.31899857521057, "HV": 0.30380214039414355}, "3": {"time": 140.81653094291687, "HV": 0.3087577269827859}, "4": {"time": 179.31963515281677, "HV": 0.31723026715350566}, "5": {"time": 208.92670106887817, "HV": 0.3187183497123459}, "6": {"time": 240.80190801620483, "HV": 0.31919737949703686}, "7": {"time": 284.4480128288269, "HV": 0.3202326567556979}, "8": {"time": 320.8133749961853, "HV": 0.3289113796455537}, "9": {"time": 369.49946451187134, "HV": 0.33379361518585043}, "10": {"time": 408.8891725540161, "HV": 0.3384878277827853}, "11": {"time": 437.226375579834, "HV": 0.33878636011851027}, "12": {"time": 476.70882415771484, "HV": 0.3410556668834074}, "13": {"time": 513.3955368995667, "HV": 0.34120934237549183}, "14": {"time": 555.024031162262, "HV": 0.34120934237549183}, "15": {"time": 598.1587495803833, "HV": 0.3412097423894346}, "16": {"time": 636.6330914497375, "HV": 0.34121012107508114}, "17": {"time": 676.5244197845459, "HV": 0.3412657865454112}, "18": {"time": 716.0718460083008, "HV": 0.34128884742930027}, "19": {"time": 757.8046438694, "HV": 0.34162175718216603}, "20": {"time": 796.9460206031799, "HV": 0.34171271516759816}, "21": {"time": 825.4091181755066, "HV": 0.34171271516759816}, "22": {"time": 863.6098201274872, "HV": 0.34182376069392684}, "23": {"time": 893.2970576286316, "HV": 0.34212536250607195}, "24": {"time": 922.5916705131531, "HV": 0.3423721364176654}}