{"0": {"time": 6.320878267288208, "HV": 0.5257347889692119}, "1": {"time": 26.176883697509766, "HV": 0.5613194238618298}, "2": {"time": 45.802783727645874, "HV": 0.5643307192098409}, "3": {"time": 62.646323919296265, "HV": 0.5700517714968666}, "4": {"time": 80.44586992263794, "HV": 0.5729502958749421}, "5": {"time": 97.42433619499207, "HV": 0.5747050559117955}, "6": {"time": 113.96618914604187, "HV": 0.5756257127163826}, "7": {"time": 130.14909982681274, "HV": 0.576558843722237}, "8": {"time": 142.55069828033447, "HV": 0.5767875995096702}, "9": {"time": 157.91634917259216, "HV": 0.5777394996406455}, "10": {"time": 174.11315965652466, "HV": 0.5782678023988074}, "11": {"time": 186.90855503082275, "HV": 0.5791390489916082}, "12": {"time": 204.1664159297943, "HV": 0.5796771464141908}, "13": {"time": 221.42863631248474, "HV": 0.5805580537426305}, "14": {"time": 236.78929710388184, "HV": 0.581400483853807}, "15": {"time": 255.169757604599, "HV": 0.5826486227578089}, "16": {"time": 269.2677927017212, "HV": 0.5849058781078547}, "17": {"time": 287.120126247406, "HV": 0.5854540969112488}, "18": {"time": 304.2308850288391, "HV": 0.5860038138292248}, "19": {"time": 324.53154945373535, "HV": 0.586347157697705}, "20": {"time": 341.63563561439514, "HV": 0.5865460890815516}, "21": {"time": 357.10740303993225, "HV": 0.5865460890815516}, "22": {"time": 376.24855613708496, "HV": 0.5880706104967072}, "23": {"time": 392.5513129234314, "HV": 0.588308972294753}, "24": {"time": 410.0603709220886, "HV": 0.5890004579901678}, "25": {"time": 427.86516880989075, "HV": 0.5899651621067009}, "26": {"time": 444.52172207832336, "HV": 0.5901439027221957}, "27": {"time": 461.7363512516022, "HV": 0.5901601580857261}, "28": {"time": 478.8909261226654, "HV": 0.5919170237378979}, "29": {"time": 498.0483546257019, "HV": 0.5919827721229778}, "30": {"time": 514.9392137527466, "HV": 0.5923617189545037}, "31": {"time": 533.3148920536041, "HV": 0.5923711271877613}, "32": {"time": 552.4013955593109, "HV": 0.5928586589446186}, "33": {"time": 568.8870341777802, "HV": 0.5935008793427394}, "34": {"time": 587.3921318054199, "HV": 0.5935033008453634}, "35": {"time": 604.138662815094, "HV": 0.5935033008453634}, "36": {"time": 621.282285451889, "HV": 0.5940707978066242}, "37": {"time": 641.1586711406708, "HV": 0.5942251568464502}}