{"0": {"time": 9.776881456375122, "HV": 0.442898263315155}, "1": {"time": 38.795746088027954, "HV": 0.5227617276992178}, "2": {"time": 72.75806927680969, "HV": 0.5310053542836879}, "3": {"time": 106.42362427711487, "HV": 0.5380161579657418}, "4": {"time": 135.73743081092834, "HV": 0.5417234645022593}, "5": {"time": 160.74844813346863, "HV": 0.5449843533183182}, "6": {"time": 186.7186884880066, "HV": 0.5495705525361304}, "7": {"time": 209.83027744293213, "HV": 0.5499878158431587}, "8": {"time": 236.019624710083, "HV": 0.5572415145045753}, "9": {"time": 264.92994260787964, "HV": 0.5574562041329657}, "10": {"time": 291.33071208000183, "HV": 0.5582820962358815}, "11": {"time": 314.1732544898987, "HV": 0.5650308981466742}, "12": {"time": 337.62420415878296, "HV": 0.5656228478644817}, "13": {"time": 359.89046478271484, "HV": 0.5664042116177146}, "14": {"time": 384.0134029388428, "HV": 0.5667116332536603}, "15": {"time": 407.5996038913727, "HV": 0.5671266610993083}, "16": {"time": 431.8689320087433, "HV": 0.5674086647058294}, "17": {"time": 457.6586673259735, "HV": 0.56825248860129}, "18": {"time": 480.74542236328125, "HV": 0.5714683593044445}, "19": {"time": 501.7281103134155, "HV": 0.5723947062462966}, "20": {"time": 528.3787171840668, "HV": 0.5725005010547006}, "21": {"time": 551.1186573505402, "HV": 0.572823037309817}, "22": {"time": 573.559579372406, "HV": 0.5729575737152446}, "23": {"time": 594.6257784366608, "HV": 0.5753912358331389}, "24": {"time": 618.5325796604156, "HV": 0.5756699952349825}, "25": {"time": 641.7815835475922, "HV": 0.5756881255465484}, "26": {"time": 666.4331300258636, "HV": 0.5760609418665227}, "27": {"time": 691.4689981937408, "HV": 0.5761363510256075}, "28": {"time": 715.7285089492798, "HV": 0.5762757004187253}, "29": {"time": 742.2295875549316, "HV": 0.5763053990956897}, "30": {"time": 768.8187692165375, "HV": 0.5763053990956897}}