{"0": {"time": 17.029984712600708, "HV": 0.29291196410155934}, "1": {"time": 58.99482583999634, "HV": 0.34198655968773345}, "2": {"time": 105.95666861534119, "HV": 0.3516257298524006}, "3": {"time": 148.7722611427307, "HV": 0.36551467613140365}, "4": {"time": 187.24297952651978, "HV": 0.3679229604370159}, "5": {"time": 217.05562019348145, "HV": 0.37161993200941373}, "6": {"time": 251.2213785648346, "HV": 0.3734372553641153}, "7": {"time": 287.0989911556244, "HV": 0.3755071538957961}, "8": {"time": 319.56865549087524, "HV": 0.37638860648112304}, "9": {"time": 351.1585750579834, "HV": 0.3771022988019675}, "10": {"time": 385.1511058807373, "HV": 0.37744306533234817}, "11": {"time": 425.1794400215149, "HV": 0.37749080314799616}, "12": {"time": 463.2677249908447, "HV": 0.3776137940463235}, "13": {"time": 494.00778698921204, "HV": 0.3778275302152295}, "14": {"time": 528.1467561721802, "HV": 0.3778445571254187}, "15": {"time": 555.3157386779785, "HV": 0.37798599457535187}, "16": {"time": 585.1311028003693, "HV": 0.37801042765151555}, "17": {"time": 616.5456142425537, "HV": 0.37810833572862124}, "18": {"time": 647.7142527103424, "HV": 0.3781285128064031}, "19": {"time": 671.4938297271729, "HV": 0.37862348708098426}, "20": {"time": 703.778754234314, "HV": 0.37889420349452657}, "21": {"time": 739.8997569084167, "HV": 0.3789955902924355}, "22": {"time": 775.7373168468475, "HV": 0.37904695087597384}, "23": {"time": 812.4616403579712, "HV": 0.37904695087597384}, "24": {"time": 848.4156112670898, "HV": 0.37905306134494093}, "25": {"time": 890.31520652771, "HV": 0.37905306134494093}, "26": {"time": 926.5526030063629, "HV": 0.37905306134494093}}