{"0": {"time": 180.14742398262024, "HV": 0.5011759920411586}, "1": {"time": 482.8995563983917, "HV": 0.5179872087346732}, "2": {"time": 700.9685504436493, "HV": 0.5274609436077865}, "3": {"time": 975.2026610374451, "HV": 0.5323648941853569}, "4": {"time": 1288.5684878826141, "HV": 0.5412649394969351}, "5": {"time": 1649.110221862793, "HV": 0.5455683541596702}, "6": {"time": 1988.6053924560547, "HV": 0.5465867444136291}, "7": {"time": 2314.0998849868774, "HV": 0.5541982275433419}, "8": {"time": 2614.3535964488983, "HV": 0.556598271386341}, "9": {"time": 2911.1579263210297, "HV": 0.5575171997653718}, "10": {"time": 3212.462370157242, "HV": 0.5623389458190102}, "11": {"time": 3520.897970199585, "HV": 0.5643021712862489}, "12": {"time": 3829.031718015671, "HV": 0.5663603823942872}, "13": {"time": 4137.676900148392, "HV": 0.5706832333190065}, "14": {"time": 4362.712051153183, "HV": 0.5725879195868011}, "15": {"time": 4623.1261785030365, "HV": 0.5757575679903214}, "16": {"time": 4884.130266666412, "HV": 0.5762915362817198}, "17": {"time": 5202.164697885513, "HV": 0.5777091799330312}, "18": {"time": 5471.856036901474, "HV": 0.5803062850246342}}