{"0": {"time": 751.5126276016235, "HV": 0.4886795971020122}, "1": {"time": 2020.470936536789, "HV": 0.5079040419298122}, "2": {"time": 2985.4518909454346, "HV": 0.5191968846447299}, "3": {"time": 3892.268095970154, "HV": 0.5277104488364517}, "4": {"time": 4817.517598628998, "HV": 0.5289204142355357}, "5": {"time": 5905.311274290085, "HV": 0.5364733773329298}}