{"0": {"time": 635.1238317489624, "HV": 0.2935713210056129}, "1": {"time": 1729.6676959991455, "HV": 0.30302958945102015}, "2": {"time": 2431.8187997341156, "HV": 0.31475648282624463}, "3": {"time": 2893.902242898941, "HV": 0.3174175368081844}, "4": {"time": 3444.80872130394, "HV": 0.31877560530669946}, "5": {"time": 4183.621352434158, "HV": 0.3213316047458252}, "6": {"time": 4715.823834180832, "HV": 0.32209358731654497}, "7": {"time": 5151.773074388504, "HV": 0.3228706158853865}, "8": {"time": 5868.2891211509705, "HV": 0.32559092304402626}}