{"0": {"time": 773.6834971904755, "HV": 0.5908341713454625}, "1": {"time": 2008.5726041793823, "HV": 0.6033724502920756}, "2": {"time": 3015.1323544979095, "HV": 0.6153024591669731}, "3": {"time": 3810.6350271701813, "HV": 0.6312213869303921}, "4": {"time": 4680.918319940567, "HV": 0.6346441377775643}, "5": {"time": 5556.080823898315, "HV": 0.6375062208999537}}