{"0": {"time": 318.3971085548401, "HV": 0.45918488617180797}, "1": {"time": 839.5586712360382, "HV": 0.4751379029716701}, "2": {"time": 1199.7786281108856, "HV": 0.492188483319698}, "3": {"time": 1519.151299238205, "HV": 0.5068985371721955}, "4": {"time": 1841.5217928886414, "HV": 0.5156707577409225}, "5": {"time": 2225.2341182231903, "HV": 0.5250131123500265}, "6": {"time": 2607.2766342163086, "HV": 0.5282800726471579}, "7": {"time": 3037.945946455002, "HV": 0.5299726425154629}, "8": {"time": 3433.763367176056, "HV": 0.5343891983125785}, "9": {"time": 3809.3854174613953, "HV": 0.5402165680975208}, "10": {"time": 4212.418926000595, "HV": 0.542576102978517}, "11": {"time": 4618.106069803238, "HV": 0.5469801975200843}, "12": {"time": 4994.015596151352, "HV": 0.5495014321692208}, "13": {"time": 5387.248960494995, "HV": 0.5507448116749909}, "14": {"time": 5810.928358078003, "HV": 0.5524410075020254}}