{"0": {"time": 193.45658087730408, "HV": 0.5427944714140523}, "1": {"time": 654.7107536792755, "HV": 0.585990527037616}, "2": {"time": 1021.0780737400055, "HV": 0.5999033501458304}, "3": {"time": 1450.3000438213348, "HV": 0.6170450676312407}, "4": {"time": 2061.180280447006, "HV": 0.6247344548629695}, "5": {"time": 2562.511547088623, "HV": 0.6296008212635836}, "6": {"time": 2990.6440014839172, "HV": 0.6329514003281532}, "7": {"time": 3532.6188032627106, "HV": 0.6363387058288144}, "8": {"time": 3980.1238811016083, "HV": 0.6405023105989363}, "9": {"time": 4398.341940164566, "HV": 0.6445392751177846}, "10": {"time": 4895.804986953735, "HV": 0.6469539374269078}, "11": {"time": 5383.849128007889, "HV": 0.6517100224978687}, "12": {"time": 5757.944579839706, "HV": 0.6549155378750449}, "13": {"time": 6232.483678340912, "HV": 0.658447856103612}, "14": {"time": 6588.644283056259, "HV": 0.6652449263063436}, "15": {"time": 7020.397274971008, "HV": 0.6673066850538409}, "16": {"time": 7427.525118350983, "HV": 0.6707541732355586}, "17": {"time": 7821.786851406097, "HV": 0.6712382357182404}, "18": {"time": 8209.098890066147, "HV": 0.6755541518357093}, "19": {"time": 8576.819346427917, "HV": 0.6767092965877529}, "20": {"time": 8968.525955200195, "HV": 0.6792916759658789}, "21": {"time": 9301.808142662048, "HV": 0.6762609549548586}, "22": {"time": 9709.883674621582, "HV": 0.6824202566957545}, "23": {"time": 10297.708442687988, "HV": 0.6843950169926608}}