{"0": {"time": 425.0449209213257, "HV": 0.5213589266801577}, "1": {"time": 1841.5665817260742, "HV": 0.5799520432288172}, "2": {"time": 2800.6342396736145, "HV": 0.5965092377826383}, "3": {"time": 3926.732967853546, "HV": 0.6124023783517407}, "4": {"time": 5085.37099313736, "HV": 0.6233230201361387}, "5": {"time": 6100.267882108688, "HV": 0.6395196716447014}, "6": {"time": 7218.323413133621, "HV": 0.6476817730321994}}