{"0": {"time": 757.9823889732361, "HV": 0.3070814599150806}, "1": {"time": 1988.5062272548676, "HV": 0.3260541064005308}, "2": {"time": 2824.285481452942, "HV": 0.33569167305016917}, "3": {"time": 3284.2360405921936, "HV": 0.3380234043162378}}