{"0": {"time": 531.6475853919983, "HV": 0.3088456574736685}, "1": {"time": 2531.8819580078125, "HV": 0.3262771563145839}, "2": {"time": 3497.4000549316406, "HV": 0.3391985668750368}, "3": {"time": 4256.700313329697, "HV": 0.34217711884189156}, "4": {"time": 5190.133147954941, "HV": 0.3456368425218058}, "5": {"time": 6092.976197242737, "HV": 0.34840168724198967}, "6": {"time": 6811.170086145401, "HV": 0.357324699189838}, "7": {"time": 7717.2659611701965, "HV": 0.35833314648030673}, "8": {"time": 8398.24254989624, "HV": 0.366509539787615}, "9": {"time": 9184.917162418365, "HV": 0.36696233038507775}, "10": {"time": 10083.02638411522, "HV": 0.36790592984909476}, "11": {"time": 11096.855125665665, "HV": 0.36793543195656253}}