{"0": {"time": 77.69245791435242, "HV": 0.5492427942275803}, "1": {"time": 219.559508562088, "HV": 0.575713984314204}, "2": {"time": 321.75060296058655, "HV": 0.6012882501522184}, "3": {"time": 428.4858000278473, "HV": 0.6100567375539727}, "4": {"time": 550.3947734832764, "HV": 0.6132803462363149}, "5": {"time": 668.2268288135529, "HV": 0.6188615169422508}, "6": {"time": 790.1735200881958, "HV": 0.6215093591292928}, "7": {"time": 914.7141163349152, "HV": 0.6231902654413368}, "8": {"time": 1029.250660419464, "HV": 0.6283489711243709}, "9": {"time": 1152.8510165214539, "HV": 0.6292351775150308}, "10": {"time": 1275.238124370575, "HV": 0.630861255618365}, "11": {"time": 1381.9614698886871, "HV": 0.6337810353897244}, "12": {"time": 1495.4616930484772, "HV": 0.6354159296102917}, "13": {"time": 1628.4637069702148, "HV": 0.6374222509190194}, "14": {"time": 1729.713122844696, "HV": 0.6392253192833772}, "15": {"time": 1833.705052614212, "HV": 0.6420615754773974}, "16": {"time": 1943.3178193569183, "HV": 0.6436662684968927}, "17": {"time": 2047.741584777832, "HV": 0.6451084734003}, "18": {"time": 2149.164831161499, "HV": 0.6456219205473765}, "19": {"time": 2263.289289712906, "HV": 0.6464551697765649}, "20": {"time": 2362.653339624405, "HV": 0.6466431907975516}, "21": {"time": 2465.1082713603973, "HV": 0.6471721698903177}, "22": {"time": 2570.986807346344, "HV": 0.6478870881993689}, "23": {"time": 2680.185572385788, "HV": 0.6484044854546788}, "24": {"time": 2778.305403470993, "HV": 0.6489697842974543}, "25": {"time": 2885.1679425239563, "HV": 0.6493339657652635}, "26": {"time": 2988.7554743289948, "HV": 0.6495476116607835}, "27": {"time": 3089.9357571601868, "HV": 0.6507130204644109}}