{"0": {"time": 316.38462257385254, "HV": 0.566625408568274}, "1": {"time": 912.6808214187622, "HV": 0.5831908657936052}, "2": {"time": 1268.274864912033, "HV": 0.5909684307026055}, "3": {"time": 1673.5020673274994, "HV": 0.6064837854467308}, "4": {"time": 2061.9399275779724, "HV": 0.612981324508068}, "5": {"time": 2525.541715145111, "HV": 0.6250376834886242}, "6": {"time": 2973.625851869583, "HV": 0.6344015512654967}, "7": {"time": 3412.055634498596, "HV": 0.636126920276966}}