{"0": {"time": 304.6705119609833, "HV": 0.591830244885}, "1": {"time": 883.2772762775421, "HV": 0.6158725359454078}, "2": {"time": 1260.5148537158966, "HV": 0.6237245892027253}, "3": {"time": 1615.7727046012878, "HV": 0.6355931906202367}, "4": {"time": 2022.0954792499542, "HV": 0.6430170113366851}, "5": {"time": 2409.0568957328796, "HV": 0.6463939377633094}, "6": {"time": 2759.5404710769653, "HV": 0.6516003887887081}, "7": {"time": 3189.7058000564575, "HV": 0.6597105752250296}}