{"0": {"time": 268.59117364883423, "HV": 0.5197038240412863}, "1": {"time": 1024.277193069458, "HV": 0.5466298230582805}, "2": {"time": 1830.7993302345276, "HV": 0.5633992778441971}, "3": {"time": 2533.9553315639496, "HV": 0.5740792994775866}, "4": {"time": 3141.9588952064514, "HV": 0.5799648895816314}, "5": {"time": 3662.482447862625, "HV": 0.5846435967154804}, "6": {"time": 4199.243635892868, "HV": 0.5855202796036513}, "7": {"time": 4728.015683412552, "HV": 0.5885298292808783}, "8": {"time": 5270.856809854507, "HV": 0.5888381164037799}, "9": {"time": 5745.426774740219, "HV": 0.5908058712356753}, "10": {"time": 6185.413986682892, "HV": 0.5917100015965137}, "11": {"time": 6653.341553688049, "HV": 0.5950964657454322}}