{"0": {"time": 966.6954896450043, "HV": 0.2912887267026761}, "1": {"time": 2792.794342279434, "HV": 0.29716660636086795}, "2": {"time": 3795.1713280677795, "HV": 0.3056221943670229}}