{"0": {"time": 222.63289880752563, "HV": 0.5869855422604463}, "1": {"time": 724.631026506424, "HV": 0.6380556129865811}, "2": {"time": 1035.280613899231, "HV": 0.6494754628191661}, "3": {"time": 1410.49338722229, "HV": 0.653885650395081}, "4": {"time": 1882.3621366024017, "HV": 0.6622917444447288}, "5": {"time": 2230.726383447647, "HV": 0.6673078108731624}, "6": {"time": 2587.6912939548492, "HV": 0.668800789793859}, "7": {"time": 2939.791786670685, "HV": 0.6716966328921297}, "8": {"time": 3287.693107366562, "HV": 0.6736573961578427}, "9": {"time": 3623.58424448967, "HV": 0.6747149621092376}, "10": {"time": 4001.0134904384613, "HV": 0.6761997926139625}, "11": {"time": 4349.652783155441, "HV": 0.6800850605624561}, "12": {"time": 4775.567976951599, "HV": 0.6822608920665091}, "13": {"time": 5115.204635858536, "HV": 0.6859721786023989}, "14": {"time": 5420.085613965988, "HV": 0.6871830004486794}, "15": {"time": 5700.999884366989, "HV": 0.6861700429661782}, "16": {"time": 6016.144087553024, "HV": 0.689315646127787}, "17": {"time": 6280.595163822174, "HV": 0.6908923287569112}, "18": {"time": 6588.57839179039, "HV": 0.6925781253152195}, "19": {"time": 6896.791114330292, "HV": 0.6934035154788787}}