{"0": {"time": 1199.5005660057068, "HV": 0.31895312509002155}, "1": {"time": 3113.574591398239, "HV": 0.3213625873735887}}