{"0": {"time": 179.38574600219727, "HV": 0.5310199820828816}, "1": {"time": 747.597234249115, "HV": 0.5721601096597198}, "2": {"time": 1341.166386127472, "HV": 0.5964926541250758}, "3": {"time": 1857.647449016571, "HV": 0.6085488110178905}, "4": {"time": 2313.1504998207092, "HV": 0.6120220803400859}, "5": {"time": 2761.1355147361755, "HV": 0.6161048025992831}, "6": {"time": 3242.3221759796143, "HV": 0.6189518773703842}, "7": {"time": 3758.297970533371, "HV": 0.618347189834643}, "8": {"time": 4213.072031736374, "HV": 0.6208472658835824}, "9": {"time": 4695.3701984882355, "HV": 0.6226465103721176}, "10": {"time": 5139.613360404968, "HV": 0.6229997356371221}, "11": {"time": 5633.805380582809, "HV": 0.6282304502285537}, "12": {"time": 6051.409059762955, "HV": 0.6294198395802151}, "13": {"time": 6558.99613237381, "HV": 0.6316845056500813}, "14": {"time": 7042.461331367493, "HV": 0.6382948178118828}, "15": {"time": 7401.7565360069275, "HV": 0.6435470582033411}, "16": {"time": 7809.530154943466, "HV": 0.6439217863113573}, "17": {"time": 8294.326761722565, "HV": 0.6460079503040279}, "18": {"time": 8686.121661901474, "HV": 0.6498496762586867}, "19": {"time": 9012.617276906967, "HV": 0.6508305203675084}, "20": {"time": 9404.435250997543, "HV": 0.6540399321497898}, "21": {"time": 9765.162775993347, "HV": 0.6567134016525609}, "22": {"time": 10143.616463184357, "HV": 0.6538464427761885}, "23": {"time": 10451.70374417305, "HV": 0.6550732016210457}}