{"0": {"time": 168.54257011413574, "HV": 0.5631002913184836}, "1": {"time": 583.2436594963074, "HV": 0.5891590891033929}, "2": {"time": 1042.4206521511078, "HV": 0.6069466844904475}, "3": {"time": 1469.3587329387665, "HV": 0.6351441233148354}, "4": {"time": 1866.6624948978424, "HV": 0.6514828966345851}, "5": {"time": 2205.9581685066223, "HV": 0.6568184940487749}, "6": {"time": 2527.6193640232086, "HV": 0.6590429358021618}, "7": {"time": 2882.654821395874, "HV": 0.6624257116253571}, "8": {"time": 3166.674149751663, "HV": 0.6679872374733654}, "9": {"time": 3476.4910588264465, "HV": 0.6678972328973141}, "10": {"time": 3735.7475113868713, "HV": 0.669833633939603}, "11": {"time": 4062.5248622894287, "HV": 0.6716137793549339}, "12": {"time": 4332.026925086975, "HV": 0.6729342473468383}, "13": {"time": 4619.988564491272, "HV": 0.676608824865985}, "14": {"time": 4912.5399379730225, "HV": 0.6770553281657257}, "15": {"time": 5185.839216709137, "HV": 0.6796634340223686}, "16": {"time": 5457.5367822647095, "HV": 0.6771037562558675}, "17": {"time": 5697.847750425339, "HV": 0.6798882981239271}, "18": {"time": 5925.78959941864, "HV": 0.6806895485800988}, "19": {"time": 6223.914258241653, "HV": 0.6824499417870273}, "20": {"time": 6460.3346383571625, "HV": 0.6834327955302867}, "21": {"time": 6728.850120782852, "HV": 0.6811677614843521}}