{"0": {"time": 81.33342862129211, "HV": 0.45831809493526}, "1": {"time": 274.25948333740234, "HV": 0.4900370971234942}, "2": {"time": 432.79549908638, "HV": 0.5058823078878643}, "3": {"time": 600.1114342212677, "HV": 0.5159268655108205}, "4": {"time": 753.765382528305, "HV": 0.5278111466523001}, "5": {"time": 912.543436050415, "HV": 0.5337647385567545}, "6": {"time": 1082.038355588913, "HV": 0.5375408660819363}, "7": {"time": 1266.6325147151947, "HV": 0.5477940646045802}, "8": {"time": 1401.8918595314026, "HV": 0.5511148534839813}, "9": {"time": 1535.7005424499512, "HV": 0.553543710098199}, "10": {"time": 1667.4919214248657, "HV": 0.5570099387533374}, "11": {"time": 1792.5851554870605, "HV": 0.5624153844959444}, "12": {"time": 1906.1352739334106, "HV": 0.565974419688685}, "13": {"time": 2005.8651494979858, "HV": 0.5698336363515046}, "14": {"time": 2125.278524160385, "HV": 0.5776024443476585}, "15": {"time": 2257.8043105602264, "HV": 0.5786733610515535}, "16": {"time": 2386.5952706336975, "HV": 0.5816063601003845}, "17": {"time": 2515.616201877594, "HV": 0.5849487844031172}, "18": {"time": 2618.2000212669373, "HV": 0.5872912691972276}, "19": {"time": 2744.2095160484314, "HV": 0.589343445780423}, "20": {"time": 2860.663637161255, "HV": 0.5908560079974853}, "21": {"time": 2984.9590079784393, "HV": 0.5921234259510064}, "22": {"time": 3075.6745007038116, "HV": 0.5914816620131884}, "23": {"time": 3185.6229503154755, "HV": 0.5908873963687302}, "24": {"time": 3297.7418682575226, "HV": 0.5916175428180596}, "25": {"time": 3408.8002552986145, "HV": 0.5931728288111323}, "26": {"time": 3530.364177942276, "HV": 0.592790961412409}, "27": {"time": 3636.2612705230713, "HV": 0.5918680756539068}, "28": {"time": 3759.911212205887, "HV": 0.5912571232334259}, "29": {"time": 3864.081636428833, "HV": 0.5912885954027701}}