{"0": {"time": 929.6949715614319, "HV": 0.40639508578538064}, "1": {"time": 3340.409308195114, "HV": 0.4313267640863696}}