{"0": {"time": 400.8067967891693, "HV": 0.30890246659069953}, "1": {"time": 1200.7841141223907, "HV": 0.3238849586638589}, "2": {"time": 1761.356873035431, "HV": 0.330926590020875}, "3": {"time": 2166.3131415843964, "HV": 0.3418564887504079}, "4": {"time": 2482.345552921295, "HV": 0.3438383405471015}, "5": {"time": 2818.74892783165, "HV": 0.35179751606219134}, "6": {"time": 3124.5087933540344, "HV": 0.3527044999954903}}