{"0": {"time": 285.84989500045776, "HV": 0.5829861560537237}, "1": {"time": 1439.445627450943, "HV": 0.5982639299062573}, "2": {"time": 2219.512342453003, "HV": 0.6084921075746275}, "3": {"time": 3258.233006954193, "HV": 0.624606439372962}, "4": {"time": 4216.058821439743, "HV": 0.6312514908200779}, "5": {"time": 5399.743726730347, "HV": 0.6398269553611158}, "6": {"time": 6277.439658403397, "HV": 0.6445932001555443}, "7": {"time": 7029.543072223663, "HV": 0.6499338816790472}, "8": {"time": 7866.7887852191925, "HV": 0.6568946974823805}}