{"0": {"time": 252.16637420654297, "HV": 0.31243027384544453}, "1": {"time": 806.447114944458, "HV": 0.33182858836154283}, "2": {"time": 1034.4284892082214, "HV": 0.34173210007930577}, "3": {"time": 1366.2602055072784, "HV": 0.3458425536390193}, "4": {"time": 1790.287813425064, "HV": 0.3491666885593075}, "5": {"time": 2158.899585723877, "HV": 0.3511042865024445}, "6": {"time": 2560.73331618309, "HV": 0.35756517330379095}, "7": {"time": 2820.4426453113556, "HV": 0.35940390402821765}, "8": {"time": 3057.8244211673737, "HV": 0.3609783549585114}, "9": {"time": 3445.871105194092, "HV": 0.36136135885345644}, "10": {"time": 3705.7418525218964, "HV": 0.3615767209863505}, "11": {"time": 3981.1841509342194, "HV": 0.36209585802853117}, "12": {"time": 4253.325276374817, "HV": 0.3624899574466951}, "13": {"time": 4500.2726809978485, "HV": 0.3637293337630632}, "14": {"time": 4754.097815752029, "HV": 0.36409688712711097}, "15": {"time": 5015.217679023743, "HV": 0.36515449762293545}, "16": {"time": 5274.278463602066, "HV": 0.36605348111786873}, "17": {"time": 5517.983489751816, "HV": 0.36605304596549054}, "18": {"time": 5763.415863990784, "HV": 0.3751427689346017}, "19": {"time": 6011.196506500244, "HV": 0.3759843376578084}, "20": {"time": 6277.993096828461, "HV": 0.3769348335155682}, "21": {"time": 6550.253601074219, "HV": 0.3776311233925348}, "22": {"time": 6840.244366168976, "HV": 0.3777530630117679}}