{"0": {"time": 130.5749614238739, "HV": 0.4917260596462694}, "1": {"time": 342.42660188674927, "HV": 0.5141817090330089}, "2": {"time": 471.40037417411804, "HV": 0.5254129905043529}, "3": {"time": 597.10822057724, "HV": 0.5349591287970217}, "4": {"time": 726.2484300136566, "HV": 0.541636426516542}, "5": {"time": 869.5022192001343, "HV": 0.5463335297831781}, "6": {"time": 1013.7227087020874, "HV": 0.5532570493824583}, "7": {"time": 1162.023047208786, "HV": 0.5605868224806472}, "8": {"time": 1304.030019044876, "HV": 0.5654188232268367}, "9": {"time": 1442.184026002884, "HV": 0.5705795216553581}, "10": {"time": 1567.6956264972687, "HV": 0.5743017228832072}, "11": {"time": 1691.3118510246277, "HV": 0.576447899415995}, "12": {"time": 1835.504268169403, "HV": 0.5787438900647394}, "13": {"time": 1953.832624912262, "HV": 0.5818008108767236}, "14": {"time": 2092.8621423244476, "HV": 0.5824727439544596}, "15": {"time": 2245.2632224559784, "HV": 0.5840262962334263}, "16": {"time": 2396.1035084724426, "HV": 0.5858617594967622}, "17": {"time": 2516.180564403534, "HV": 0.5892294185159489}, "18": {"time": 2647.242055416107, "HV": 0.5897486009712909}, "19": {"time": 2777.6590135097504, "HV": 0.591966626548001}, "20": {"time": 2923.774614572525, "HV": 0.5925340887763061}, "21": {"time": 3058.84627699852, "HV": 0.5930957767767131}}