{"0": {"time": 56.29585838317871, "HV": 0.48879083925981626}, "1": {"time": 187.36940121650696, "HV": 0.5490061383151486}, "2": {"time": 288.95852756500244, "HV": 0.5736534394624473}, "3": {"time": 417.1991572380066, "HV": 0.584235624040635}, "4": {"time": 526.0196716785431, "HV": 0.5988887704700099}, "5": {"time": 629.6332085132599, "HV": 0.6046541864308332}, "6": {"time": 743.3864648342133, "HV": 0.6115723953387766}, "7": {"time": 849.3427455425262, "HV": 0.6121371649889723}, "8": {"time": 965.9016265869141, "HV": 0.6124120680371747}, "9": {"time": 1064.318447113037, "HV": 0.6140477333360264}, "10": {"time": 1158.0947017669678, "HV": 0.6163997551414933}, "11": {"time": 1242.343722820282, "HV": 0.6199352826522411}, "12": {"time": 1342.513151884079, "HV": 0.6205397144903956}, "13": {"time": 1432.2970950603485, "HV": 0.620360987987297}, "14": {"time": 1536.1574239730835, "HV": 0.6224586802403504}, "15": {"time": 1631.6331572532654, "HV": 0.6246508007036496}, "16": {"time": 1723.5717585086823, "HV": 0.6271308299405329}, "17": {"time": 1814.2606678009033, "HV": 0.6257670874443908}, "18": {"time": 1914.8248624801636, "HV": 0.6266793468815717}, "19": {"time": 2019.124413728714, "HV": 0.6286355489919764}, "20": {"time": 2117.41126203537, "HV": 0.6268584964336182}, "21": {"time": 2190.7837159633636, "HV": 0.6375102461843362}, "22": {"time": 2279.879229784012, "HV": 0.6383028246752299}, "23": {"time": 2359.3999829292297, "HV": 0.6379783589137331}, "24": {"time": 2441.175325155258, "HV": 0.6385495170879256}, "25": {"time": 2526.3581840991974, "HV": 0.6401744880710745}, "26": {"time": 2603.531586408615, "HV": 0.6425581267400483}, "27": {"time": 2704.0055017471313, "HV": 0.6411974291714206}, "28": {"time": 2782.319258213043, "HV": 0.6415017976737615}, "29": {"time": 2865.7867381572723, "HV": 0.6422385464340233}, "30": {"time": 2955.5900807380676, "HV": 0.6432055737648913}, "31": {"time": 3026.4380304813385, "HV": 0.6434697303918746}, "32": {"time": 3126.9356184005737, "HV": 0.6438451960467833}, "33": {"time": 3222.701753139496, "HV": 0.6433032025174673}, "34": {"time": 3301.606378555298, "HV": 0.6423593368574576}, "35": {"time": 3375.3330731391907, "HV": 0.6433125172938636}}