{"0": {"time": 254.9574213027954, "HV": 0.5325843255963653}, "1": {"time": 857.2897102832794, "HV": 0.5681159974073541}, "2": {"time": 1375.6437242031097, "HV": 0.5844187662972984}, "3": {"time": 1983.4473023414612, "HV": 0.5895830186863902}, "4": {"time": 2623.83243727684, "HV": 0.6011151344302799}, "5": {"time": 3135.7673332691193, "HV": 0.6102949522039226}, "6": {"time": 3670.5512869358063, "HV": 0.6205798760439657}, "7": {"time": 4218.509823322296, "HV": 0.6221615330000415}, "8": {"time": 4737.3331615924835, "HV": 0.6285931060358417}, "9": {"time": 5247.442781686783, "HV": 0.6331765876427835}, "10": {"time": 5769.758993148804, "HV": 0.6369359472199219}, "11": {"time": 6216.803192138672, "HV": 0.6408577023958734}, "12": {"time": 6654.590048074722, "HV": 0.6416029398895949}}