{"0": {"time": 52.916560888290405, "HV": 0.5028611460861823}, "1": {"time": 228.86400842666626, "HV": 0.5402240587598767}, "2": {"time": 372.71817660331726, "HV": 0.5662093070802832}, "3": {"time": 504.90769720077515, "HV": 0.5682959725037368}, "4": {"time": 610.6779017448425, "HV": 0.5780261231063554}, "5": {"time": 731.4079308509827, "HV": 0.5814735082364755}, "6": {"time": 850.8803405761719, "HV": 0.5845124116560212}, "7": {"time": 984.9567275047302, "HV": 0.587078335989295}, "8": {"time": 1100.278211593628, "HV": 0.5868067238508751}, "9": {"time": 1234.0133335590363, "HV": 0.5898032580513954}, "10": {"time": 1373.0970969200134, "HV": 0.590545933026362}, "11": {"time": 1507.979497909546, "HV": 0.588842055059566}, "12": {"time": 1624.331881761551, "HV": 0.5910195651311361}, "13": {"time": 1754.1150794029236, "HV": 0.6024622704353395}, "14": {"time": 1867.3931422233582, "HV": 0.605772389338878}, "15": {"time": 1969.9057564735413, "HV": 0.612338580174953}, "16": {"time": 2067.8520078659058, "HV": 0.6194995577332589}, "17": {"time": 2172.8904218673706, "HV": 0.6222175364386349}, "18": {"time": 2274.4980442523956, "HV": 0.6237329945651598}, "19": {"time": 2384.2290046215057, "HV": 0.6275097032601024}, "20": {"time": 2491.6071984767914, "HV": 0.6303615679396983}, "21": {"time": 2606.7553284168243, "HV": 0.6312097339046059}, "22": {"time": 2722.4380357265472, "HV": 0.6317972267339687}, "23": {"time": 2814.5435864925385, "HV": 0.6309194956115074}, "24": {"time": 2920.380380630493, "HV": 0.6317493966552246}, "25": {"time": 3005.540014743805, "HV": 0.6315224868925113}, "26": {"time": 3097.0681805610657, "HV": 0.6334118068322958}, "27": {"time": 3210.680596113205, "HV": 0.6332536249691941}, "28": {"time": 3318.3966929912567, "HV": 0.6334441033448373}, "29": {"time": 3431.6678302288055, "HV": 0.6332734632087285}, "30": {"time": 3557.281339406967, "HV": 0.6354642432994293}}