{"0": {"time": 331.12368154525757, "HV": 0.5794294669510851}, "1": {"time": 829.8647255897522, "HV": 0.6162049215964642}, "2": {"time": 1233.8957769870758, "HV": 0.6362717988023141}, "3": {"time": 1556.324927330017, "HV": 0.6432546579361971}, "4": {"time": 1920.8716170787811, "HV": 0.6532113103970348}, "5": {"time": 2297.057934522629, "HV": 0.6558850855116007}, "6": {"time": 2704.715660095215, "HV": 0.657659372778367}, "7": {"time": 3127.1435906887054, "HV": 0.6608333231992205}}