{"0": {"time": 259.77575755119324, "HV": 0.5157327146414749}, "1": {"time": 1029.0787045955658, "HV": 0.5470531608218205}, "2": {"time": 2005.2052309513092, "HV": 0.5683222352615517}, "3": {"time": 2783.2176146507263, "HV": 0.5824726886283256}, "4": {"time": 3475.7271823883057, "HV": 0.590985070193019}, "5": {"time": 4149.330629348755, "HV": 0.605370681442869}, "6": {"time": 4794.321692943573, "HV": 0.6126043798574985}, "7": {"time": 5439.114652395248, "HV": 0.6185634244602227}, "8": {"time": 5921.477272510529, "HV": 0.624391334132411}, "9": {"time": 6445.346834897995, "HV": 0.6330413579410018}, "10": {"time": 6874.502479553223, "HV": 0.6353459168228746}, "11": {"time": 7532.680545806885, "HV": 0.6368136758619225}, "12": {"time": 8080.390169620514, "HV": 0.6397403957343573}, "13": {"time": 8570.800603866577, "HV": 0.6417720325328384}, "14": {"time": 9070.81664276123, "HV": 0.642658726275366}, "15": {"time": 9615.541568279266, "HV": 0.6462120367090068}, "16": {"time": 10024.530792474747, "HV": 0.6495404698168373}}