{"0": {"time": 968.505863904953, "HV": 0.43167476699425666}, "1": {"time": 4061.8637325763702, "HV": 0.44520701075322106}}