{"0": {"time": 215.68166303634644, "HV": 0.5982938321320608}, "1": {"time": 757.8891701698303, "HV": 0.6169874322360924}, "2": {"time": 1194.6817524433136, "HV": 0.634119250054864}, "3": {"time": 1743.6614570617676, "HV": 0.6429656486593305}, "4": {"time": 2241.2676134109497, "HV": 0.6485795297759682}, "5": {"time": 2769.447112083435, "HV": 0.6539512510697392}, "6": {"time": 3294.782744407654, "HV": 0.6607839079945458}, "7": {"time": 3667.217353820801, "HV": 0.6649538665916841}, "8": {"time": 4080.5299441814423, "HV": 0.6671501186631617}, "9": {"time": 4479.8614864349365, "HV": 0.6666922607861641}, "10": {"time": 4994.510627508163, "HV": 0.6702102271441553}, "11": {"time": 5445.39241194725, "HV": 0.66835781709951}, "12": {"time": 5932.427841424942, "HV": 0.6693213614119268}, "13": {"time": 6312.132943868637, "HV": 0.6699096317042866}, "14": {"time": 6752.563916921616, "HV": 0.6702246380300462}, "15": {"time": 7097.193937301636, "HV": 0.6739297845550402}, "16": {"time": 7417.622383594513, "HV": 0.674807264093048}, "17": {"time": 7854.208750247955, "HV": 0.6763172407117357}, "18": {"time": 8128.369240999222, "HV": 0.6772395385182095}, "19": {"time": 8439.252285957336, "HV": 0.6757563265939582}, "20": {"time": 8894.847332239151, "HV": 0.6762209149959765}, "21": {"time": 9134.691679239273, "HV": 0.6774422815365335}, "22": {"time": 9531.199805498123, "HV": 0.677879868902981}, "23": {"time": 9895.593939781189, "HV": 0.6785885443636279}, "24": {"time": 10262.953267335892, "HV": 0.6777257576997812}, "25": {"time": 10652.32642030716, "HV": 0.6809170598081058}}