{"0": {"time": 545.2841482162476, "HV": 0.31360605197592467}, "1": {"time": 1939.767421722412, "HV": 0.31671925021665037}, "2": {"time": 2658.7254722118378, "HV": 0.32268560639366667}, "3": {"time": 3394.167993545532, "HV": 0.32637064543258953}, "4": {"time": 4481.855711698532, "HV": 0.3292875644856865}, "5": {"time": 5722.283282995224, "HV": 0.3455415918225942}, "6": {"time": 6715.426120758057, "HV": 0.3464472822743534}}