{"0": {"time": 455.93947315216064, "HV": 0.5390647550812656}, "1": {"time": 1251.9768149852753, "HV": 0.5538662027136987}, "2": {"time": 1789.7010192871094, "HV": 0.5593877574681272}, "3": {"time": 2406.9388914108276, "HV": 0.5684150033249369}, "4": {"time": 3127.716915369034, "HV": 0.5790891306236713}}