{"0": {"time": 4.17992639541626, "HV": 0.4896421508945199}, "1": {"time": 11.78031039237976, "HV": 0.508304960534902}, "2": {"time": 19.679837226867676, "HV": 0.5192143533997827}, "3": {"time": 26.116654872894287, "HV": 0.5278963833977373}, "4": {"time": 31.905242919921875, "HV": 0.5328903147268274}, "5": {"time": 38.16091203689575, "HV": 0.5320311145262229}, "6": {"time": 45.205610275268555, "HV": 0.5337589182793724}, "7": {"time": 56.11334681510925, "HV": 0.5364841259658704}, "8": {"time": 63.38476061820984, "HV": 0.5362134879780756}, "9": {"time": 69.90982270240784, "HV": 0.5399851933190525}, "10": {"time": 76.62572717666626, "HV": 0.5421477563973767}, "11": {"time": 83.88141059875488, "HV": 0.5454459106936472}, "12": {"time": 93.53789854049683, "HV": 0.5469288349209279}, "13": {"time": 104.08309817314148, "HV": 0.5495673339480005}, "14": {"time": 117.58832240104675, "HV": 0.54878127838887}, "15": {"time": 128.97999501228333, "HV": 0.549754596486011}, "16": {"time": 136.49286198616028, "HV": 0.5510618444543778}, "17": {"time": 146.45911264419556, "HV": 0.5506207310192326}, "18": {"time": 152.9692738056183, "HV": 0.5547927819871746}, "19": {"time": 159.85387468338013, "HV": 0.5531497926897583}, "20": {"time": 167.44447541236877, "HV": 0.5541101909307982}, "21": {"time": 174.08821272850037, "HV": 0.5545057691136462}, "22": {"time": 182.4513750076294, "HV": 0.5549337583233769}, "23": {"time": 189.32097482681274, "HV": 0.5590777979083004}, "24": {"time": 196.65780305862427, "HV": 0.5609649224242477}, "25": {"time": 204.06966590881348, "HV": 0.5647312160377912}, "26": {"time": 211.30436444282532, "HV": 0.5690983548427988}, "27": {"time": 217.74848127365112, "HV": 0.5682869719051842}, "28": {"time": 225.2252974510193, "HV": 0.5694176735776982}, "29": {"time": 232.53707337379456, "HV": 0.569919899638461}, "30": {"time": 238.98548102378845, "HV": 0.5705153967581774}, "31": {"time": 245.19112491607666, "HV": 0.5684010122234385}, "32": {"time": 251.75500082969666, "HV": 0.5693934205994178}, "33": {"time": 258.37850689888, "HV": 0.5786407837440886}, "34": {"time": 265.3560206890106, "HV": 0.5795795363004222}, "35": {"time": 271.6533753871918, "HV": 0.5811737793169041}, "36": {"time": 278.2242474555969, "HV": 0.5837308776523229}, "37": {"time": 285.1022572517395, "HV": 0.584276595511481}, "38": {"time": 291.63175654411316, "HV": 0.5889405655893043}, "39": {"time": 297.224173784256, "HV": 0.5931589851745394}, "40": {"time": 303.61247968673706, "HV": 0.5934158766837518}, "41": {"time": 309.539678812027, "HV": 0.5952665237475021}, "42": {"time": 316.73395013809204, "HV": 0.597262648525096}, "43": {"time": 323.8486053943634, "HV": 0.599282199405338}, "44": {"time": 329.3674490451813, "HV": 0.5993605765383596}, "45": {"time": 334.7678048610687, "HV": 0.5998947744082948}, "46": {"time": 341.3403012752533, "HV": 0.600280906122564}, "47": {"time": 346.7578561306, "HV": 0.6018824815651597}, "48": {"time": 354.25463008880615, "HV": 0.6036792170221383}, "49": {"time": 360.21123480796814, "HV": 0.6006032114657417}, "50": {"time": 366.46941804885864, "HV": 0.6022762936921732}, "51": {"time": 373.239501953125, "HV": 0.6011117979449445}, "52": {"time": 378.56029891967773, "HV": 0.6017335484535095}, "53": {"time": 385.4770963191986, "HV": 0.6010297979897903}, "54": {"time": 393.13091015815735, "HV": 0.6034124475822736}, "55": {"time": 399.134113073349, "HV": 0.6036627483970333}, "56": {"time": 405.43959736824036, "HV": 0.6015708269761646}}