{"0": {"time": 3.88348388671875, "HV": 0.32577713853320805}, "1": {"time": 12.286704540252686, "HV": 0.35486896373545584}, "2": {"time": 18.71513032913208, "HV": 0.38678747355555276}, "3": {"time": 24.642593383789062, "HV": 0.40044330800603933}, "4": {"time": 31.540470361709595, "HV": 0.40746618616916885}, "5": {"time": 36.571452379226685, "HV": 0.41237953248948045}, "6": {"time": 41.73140811920166, "HV": 0.4141042452626885}, "7": {"time": 50.29907274246216, "HV": 0.4175294059255837}, "8": {"time": 55.60913562774658, "HV": 0.4203697375472888}, "9": {"time": 61.12766098976135, "HV": 0.4243104949520261}, "10": {"time": 66.30566787719727, "HV": 0.42547216580989106}, "11": {"time": 72.07183814048767, "HV": 0.4332042943355025}, "12": {"time": 78.3681652545929, "HV": 0.4366922171923444}, "13": {"time": 84.4882698059082, "HV": 0.4393187950156373}, "14": {"time": 89.68279194831848, "HV": 0.4398866026358117}, "15": {"time": 95.60667777061462, "HV": 0.4412612661215449}, "16": {"time": 100.71351170539856, "HV": 0.4426092812454697}, "17": {"time": 106.31749629974365, "HV": 0.4452063337253108}, "18": {"time": 112.7693567276001, "HV": 0.446101220150791}, "19": {"time": 121.57905173301697, "HV": 0.4473615222469546}, "20": {"time": 131.0268096923828, "HV": 0.4475978942877936}, "21": {"time": 139.2446310520172, "HV": 0.44741895272793264}, "22": {"time": 147.39324927330017, "HV": 0.44811469986537744}, "23": {"time": 155.40304589271545, "HV": 0.44823559897880116}, "24": {"time": 163.12141394615173, "HV": 0.4469711262360644}, "25": {"time": 169.99891352653503, "HV": 0.4482076850083859}, "26": {"time": 176.07077288627625, "HV": 0.44833519075523975}, "27": {"time": 181.87080645561218, "HV": 0.44849264949342643}, "28": {"time": 187.74288249015808, "HV": 0.448284402988844}}