{"0": {"time": 5.870102167129517, "HV": 0.5378831882440531}, "1": {"time": 25.95493197441101, "HV": 0.5522558080276208}, "2": {"time": 40.309616804122925, "HV": 0.5722321202014766}, "3": {"time": 52.61079382896423, "HV": 0.5933366860263374}, "4": {"time": 65.92375445365906, "HV": 0.6055651297000397}, "5": {"time": 81.39874625205994, "HV": 0.6124684686504558}, "6": {"time": 95.99775099754333, "HV": 0.6223471099725719}, "7": {"time": 111.11253309249878, "HV": 0.6250822511296696}, "8": {"time": 124.89321088790894, "HV": 0.6279466140717058}, "9": {"time": 137.47338938713074, "HV": 0.6327541827909577}, "10": {"time": 151.4894745349884, "HV": 0.6341618375060332}, "11": {"time": 166.13666605949402, "HV": 0.6403703284299056}, "12": {"time": 179.20026326179504, "HV": 0.6433191063482904}, "13": {"time": 192.51146531105042, "HV": 0.6441977980079454}, "14": {"time": 204.99961686134338, "HV": 0.6447613155434622}, "15": {"time": 220.73656105995178, "HV": 0.6461154432214853}, "16": {"time": 236.6765651702881, "HV": 0.6466229873222709}, "17": {"time": 251.5157413482666, "HV": 0.6486393653088538}, "18": {"time": 265.06557035446167, "HV": 0.6486845955280911}, "19": {"time": 281.1694905757904, "HV": 0.6503351175385484}, "20": {"time": 297.8441789150238, "HV": 0.6510182577434313}, "21": {"time": 311.1875214576721, "HV": 0.6517432552168703}, "22": {"time": 324.38490319252014, "HV": 0.6544544361950608}, "23": {"time": 337.90735483169556, "HV": 0.6560593110522093}, "24": {"time": 350.56346344947815, "HV": 0.656098164399846}, "25": {"time": 363.4143421649933, "HV": 0.6574171609181303}, "26": {"time": 377.92684531211853, "HV": 0.658126370509228}, "27": {"time": 394.3572256565094, "HV": 0.6587007809966863}, "28": {"time": 409.92553544044495, "HV": 0.6595286958830066}, "29": {"time": 425.98349690437317, "HV": 0.6598556759155605}, "30": {"time": 438.1227927207947, "HV": 0.6595126702092291}}