{"0": {"time": 4.203295469284058, "HV": 0.502675669651737}, "1": {"time": 11.910167932510376, "HV": 0.5504757889814172}, "2": {"time": 18.50990104675293, "HV": 0.5700118766385174}, "3": {"time": 26.34678363800049, "HV": 0.5890812272376175}, "4": {"time": 33.23473358154297, "HV": 0.5931290332906908}, "5": {"time": 40.63827991485596, "HV": 0.6049447491389102}, "6": {"time": 47.359450817108154, "HV": 0.612559152654614}, "7": {"time": 53.739887952804565, "HV": 0.6210740575806102}, "8": {"time": 60.028090953826904, "HV": 0.6319796258673163}, "9": {"time": 66.78362274169922, "HV": 0.6394687952993658}, "10": {"time": 73.40704703330994, "HV": 0.6429224319243996}}