{"0": {"time": 28.905784606933594, "HV": 0.30786182089931047}, "1": {"time": 130.6334719657898, "HV": 0.3179254654695229}, "2": {"time": 176.43740367889404, "HV": 0.33013843939439486}, "3": {"time": 247.63191938400269, "HV": 0.3324868118700383}, "4": {"time": 305.26778984069824, "HV": 0.33615236998905507}, "5": {"time": 368.3232207298279, "HV": 0.33905705911068634}, "6": {"time": 429.6756386756897, "HV": 0.3441464389685054}, "7": {"time": 488.9987967014313, "HV": 0.3480324024698216}, "8": {"time": 532.038735628128, "HV": 0.3488734799472737}, "9": {"time": 574.7262532711029, "HV": 0.3494595189931513}, "10": {"time": 631.7718405723572, "HV": 0.34972672230815705}, "11": {"time": 678.5712141990662, "HV": 0.35032633308550964}, "12": {"time": 724.7205338478088, "HV": 0.3510278410405243}, "13": {"time": 767.6825687885284, "HV": 0.35130831888450875}, "14": {"time": 811.8586723804474, "HV": 0.35207185495401}, "15": {"time": 859.4895842075348, "HV": 0.35229903059619905}, "16": {"time": 891.067539691925, "HV": 0.3523921829136579}, "17": {"time": 940.416996717453, "HV": 0.35240366383077576}, "18": {"time": 978.8736288547516, "HV": 0.3525258305808955}, "19": {"time": 1018.6367073059082, "HV": 0.35261120375062155}, "20": {"time": 1061.0796911716461, "HV": 0.3527221799280222}, "21": {"time": 1101.6060910224915, "HV": 0.3527716906223748}, "22": {"time": 1141.715574502945, "HV": 0.35279384803999597}, "23": {"time": 1183.2702596187592, "HV": 0.35699584380868354}, "24": {"time": 1226.2069718837738, "HV": 0.36402065656018723}, "25": {"time": 1266.1469628810883, "HV": 0.3642239300396503}, "26": {"time": 1311.1701345443726, "HV": 0.3642751523183877}, "27": {"time": 1353.0750386714935, "HV": 0.3647907668648857}, "28": {"time": 1390.817176580429, "HV": 0.36907430151102866}, "29": {"time": 1420.6714775562286, "HV": 0.3690896710645484}, "30": {"time": 1457.7820889949799, "HV": 0.3691033217393345}, "31": {"time": 1498.9369111061096, "HV": 0.36922903910702914}, "32": {"time": 1529.31427526474, "HV": 0.36927511738809315}, "33": {"time": 1569.921587228775, "HV": 0.3694040120193744}, "34": {"time": 1609.7759914398193, "HV": 0.3698081623646755}, "35": {"time": 1666.675607919693, "HV": 0.3698539366589948}, "36": {"time": 1703.7229166030884, "HV": 0.36990744165805317}, "37": {"time": 1727.1228680610657, "HV": 0.37008888138855717}, "38": {"time": 1775.1493525505066, "HV": 0.37005903965110915}, "39": {"time": 1804.158934354782, "HV": 0.3702019011660901}, "40": {"time": 1841.0495600700378, "HV": 0.3702777132088598}, "41": {"time": 1885.3979034423828, "HV": 0.3703798292025051}, "42": {"time": 1923.3033385276794, "HV": 0.37067714363059584}, "43": {"time": 1957.3001174926758, "HV": 0.3707319766751518}, "44": {"time": 1988.4261910915375, "HV": 0.37143618194036215}, "45": {"time": 2024.6673674583435, "HV": 0.3713965705446712}}