{"0": {"time": 6.8594069480896, "HV": 0.5111342276133447}, "1": {"time": 30.49550771713257, "HV": 0.5470004226546931}, "2": {"time": 47.39372706413269, "HV": 0.5685397512988631}, "3": {"time": 68.76464223861694, "HV": 0.5794965777128782}, "4": {"time": 91.09741497039795, "HV": 0.5851729253888979}, "5": {"time": 111.30683064460754, "HV": 0.5877014773672228}, "6": {"time": 133.96297979354858, "HV": 0.59420726280739}, "7": {"time": 154.33750176429749, "HV": 0.5992311356712712}, "8": {"time": 176.8288185596466, "HV": 0.6023451423061065}, "9": {"time": 196.11279773712158, "HV": 0.6080006570324628}, "10": {"time": 217.23979377746582, "HV": 0.6097061219388258}, "11": {"time": 235.7898805141449, "HV": 0.6142340136313308}, "12": {"time": 252.38399577140808, "HV": 0.615815522379625}, "13": {"time": 276.8406412601471, "HV": 0.6172350908224377}, "14": {"time": 298.0187180042267, "HV": 0.6193656773508118}, "15": {"time": 315.80247497558594, "HV": 0.6201801524657468}, "16": {"time": 333.00345635414124, "HV": 0.6213101302374407}, "17": {"time": 350.5938882827759, "HV": 0.6221119192730832}, "18": {"time": 366.0596590042114, "HV": 0.6226756166773711}, "19": {"time": 383.6544773578644, "HV": 0.6231465058180261}, "20": {"time": 402.99752020835876, "HV": 0.6237083583873507}, "21": {"time": 422.5758447647095, "HV": 0.623915156935349}, "22": {"time": 439.43733644485474, "HV": 0.6234078481492215}, "23": {"time": 457.8459494113922, "HV": 0.6238992708369928}, "24": {"time": 475.7190840244293, "HV": 0.6246104047527181}, "25": {"time": 495.06317496299744, "HV": 0.6250594024831337}, "26": {"time": 515.975513458252, "HV": 0.6257083541831275}, "27": {"time": 533.9988036155701, "HV": 0.6255771286496212}, "28": {"time": 552.5909307003021, "HV": 0.6261756244725696}, "29": {"time": 569.9478769302368, "HV": 0.6262882124404087}, "30": {"time": 588.7012598514557, "HV": 0.6268677970891335}}