{"0": {"time": 15.749041080474854, "HV": 0.29291196410155934}, "1": {"time": 56.3315532207489, "HV": 0.34132054689855285}, "2": {"time": 74.7147114276886, "HV": 0.3477814747131484}, "3": {"time": 92.22164702415466, "HV": 0.35030079311998197}, "4": {"time": 112.39392685890198, "HV": 0.3526360386573755}, "5": {"time": 130.88025760650635, "HV": 0.3583974716588123}, "6": {"time": 148.68521237373352, "HV": 0.36460206219221214}, "7": {"time": 164.22576928138733, "HV": 0.3761821157666832}, "8": {"time": 181.09721660614014, "HV": 0.3789203336765943}, "9": {"time": 199.71651673316956, "HV": 0.3795900708984284}, "10": {"time": 219.96376085281372, "HV": 0.38045776898930334}, "11": {"time": 237.3308141231537, "HV": 0.3809289876102827}, "12": {"time": 253.2282736301422, "HV": 0.38092333753363994}, "13": {"time": 271.847318649292, "HV": 0.38176275200097004}, "14": {"time": 287.4298372268677, "HV": 0.38177860389227897}, "15": {"time": 302.4667477607727, "HV": 0.3821224323129965}, "16": {"time": 318.17582988739014, "HV": 0.38189119127194676}, "17": {"time": 335.9003984928131, "HV": 0.38195442232260024}, "18": {"time": 352.2241463661194, "HV": 0.3822462507918515}, "19": {"time": 370.2414119243622, "HV": 0.3825529158573139}, "20": {"time": 386.65746784210205, "HV": 0.3831252752901881}, "21": {"time": 404.94632267951965, "HV": 0.3832273758510097}, "22": {"time": 423.2549214363098, "HV": 0.3924356091405049}, "23": {"time": 439.5707063674927, "HV": 0.39267257607318273}, "24": {"time": 455.82545351982117, "HV": 0.3926605063649079}, "25": {"time": 479.63148641586304, "HV": 0.39275939878645394}, "26": {"time": 496.6905117034912, "HV": 0.39297918683080924}, "27": {"time": 517.2795796394348, "HV": 0.39329898092632426}, "28": {"time": 533.9644501209259, "HV": 0.39334200223495486}, "29": {"time": 557.1341366767883, "HV": 0.3934240661914683}, "30": {"time": 573.9491353034973, "HV": 0.39343665471712896}, "31": {"time": 592.8987853527069, "HV": 0.3936543347225592}, "32": {"time": 609.0470695495605, "HV": 0.3939556149236314}, "33": {"time": 623.9228322505951, "HV": 0.39398385078427}, "34": {"time": 639.8133342266083, "HV": 0.3941353884445469}, "35": {"time": 657.291894197464, "HV": 0.3943680503993339}, "36": {"time": 672.0189101696014, "HV": 0.3946468556992744}, "37": {"time": 686.5206182003021, "HV": 0.3943092573569641}}