{"0": {"time": 5.7918994426727295, "HV": 0.3789786984953496}, "1": {"time": 21.256254196166992, "HV": 0.3949668041138859}, "2": {"time": 32.577893018722534, "HV": 0.41049298150262414}, "3": {"time": 44.38348460197449, "HV": 0.4138946422669564}, "4": {"time": 56.861512899398804, "HV": 0.4178635934232232}, "5": {"time": 69.31215405464172, "HV": 0.42167221232203994}, "6": {"time": 84.12679719924927, "HV": 0.4307199169977658}, "7": {"time": 100.5244357585907, "HV": 0.4375529520072429}, "8": {"time": 114.01130199432373, "HV": 0.43852193016208485}, "9": {"time": 128.76273846626282, "HV": 0.4415935929055812}, "10": {"time": 142.93945980072021, "HV": 0.44509589398704963}, "11": {"time": 159.72118663787842, "HV": 0.4485841534067563}, "12": {"time": 179.24165678024292, "HV": 0.4508121806835842}, "13": {"time": 193.24489450454712, "HV": 0.45225936675347755}, "14": {"time": 207.41017532348633, "HV": 0.4537050689021389}, "15": {"time": 222.47169303894043, "HV": 0.4548913269883327}, "16": {"time": 234.28244709968567, "HV": 0.4567662217319354}, "17": {"time": 248.62261533737183, "HV": 0.4593015409780872}, "18": {"time": 261.4621000289917, "HV": 0.4602028742862199}, "19": {"time": 273.0519390106201, "HV": 0.46081757492797815}, "20": {"time": 285.16572737693787, "HV": 0.46168654114714713}, "21": {"time": 297.8553385734558, "HV": 0.4622949763272324}, "22": {"time": 310.3256688117981, "HV": 0.46310499623820783}, "23": {"time": 321.8181972503662, "HV": 0.4634249664085492}, "24": {"time": 333.2725901603699, "HV": 0.4639779709453127}, "25": {"time": 345.84910774230957, "HV": 0.4645158035165249}, "26": {"time": 356.153377532959, "HV": 0.4647320218592497}, "27": {"time": 366.52516055107117, "HV": 0.46518160677436093}, "28": {"time": 378.93662428855896, "HV": 0.46519380590000664}, "29": {"time": 390.5723178386688, "HV": 0.46540350148215487}, "30": {"time": 401.6196196079254, "HV": 0.4653181819400355}}