{"0": {"time": 11.78609824180603, "HV": 0.272578670480409}, "1": {"time": 46.0710723400116, "HV": 0.2748572274836474}, "2": {"time": 67.33352398872375, "HV": 0.28012390864987025}, "3": {"time": 84.6137330532074, "HV": 0.289976847087602}, "4": {"time": 110.30011487007141, "HV": 0.29157566869204776}, "5": {"time": 129.93129324913025, "HV": 0.29190106337107924}, "6": {"time": 147.73727011680603, "HV": 0.29438843847362567}, "7": {"time": 167.53500247001648, "HV": 0.2949829748077969}, "8": {"time": 186.47873735427856, "HV": 0.29624962322308357}, "9": {"time": 206.8263292312622, "HV": 0.2968198079679755}, "10": {"time": 229.76434326171875, "HV": 0.30011285635320706}, "11": {"time": 247.36325764656067, "HV": 0.3001880143695404}, "12": {"time": 263.0582699775696, "HV": 0.3004148462592918}, "13": {"time": 277.9788417816162, "HV": 0.3007150863480887}, "14": {"time": 293.26976203918457, "HV": 0.30073621929443106}, "15": {"time": 306.240923166275, "HV": 0.30077770094198186}, "16": {"time": 324.32679891586304, "HV": 0.30101534833564664}, "17": {"time": 340.2461009025574, "HV": 0.3014431142000148}, "18": {"time": 357.68534088134766, "HV": 0.30858367189498737}, "19": {"time": 373.25732254981995, "HV": 0.3107280208564836}, "20": {"time": 384.7878987789154, "HV": 0.3109558085267274}, "21": {"time": 393.7726089954376, "HV": 0.3115149760610237}, "22": {"time": 405.7042579650879, "HV": 0.31185833825049847}, "23": {"time": 419.13394951820374, "HV": 0.31372517974268505}, "24": {"time": 429.96645998954773, "HV": 0.3204108797692713}, "25": {"time": 443.1395175457001, "HV": 0.3205187241725681}, "26": {"time": 457.16896629333496, "HV": 0.32058523092188795}, "27": {"time": 469.51635098457336, "HV": 0.32064962227189886}, "28": {"time": 482.05413937568665, "HV": 0.3207064528170461}, "29": {"time": 492.833331823349, "HV": 0.3208410943135647}, "30": {"time": 504.7661759853363, "HV": 0.32265983702933976}}