{"0": {"NFE": 4, "HV": 0.12536838253128552}, "1": {"NFE": 15, "HV": 0.12525472643841748}, "2": {"NFE": 19, "HV": 0.12525472643841748}}