{"0": {"time": 9.368350744247437, "HV": 0.49167603260467563}, "1": {"time": 41.85579776763916, "HV": 0.5143859478223821}, "2": {"time": 67.80899715423584, "HV": 0.5308849177032534}, "3": {"time": 89.46518015861511, "HV": 0.5565129847975964}, "4": {"time": 119.35246276855469, "HV": 0.5670758614651904}, "5": {"time": 143.38530325889587, "HV": 0.5746549900178831}, "6": {"time": 172.8313446044922, "HV": 0.5811192645146219}, "7": {"time": 199.94402074813843, "HV": 0.5858287438832177}, "8": {"time": 224.438796043396, "HV": 0.5915738100830408}, "9": {"time": 252.43200588226318, "HV": 0.5941416772848007}, "10": {"time": 276.4922790527344, "HV": 0.5964866188999461}, "11": {"time": 297.8181655406952, "HV": 0.5991255009492239}, "12": {"time": 321.44089007377625, "HV": 0.6005898553472779}, "13": {"time": 342.2003161907196, "HV": 0.6023746333304423}, "14": {"time": 363.4973669052124, "HV": 0.60343139639969}, "15": {"time": 388.7269825935364, "HV": 0.6043166814265393}, "16": {"time": 409.8830850124359, "HV": 0.604996791237438}, "17": {"time": 430.0314133167267, "HV": 0.6051759446998755}, "18": {"time": 450.64228534698486, "HV": 0.6058307170181807}, "19": {"time": 472.32559990882874, "HV": 0.6066873563154682}, "20": {"time": 493.6541893482208, "HV": 0.6076090430383121}, "21": {"time": 521.2437329292297, "HV": 0.6076596347870984}, "22": {"time": 543.397896528244, "HV": 0.6088673213807534}, "23": {"time": 565.964524269104, "HV": 0.6089861216396482}, "24": {"time": 589.4174652099609, "HV": 0.6094850078876075}, "25": {"time": 610.3572299480438, "HV": 0.6105480578558465}, "26": {"time": 631.7888898849487, "HV": 0.6111627364706272}, "27": {"time": 651.7576546669006, "HV": 0.6110801306762871}, "28": {"time": 675.4239571094513, "HV": 0.6120586208116454}, "29": {"time": 697.8021757602692, "HV": 0.6120283524043952}, "30": {"time": 721.263189792633, "HV": 0.612329703016472}, "31": {"time": 745.661719083786, "HV": 0.6125768033287191}, "32": {"time": 771.0365128517151, "HV": 0.6130537261198687}, "33": {"time": 792.507486820221, "HV": 0.6135123805649194}, "34": {"time": 818.1758444309235, "HV": 0.6137325637530768}, "35": {"time": 840.3575291633606, "HV": 0.6138426042410188}, "36": {"time": 862.1115353107452, "HV": 0.613727855577312}, "37": {"time": 884.0766808986664, "HV": 0.614126542002795}, "38": {"time": 906.0972468852997, "HV": 0.6141610970189906}, "39": {"time": 925.9643592834473, "HV": 0.6142627129789662}, "40": {"time": 945.9577703475952, "HV": 0.6149517564730256}, "41": {"time": 965.5671458244324, "HV": 0.6152505842569498}, "42": {"time": 987.6215224266052, "HV": 0.6151922419841249}, "43": {"time": 1008.4490344524384, "HV": 0.6155847933139202}, "44": {"time": 1030.3492891788483, "HV": 0.615682678103485}, "45": {"time": 1053.6490483283997, "HV": 0.6157329384698076}, "46": {"time": 1075.1180646419525, "HV": 0.6159712565579021}, "47": {"time": 1097.949414730072, "HV": 0.6159991169068182}}