{"0": {"time": 7.30683445930481, "HV": 0.46514714987848954}, "1": {"time": 21.775834560394287, "HV": 0.4969978725854718}, "2": {"time": 32.09873008728027, "HV": 0.5460493359314939}, "3": {"time": 43.750723123550415, "HV": 0.5653739409525586}, "4": {"time": 53.47311544418335, "HV": 0.5734342132874416}, "5": {"time": 64.90083003044128, "HV": 0.5760810159389728}, "6": {"time": 74.33380770683289, "HV": 0.58208462390124}, "7": {"time": 84.4793393611908, "HV": 0.5849066592531692}, "8": {"time": 93.15515542030334, "HV": 0.5867508728012281}, "9": {"time": 102.5332362651825, "HV": 0.5910087657163454}, "10": {"time": 112.59527921676636, "HV": 0.5936237671417}, "11": {"time": 121.21191954612732, "HV": 0.5930391821778845}, "12": {"time": 130.32970547676086, "HV": 0.5964256972430809}, "13": {"time": 144.14218926429749, "HV": 0.5971830185364523}, "14": {"time": 153.4737892150879, "HV": 0.5999176536757521}, "15": {"time": 162.612783908844, "HV": 0.5999071437266515}, "16": {"time": 172.76264572143555, "HV": 0.6001693249831469}, "17": {"time": 181.37946557998657, "HV": 0.6028899012661134}, "18": {"time": 191.42469191551208, "HV": 0.6027405299243112}, "19": {"time": 198.4675965309143, "HV": 0.6025218065193243}, "20": {"time": 206.86079502105713, "HV": 0.6034624884883786}, "21": {"time": 215.83228731155396, "HV": 0.6055771731036177}, "22": {"time": 224.90809559822083, "HV": 0.6059590590433799}, "23": {"time": 234.3266830444336, "HV": 0.6060050087462757}, "24": {"time": 242.09500527381897, "HV": 0.6068982854998741}, "25": {"time": 251.28669238090515, "HV": 0.6060326929425286}, "26": {"time": 260.32581877708435, "HV": 0.6065156926458601}, "27": {"time": 273.24578404426575, "HV": 0.6077963339404576}, "28": {"time": 285.6608853340149, "HV": 0.6072185085510114}, "29": {"time": 298.8836407661438, "HV": 0.6085893714082724}, "30": {"time": 313.30624318122864, "HV": 0.6082462025998961}, "31": {"time": 326.7557954788208, "HV": 0.607323078333291}, "32": {"time": 338.7052481174469, "HV": 0.6081056434400859}, "33": {"time": 352.15267848968506, "HV": 0.6077773064077822}}