{"0": {"time": 7.206019878387451, "HV": 0.5361573758192597}, "1": {"time": 30.745843410491943, "HV": 0.5705821749433988}, "2": {"time": 47.27725148200989, "HV": 0.5853311175760668}, "3": {"time": 64.1351068019867, "HV": 0.603305105083767}, "4": {"time": 80.9631941318512, "HV": 0.6145098826875367}, "5": {"time": 97.68045282363892, "HV": 0.6218136160982445}, "6": {"time": 115.45202922821045, "HV": 0.6258624524204538}, "7": {"time": 131.33134579658508, "HV": 0.6290315203258957}, "8": {"time": 149.57765007019043, "HV": 0.6309904071086274}, "9": {"time": 166.71784853935242, "HV": 0.6343438565930841}, "10": {"time": 182.71255207061768, "HV": 0.6371313363159687}, "11": {"time": 199.32062149047852, "HV": 0.6386561875552182}, "12": {"time": 218.5555272102356, "HV": 0.640979456077582}, "13": {"time": 234.07761359214783, "HV": 0.6422320893995394}, "14": {"time": 249.6001636981964, "HV": 0.6423803439596625}, "15": {"time": 265.39527797698975, "HV": 0.6432656937581495}, "16": {"time": 279.7978539466858, "HV": 0.6438044316931372}, "17": {"time": 297.3068127632141, "HV": 0.6436538201698773}, "18": {"time": 313.8633997440338, "HV": 0.6445498321206848}, "19": {"time": 330.6309688091278, "HV": 0.6453050989843219}, "20": {"time": 347.0593068599701, "HV": 0.6453532935519742}, "21": {"time": 364.4224145412445, "HV": 0.645111175775426}, "22": {"time": 378.9122226238251, "HV": 0.6449173706151942}, "23": {"time": 394.55285692214966, "HV": 0.6459678154285136}, "24": {"time": 410.78393959999084, "HV": 0.6456621522959861}, "25": {"time": 425.99983048439026, "HV": 0.6463417997021181}, "26": {"time": 441.79860949516296, "HV": 0.6469213889007381}, "27": {"time": 457.90783739089966, "HV": 0.6470228386565101}, "28": {"time": 476.0164203643799, "HV": 0.6477993201911182}, "29": {"time": 490.69585037231445, "HV": 0.6479645281963433}, "30": {"time": 506.3231985569, "HV": 0.6478013239967345}}