{"0": {"time": 10.59032940864563, "HV": 0.26489597874439175}, "1": {"time": 48.754231452941895, "HV": 0.27251801630587075}, "2": {"time": 63.76862645149231, "HV": 0.2802991703655554}, "3": {"time": 83.33467984199524, "HV": 0.28186974228163514}, "4": {"time": 103.48192191123962, "HV": 0.2822148122005915}, "5": {"time": 127.64706158638, "HV": 0.2857762252165805}, "6": {"time": 150.4092357158661, "HV": 0.28892332314090147}, "7": {"time": 174.20523929595947, "HV": 0.2921091793676813}, "8": {"time": 195.57836151123047, "HV": 0.293347495257301}, "9": {"time": 212.8735704421997, "HV": 0.2942378540214688}, "10": {"time": 230.41464114189148, "HV": 0.29458849748967525}, "11": {"time": 246.5008828639984, "HV": 0.2970976454447886}, "12": {"time": 257.17961025238037, "HV": 0.297430168627231}, "13": {"time": 270.2125027179718, "HV": 0.297834554712924}, "14": {"time": 287.092476606369, "HV": 0.2998358818304182}, "15": {"time": 302.64979219436646, "HV": 0.3005883004394498}, "16": {"time": 317.7340497970581, "HV": 0.3022806766704551}, "17": {"time": 331.9861013889313, "HV": 0.309291013856326}, "18": {"time": 342.7022261619568, "HV": 0.30936935165270296}, "19": {"time": 356.2677059173584, "HV": 0.30945604501514745}, "20": {"time": 367.66209721565247, "HV": 0.3095362263033085}, "21": {"time": 377.4703776836395, "HV": 0.31149240276668644}, "22": {"time": 388.80665850639343, "HV": 0.31320203885560766}, "23": {"time": 400.3834581375122, "HV": 0.3132813000967629}, "24": {"time": 411.16924691200256, "HV": 0.3201038733467151}, "25": {"time": 423.0942418575287, "HV": 0.3201889215366997}, "26": {"time": 437.74511647224426, "HV": 0.3202534325944375}, "27": {"time": 451.9180269241333, "HV": 0.32029400758405835}, "28": {"time": 464.91230273246765, "HV": 0.32039721591308973}, "29": {"time": 480.24547600746155, "HV": 0.32387764990985835}, "30": {"time": 491.91167426109314, "HV": 0.3239670759039208}, "31": {"time": 503.6107089519501, "HV": 0.32727794448879793}, "32": {"time": 515.0982012748718, "HV": 0.32733208674754477}, "33": {"time": 529.2617917060852, "HV": 0.3273475532191627}, "34": {"time": 541.5819618701935, "HV": 0.32739877284557595}, "35": {"time": 553.0986957550049, "HV": 0.3274845419417365}, "36": {"time": 563.9244899749756, "HV": 0.3275785756165779}, "37": {"time": 576.551575422287, "HV": 0.32758616962653575}, "38": {"time": 589.2691640853882, "HV": 0.32762327903796146}, "39": {"time": 599.5992710590363, "HV": 0.3276817105850367}, "40": {"time": 610.1393957138062, "HV": 0.3277097437382486}, "41": {"time": 620.8454604148865, "HV": 0.32781588722684163}, "42": {"time": 630.4665451049805, "HV": 0.32783092427271837}, "43": {"time": 645.0345335006714, "HV": 0.32789590746051456}, "44": {"time": 661.0488183498383, "HV": 0.3328154064485113}, "45": {"time": 677.3298125267029, "HV": 0.3344572817727871}, "46": {"time": 692.0031900405884, "HV": 0.3344018149221087}, "47": {"time": 708.3419687747955, "HV": 0.33450726969473066}, "48": {"time": 724.5137748718262, "HV": 0.33611405448224085}}