{"0": {"time": 5.838733434677124, "HV": 0.38853501607808655}, "1": {"time": 17.48926091194153, "HV": 0.48076493041292157}, "2": {"time": 26.164580583572388, "HV": 0.4975749887132133}, "3": {"time": 38.089240312576294, "HV": 0.5060357994695082}, "4": {"time": 46.46432685852051, "HV": 0.5130372870416574}, "5": {"time": 54.44033646583557, "HV": 0.5226724365424361}, "6": {"time": 63.78336262702942, "HV": 0.5299347638742211}, "7": {"time": 78.57646942138672, "HV": 0.5334911374232002}, "8": {"time": 87.7843849658966, "HV": 0.5379368243924296}, "9": {"time": 96.4768123626709, "HV": 0.5427198334526926}, "10": {"time": 104.85579800605774, "HV": 0.5489730761089244}, "11": {"time": 112.96979355812073, "HV": 0.5523947311545381}, "12": {"time": 120.69399929046631, "HV": 0.5519414880415567}, "13": {"time": 129.2007441520691, "HV": 0.5567000634010857}, "14": {"time": 136.5387041568756, "HV": 0.5618443719085444}, "15": {"time": 143.81163477897644, "HV": 0.561244870375663}, "16": {"time": 152.04654717445374, "HV": 0.562325785488383}, "17": {"time": 159.16441130638123, "HV": 0.5635992741031477}, "18": {"time": 166.91897702217102, "HV": 0.5648583801810833}, "19": {"time": 174.76947569847107, "HV": 0.5654276803802607}, "20": {"time": 182.2785804271698, "HV": 0.5653845892569891}, "21": {"time": 189.04674005508423, "HV": 0.5673099378816775}, "22": {"time": 198.04931616783142, "HV": 0.5684550174850869}, "23": {"time": 204.59675526618958, "HV": 0.5671827324809738}, "24": {"time": 214.7772922515869, "HV": 0.5682639781896374}, "25": {"time": 225.16681957244873, "HV": 0.5691929560106065}, "26": {"time": 237.53456234931946, "HV": 0.5704022215790316}, "27": {"time": 251.9855465888977, "HV": 0.5700281431159728}, "28": {"time": 267.4469196796417, "HV": 0.5708342110973859}, "29": {"time": 281.42281198501587, "HV": 0.5714852627045065}, "30": {"time": 296.08145904541016, "HV": 0.5711909181319645}, "31": {"time": 307.70003843307495, "HV": 0.5720991416055321}, "32": {"time": 320.8994688987732, "HV": 0.5726980764640507}, "33": {"time": 328.48440766334534, "HV": 0.5719994320260137}, "34": {"time": 335.3369333744049, "HV": 0.5742661430998307}, "35": {"time": 342.0701148509979, "HV": 0.575221277890872}, "36": {"time": 351.2826478481293, "HV": 0.5752601444733861}, "37": {"time": 358.3113212585449, "HV": 0.5756366171858562}, "38": {"time": 365.96063923835754, "HV": 0.5761502026349}, "39": {"time": 373.66317987442017, "HV": 0.5757053021374233}, "40": {"time": 382.5144929885864, "HV": 0.5776643497588345}, "41": {"time": 391.7698314189911, "HV": 0.5779534570901335}, "42": {"time": 399.66177225112915, "HV": 0.5779690870816292}, "43": {"time": 407.3548901081085, "HV": 0.5771520760411962}, "44": {"time": 417.283833026886, "HV": 0.5768621302941161}, "45": {"time": 424.99117708206177, "HV": 0.5761254442935053}}