{"0": {"time": 6.060113430023193, "HV": 0.5257347889692119}, "1": {"time": 37.171345710754395, "HV": 0.5555859664716453}, "2": {"time": 51.065674781799316, "HV": 0.5664020301826924}, "3": {"time": 65.06776642799377, "HV": 0.5791663506364194}, "4": {"time": 79.68164324760437, "HV": 0.592781308575831}, "5": {"time": 95.58051705360413, "HV": 0.6028721438140442}, "6": {"time": 112.54335236549377, "HV": 0.6072663001039338}, "7": {"time": 129.2034649848938, "HV": 0.6123029055312147}, "8": {"time": 144.80296969413757, "HV": 0.6217168581562297}, "9": {"time": 159.3690149784088, "HV": 0.6311853774833368}, "10": {"time": 173.249116897583, "HV": 0.6406976586942221}, "11": {"time": 188.72794365882874, "HV": 0.6475818768192982}, "12": {"time": 203.30049920082092, "HV": 0.6517880472992896}, "13": {"time": 217.38033509254456, "HV": 0.6526026584978277}, "14": {"time": 232.6572825908661, "HV": 0.6539178525525482}, "15": {"time": 247.1179003715515, "HV": 0.6561656078234699}, "16": {"time": 261.34776043891907, "HV": 0.6580517329021622}, "17": {"time": 274.7004351615906, "HV": 0.659036092781915}, "18": {"time": 288.0839488506317, "HV": 0.6608228475316296}, "19": {"time": 301.2624990940094, "HV": 0.6612505006735094}, "20": {"time": 314.0989806652069, "HV": 0.6609222366002316}, "21": {"time": 327.3152046203613, "HV": 0.6619031627557428}, "22": {"time": 339.5652048587799, "HV": 0.6619273279399457}, "23": {"time": 352.80936312675476, "HV": 0.662463027635616}, "24": {"time": 363.7811517715454, "HV": 0.6627950422297171}, "25": {"time": 377.97312474250793, "HV": 0.6637073972778225}, "26": {"time": 389.878050327301, "HV": 0.6637292996018977}, "27": {"time": 405.36826038360596, "HV": 0.664417249379219}, "28": {"time": 419.8965952396393, "HV": 0.6648441035660746}, "29": {"time": 433.62160992622375, "HV": 0.6649752273478746}, "30": {"time": 447.34632539749146, "HV": 0.6651327092470424}, "31": {"time": 463.0317826271057, "HV": 0.6653526568493175}, "32": {"time": 478.2199156284332, "HV": 0.6657322056668922}, "33": {"time": 494.2931294441223, "HV": 0.665648067922943}, "34": {"time": 507.6803767681122, "HV": 0.6662275289624625}, "35": {"time": 523.6968865394592, "HV": 0.6665796957075691}, "36": {"time": 538.1206231117249, "HV": 0.6666094066058165}, "37": {"time": 551.5986676216125, "HV": 0.6665509228111329}, "38": {"time": 565.2623791694641, "HV": 0.6668805027711653}, "39": {"time": 578.1684877872467, "HV": 0.6671377844307864}, "40": {"time": 591.821097612381, "HV": 0.6663909608636962}, "41": {"time": 607.0662968158722, "HV": 0.6668815625670562}, "42": {"time": 618.5907161235809, "HV": 0.6670761907102303}, "43": {"time": 631.5624537467957, "HV": 0.6672138118439708}, "44": {"time": 646.6835129261017, "HV": 0.6675938665302893}}