{"0": {"time": 28.494020223617554, "HV": 0.3397448305701621}, "1": {"time": 138.72271060943604, "HV": 0.35037646166105785}, "2": {"time": 201.5547571182251, "HV": 0.3604404622091883}, "3": {"time": 247.325786113739, "HV": 0.36194499702945315}, "4": {"time": 296.5083878040314, "HV": 0.3662519335009697}, "5": {"time": 346.81327509880066, "HV": 0.3688216561496436}, "6": {"time": 391.4113802909851, "HV": 0.37015250675138994}, "7": {"time": 442.0414001941681, "HV": 0.3712887378468651}, "8": {"time": 497.618750333786, "HV": 0.37283659453986706}, "9": {"time": 540.186288356781, "HV": 0.3739934747495376}, "10": {"time": 575.0769498348236, "HV": 0.3752406230501534}, "11": {"time": 631.7213621139526, "HV": 0.3760127801502062}, "12": {"time": 672.5876955986023, "HV": 0.3764422273690001}, "13": {"time": 710.8755514621735, "HV": 0.37672032741581496}, "14": {"time": 748.7464225292206, "HV": 0.37688320650203955}, "15": {"time": 792.9936897754669, "HV": 0.3771311363400175}, "16": {"time": 837.2705461978912, "HV": 0.37770496815965426}, "17": {"time": 872.4896252155304, "HV": 0.3778869388160766}, "18": {"time": 903.7422006130219, "HV": 0.3782013529758128}, "19": {"time": 934.4457848072052, "HV": 0.3916770177057596}, "20": {"time": 973.5841784477234, "HV": 0.3917842912998506}, "21": {"time": 1015.1363492012024, "HV": 0.39206007391118797}, "22": {"time": 1059.9861178398132, "HV": 0.3922702021403893}, "23": {"time": 1097.7367408275604, "HV": 0.3924394676883949}, "24": {"time": 1151.1664814949036, "HV": 0.39259652193321193}, "25": {"time": 1198.387791633606, "HV": 0.3927738922182099}, "26": {"time": 1253.9640319347382, "HV": 0.39280830474620343}, "27": {"time": 1296.9945797920227, "HV": 0.3929443739404126}, "28": {"time": 1353.416404724121, "HV": 0.39303821686736806}, "29": {"time": 1398.1408922672272, "HV": 0.39310412911120446}, "30": {"time": 1448.513970375061, "HV": 0.39321458852795516}, "31": {"time": 1493.9147090911865, "HV": 0.39353320043420287}, "32": {"time": 1540.3818883895874, "HV": 0.3935528366306873}, "33": {"time": 1598.4021327495575, "HV": 0.39374705518897174}, "34": {"time": 1640.6481897830963, "HV": 0.39378854891656706}, "35": {"time": 1693.1106569766998, "HV": 0.3952597138021629}, "36": {"time": 1758.112467288971, "HV": 0.3953465220480385}, "37": {"time": 1802.2468354701996, "HV": 0.3954124158039466}, "38": {"time": 1846.6989080905914, "HV": 0.39604426072978705}, "39": {"time": 1889.6328604221344, "HV": 0.3968224331336525}, "40": {"time": 1930.213576078415, "HV": 0.3968828381715121}, "41": {"time": 1967.3182427883148, "HV": 0.3970866553577895}, "42": {"time": 2023.7401254177094, "HV": 0.39867080994503684}}