{"0": {"time": 2.8236007690429688, "HV": 0.3239151214865453}, "1": {"time": 11.38044023513794, "HV": 0.4061654324818764}, "2": {"time": 16.92551589012146, "HV": 0.4471871467883741}, "3": {"time": 23.372539281845093, "HV": 0.4670452288175536}, "4": {"time": 31.12479877471924, "HV": 0.4726384415229339}, "5": {"time": 39.83107566833496, "HV": 0.4787983813116109}, "6": {"time": 46.45971632003784, "HV": 0.48555896988450864}, "7": {"time": 54.62950539588928, "HV": 0.48758466845704895}, "8": {"time": 64.49305653572083, "HV": 0.49466006028774934}, "9": {"time": 71.76966047286987, "HV": 0.4972534308625418}, "10": {"time": 79.07926392555237, "HV": 0.49888174340548236}, "11": {"time": 86.22536253929138, "HV": 0.5002005490553973}, "12": {"time": 93.25355505943298, "HV": 0.5016212530184427}, "13": {"time": 100.11999416351318, "HV": 0.5031333799839041}, "14": {"time": 108.28574872016907, "HV": 0.504646606969856}, "15": {"time": 117.5015709400177, "HV": 0.5050957718050428}, "16": {"time": 126.22561931610107, "HV": 0.5052183198281766}, "17": {"time": 136.07716345787048, "HV": 0.5062515047147678}, "18": {"time": 146.51304697990417, "HV": 0.507019508028848}, "19": {"time": 153.27298402786255, "HV": 0.5074242696624038}, "20": {"time": 160.7561149597168, "HV": 0.5075926896036729}, "21": {"time": 168.32867431640625, "HV": 0.5078712615090308}, "22": {"time": 176.39908027648926, "HV": 0.5078159297128184}, "23": {"time": 183.30027151107788, "HV": 0.5073526828378196}, "24": {"time": 190.61048197746277, "HV": 0.5081617689700864}, "25": {"time": 197.61986827850342, "HV": 0.5083551748831896}, "26": {"time": 205.10271573066711, "HV": 0.5086281017693134}, "27": {"time": 213.6624195575714, "HV": 0.508900897794791}, "28": {"time": 221.28718543052673, "HV": 0.5090509292326284}, "29": {"time": 228.35768961906433, "HV": 0.5087887361090703}, "30": {"time": 236.46793341636658, "HV": 0.5089330269948671}, "31": {"time": 244.80462002754211, "HV": 0.5092063935655613}, "32": {"time": 251.82205843925476, "HV": 0.5095550277069644}, "33": {"time": 260.1080164909363, "HV": 0.5100445913540177}, "34": {"time": 266.1734139919281, "HV": 0.5099891834414543}, "35": {"time": 272.9987313747406, "HV": 0.5103031025149104}, "36": {"time": 280.92735862731934, "HV": 0.509872249908256}, "37": {"time": 288.6414511203766, "HV": 0.5102424323244862}, "38": {"time": 297.5386097431183, "HV": 0.5105310296973545}, "39": {"time": 306.9168336391449, "HV": 0.5104439665901185}, "40": {"time": 314.02863073349, "HV": 0.5106445130293426}, "41": {"time": 321.69193625450134, "HV": 0.5104281014260867}, "42": {"time": 327.1477952003479, "HV": 0.5105607126316857}, "43": {"time": 335.63094091415405, "HV": 0.5102380003886527}, "44": {"time": 342.1068322658539, "HV": 0.5105037181852444}, "45": {"time": 349.6843636035919, "HV": 0.510803985642557}, "46": {"time": 357.622590303421, "HV": 0.5104839873585528}, "47": {"time": 367.4449896812439, "HV": 0.5100269037981977}, "48": {"time": 374.9804220199585, "HV": 0.5105095617287261}, "49": {"time": 382.59623861312866, "HV": 0.5103731148429198}, "50": {"time": 391.7518093585968, "HV": 0.5102217225509946}, "51": {"time": 402.38398909568787, "HV": 0.5106698057382062}, "52": {"time": 410.7249128818512, "HV": 0.5104112050808156}, "53": {"time": 419.5997338294983, "HV": 0.5107688326154958}, "54": {"time": 429.0343234539032, "HV": 0.5108117433492914}}