{"0": {"time": 5.234286308288574, "HV": 0.38957151472678664}, "1": {"time": 23.002074003219604, "HV": 0.4002221349982247}, "2": {"time": 33.61700129508972, "HV": 0.40746515365948704}, "3": {"time": 45.243499755859375, "HV": 0.41493637456844357}, "4": {"time": 60.435364723205566, "HV": 0.4168623836842749}, "5": {"time": 76.66017317771912, "HV": 0.4194323465247766}, "6": {"time": 95.58319640159607, "HV": 0.42845556332290424}, "7": {"time": 110.52664971351624, "HV": 0.43066705520182946}, "8": {"time": 124.46127653121948, "HV": 0.43287954331800227}, "9": {"time": 138.5666229724884, "HV": 0.4352239413030285}, "10": {"time": 152.05930161476135, "HV": 0.4370567933265571}, "11": {"time": 164.45568823814392, "HV": 0.4395581551944726}, "12": {"time": 178.3124542236328, "HV": 0.44121127800811466}, "13": {"time": 193.68286228179932, "HV": 0.44378077541943095}, "14": {"time": 208.04021859169006, "HV": 0.4464902842707051}, "15": {"time": 223.54986333847046, "HV": 0.4487052319149146}, "16": {"time": 236.31770062446594, "HV": 0.4501503873373066}, "17": {"time": 249.9141230583191, "HV": 0.45161661953371013}, "18": {"time": 262.18998670578003, "HV": 0.4523165651225274}, "19": {"time": 275.5227429866791, "HV": 0.45477408412272824}, "20": {"time": 288.0458917617798, "HV": 0.4558208817923313}, "21": {"time": 301.08491373062134, "HV": 0.45669092796243604}, "22": {"time": 313.1372904777527, "HV": 0.4571564997356171}, "23": {"time": 327.34829592704773, "HV": 0.45755365925850183}, "24": {"time": 339.74350571632385, "HV": 0.45799735736634334}, "25": {"time": 352.02188634872437, "HV": 0.4581768091722195}, "26": {"time": 364.25897789001465, "HV": 0.45831420387566413}, "27": {"time": 377.6660625934601, "HV": 0.45844066218797463}, "28": {"time": 389.8704025745392, "HV": 0.45854779248479904}, "29": {"time": 402.35946393013, "HV": 0.4595422316112099}, "30": {"time": 414.3608958721161, "HV": 0.46026848461307723}, "31": {"time": 426.9421851634979, "HV": 0.46045407383228915}, "32": {"time": 438.71682715415955, "HV": 0.4605644563727438}, "33": {"time": 452.24277210235596, "HV": 0.46060157265516044}, "34": {"time": 464.72732162475586, "HV": 0.4607045102289633}, "35": {"time": 479.160044670105, "HV": 0.46078925093228307}, "36": {"time": 490.90248680114746, "HV": 0.4608487368763884}, "37": {"time": 504.30326294898987, "HV": 0.461135940678777}, "38": {"time": 516.3056035041809, "HV": 0.4612418500266621}, "39": {"time": 527.0880255699158, "HV": 0.46203420902966225}, "40": {"time": 539.9823980331421, "HV": 0.46224120518902123}, "41": {"time": 553.8619604110718, "HV": 0.462318603647889}, "42": {"time": 565.495121717453, "HV": 0.4624026770807889}, "43": {"time": 577.902161359787, "HV": 0.4626737975999462}, "44": {"time": 589.6799812316895, "HV": 0.4639824121886773}, "45": {"time": 602.9849526882172, "HV": 0.46442636291050743}, "46": {"time": 613.8323545455933, "HV": 0.46445668879136914}, "47": {"time": 627.0505719184875, "HV": 0.4643727170497596}, "48": {"time": 638.6711204051971, "HV": 0.46420367833741183}, "49": {"time": 652.668612241745, "HV": 0.4662674446384175}}