{"0": {"time": 2.1123197078704834, "HV": 0.42443764982342663}, "1": {"time": 5.8369128704071045, "HV": 0.4302072417299637}, "2": {"time": 9.636090755462646, "HV": 0.44137387542054596}, "3": {"time": 13.205637216567993, "HV": 0.4492378623361929}, "4": {"time": 16.962244987487793, "HV": 0.4532976810107346}, "5": {"time": 20.725568532943726, "HV": 0.4560719624137153}, "6": {"time": 24.194191932678223, "HV": 0.4598460482682971}, "7": {"time": 28.00298500061035, "HV": 0.4616968884279243}, "8": {"time": 32.103793144226074, "HV": 0.46513914937578094}, "9": {"time": 36.5539014339447, "HV": 0.4653401473747568}, "10": {"time": 47.61042594909668, "HV": 0.46724275540533333}, "11": {"time": 52.4792594909668, "HV": 0.46730996186688323}, "12": {"time": 57.15166759490967, "HV": 0.4680996184112343}, "13": {"time": 62.0488805770874, "HV": 0.4678882680200062}, "14": {"time": 66.86188888549805, "HV": 0.46916759230857147}, "15": {"time": 70.86696267127991, "HV": 0.4691374488555323}, "16": {"time": 75.23420190811157, "HV": 0.47184567271008876}, "17": {"time": 79.56289839744568, "HV": 0.47113087577648055}, "18": {"time": 82.79949641227722, "HV": 0.4725288469255583}, "19": {"time": 86.2541880607605, "HV": 0.47348222325352635}, "20": {"time": 90.30184292793274, "HV": 0.4737165869291484}, "21": {"time": 94.05822372436523, "HV": 0.47607068722168383}, "22": {"time": 97.71861052513123, "HV": 0.47762305857615783}, "23": {"time": 102.30201387405396, "HV": 0.4773312122646067}, "24": {"time": 105.51888155937195, "HV": 0.478020663926322}, "25": {"time": 109.85148859024048, "HV": 0.4790032348736465}, "26": {"time": 112.60016059875488, "HV": 0.48069124089193865}, "27": {"time": 116.07442736625671, "HV": 0.48067272574393316}, "28": {"time": 120.73436951637268, "HV": 0.4811310553878175}, "29": {"time": 124.81309127807617, "HV": 0.48199577677565864}, "30": {"time": 128.09025979042053, "HV": 0.4852510174926959}, "31": {"time": 133.19558835029602, "HV": 0.4869209919267673}, "32": {"time": 137.51123595237732, "HV": 0.48807349445187886}, "33": {"time": 142.9528992176056, "HV": 0.4887562615697562}, "34": {"time": 146.58010268211365, "HV": 0.4895649314734083}, "35": {"time": 150.4534649848938, "HV": 0.48962346154117165}, "36": {"time": 155.90844774246216, "HV": 0.4928178988421515}, "37": {"time": 159.68971133232117, "HV": 0.49390344131252606}, "38": {"time": 163.32940006256104, "HV": 0.49392329496983367}, "39": {"time": 168.5549657344818, "HV": 0.49573095568251685}, "40": {"time": 172.57386898994446, "HV": 0.4960047464148018}, "41": {"time": 176.60639309883118, "HV": 0.4966532351623554}, "42": {"time": 181.81446170806885, "HV": 0.4967772868833087}, "43": {"time": 185.31012201309204, "HV": 0.49681578163321893}, "44": {"time": 188.77184915542603, "HV": 0.49780476557558095}, "45": {"time": 192.78007125854492, "HV": 0.4987749358553164}, "46": {"time": 197.6992151737213, "HV": 0.49941079083298595}, "47": {"time": 201.3401334285736, "HV": 0.49838134686199437}, "48": {"time": 205.2032253742218, "HV": 0.498718479964303}, "49": {"time": 209.01144576072693, "HV": 0.49894356198682915}, "50": {"time": 214.68812894821167, "HV": 0.49931952359213017}, "51": {"time": 218.05140686035156, "HV": 0.4998986779991064}, "52": {"time": 221.51900506019592, "HV": 0.5006144626923505}, "53": {"time": 231.89306211471558, "HV": 0.5016277981020889}, "54": {"time": 241.59511733055115, "HV": 0.5016142827616162}, "55": {"time": 253.0638611316681, "HV": 0.5025070200629209}, "56": {"time": 262.7920112609863, "HV": 0.5030826966459412}, "57": {"time": 271.26095509529114, "HV": 0.5028123399233413}, "58": {"time": 280.15077328681946, "HV": 0.5031359337774151}, "59": {"time": 289.6474537849426, "HV": 0.5037064496944128}, "60": {"time": 298.073518037796, "HV": 0.5034976608489615}, "61": {"time": 310.0593240261078, "HV": 0.5041911821208636}, "62": {"time": 313.7150628566742, "HV": 0.502588608993613}}