{"0": {"time": 5.798272371292114, "HV": 0.42517475525413173}, "1": {"time": 15.948554277420044, "HV": 0.48202645040760356}, "2": {"time": 25.59181499481201, "HV": 0.5044698169918459}, "3": {"time": 37.15961527824402, "HV": 0.5157115020571994}, "4": {"time": 47.909406661987305, "HV": 0.5227845858465232}, "5": {"time": 56.96544432640076, "HV": 0.5315824636946964}, "6": {"time": 65.34792160987854, "HV": 0.5394692415526505}, "7": {"time": 74.01953148841858, "HV": 0.5440607525640625}, "8": {"time": 82.909099817276, "HV": 0.5454792129626984}, "9": {"time": 92.07727265357971, "HV": 0.5495354262810763}, "10": {"time": 100.46846866607666, "HV": 0.5499210544659726}}