{"0": {"time": 3.0652177333831787, "HV": 0.41010324492574746}, "1": {"time": 12.702649354934692, "HV": 0.44328137287129654}, "2": {"time": 20.78938388824463, "HV": 0.4712692990567737}, "3": {"time": 29.477067708969116, "HV": 0.48037716790090956}, "4": {"time": 38.10453796386719, "HV": 0.48646813496719055}, "5": {"time": 46.24852919578552, "HV": 0.49275791503179545}, "6": {"time": 54.92336893081665, "HV": 0.49658078988170423}, "7": {"time": 62.70370316505432, "HV": 0.4995841662006819}, "8": {"time": 70.3918616771698, "HV": 0.5024782093589625}, "9": {"time": 78.38477158546448, "HV": 0.5030233858188051}, "10": {"time": 86.06705570220947, "HV": 0.5040265095733609}, "11": {"time": 94.29024839401245, "HV": 0.5055840901388986}, "12": {"time": 101.5103485584259, "HV": 0.5058267209803055}, "13": {"time": 110.1528913974762, "HV": 0.5062404329890731}, "14": {"time": 117.98597311973572, "HV": 0.5071717978423017}, "15": {"time": 127.21600151062012, "HV": 0.5072783065055737}, "16": {"time": 135.12690496444702, "HV": 0.5080605439227095}, "17": {"time": 144.03907895088196, "HV": 0.5082286929484283}, "18": {"time": 152.90761494636536, "HV": 0.5083179377529063}, "19": {"time": 162.04018783569336, "HV": 0.5083890897131533}, "20": {"time": 172.10082840919495, "HV": 0.5090535030936187}, "21": {"time": 180.86418533325195, "HV": 0.5094980859889191}, "22": {"time": 189.27617573738098, "HV": 0.5096037808052875}, "23": {"time": 198.3566598892212, "HV": 0.5094144594492394}, "24": {"time": 206.5011546611786, "HV": 0.5092267147776013}, "25": {"time": 215.37767577171326, "HV": 0.5096528301095906}, "26": {"time": 223.55521702766418, "HV": 0.509641475914555}, "27": {"time": 231.40668845176697, "HV": 0.5099029511674944}, "28": {"time": 240.34877467155457, "HV": 0.5098694338718776}, "29": {"time": 248.34883308410645, "HV": 0.5091277335360211}, "30": {"time": 256.3668782711029, "HV": 0.5094657766860964}}