{"0": {"time": 26.02552556991577, "HV": 0.31911751390684145}, "1": {"time": 144.09669589996338, "HV": 0.3327486592776822}, "2": {"time": 201.47782683372498, "HV": 0.3446411283542202}, "3": {"time": 240.07151198387146, "HV": 0.3596438440207162}, "4": {"time": 281.98332810401917, "HV": 0.36400624074169335}, "5": {"time": 323.45141983032227, "HV": 0.3657564315321477}, "6": {"time": 364.24317741394043, "HV": 0.36807981088367137}, "7": {"time": 412.4225151538849, "HV": 0.36903288806000356}, "8": {"time": 458.8212251663208, "HV": 0.3704546816483224}, "9": {"time": 491.9242465496063, "HV": 0.3710385858480234}, "10": {"time": 530.3964409828186, "HV": 0.3718510333155681}, "11": {"time": 562.0090043544769, "HV": 0.3723070782909454}, "12": {"time": 600.9010372161865, "HV": 0.3725388015823261}, "13": {"time": 638.4259135723114, "HV": 0.3728474342543121}, "14": {"time": 670.5184857845306, "HV": 0.37293771647770313}, "15": {"time": 705.1664094924927, "HV": 0.3734505000739633}, "16": {"time": 746.013251543045, "HV": 0.37355743100294203}, "17": {"time": 778.1997194290161, "HV": 0.3738293346039216}, "18": {"time": 817.0606007575989, "HV": 0.37393582827698874}, "19": {"time": 853.0089869499207, "HV": 0.37407534643220974}, "20": {"time": 916.7618815898895, "HV": 0.37412872164036054}, "21": {"time": 958.2538316249847, "HV": 0.3757980089165977}, "22": {"time": 998.6257343292236, "HV": 0.3757962576306872}, "23": {"time": 1033.782916545868, "HV": 0.3758834343761282}}