{"0": {"time": 7.136054754257202, "HV": 0.5245143958721761}, "1": {"time": 33.12526345252991, "HV": 0.5531626031965885}, "2": {"time": 49.744788646698, "HV": 0.5734046321538651}, "3": {"time": 69.0230724811554, "HV": 0.5789905700683663}, "4": {"time": 92.61811137199402, "HV": 0.5834125930378588}, "5": {"time": 117.13022637367249, "HV": 0.5928379213937199}, "6": {"time": 137.31752753257751, "HV": 0.5947798056285799}, "7": {"time": 158.87626481056213, "HV": 0.5994910343757609}, "8": {"time": 181.1361129283905, "HV": 0.6013392631883918}, "9": {"time": 200.2230019569397, "HV": 0.606516762769596}, "10": {"time": 221.23638319969177, "HV": 0.6095491848388886}, "11": {"time": 245.53581070899963, "HV": 0.6165417841106228}, "12": {"time": 265.63892221450806, "HV": 0.6178879421673461}, "13": {"time": 283.4615557193756, "HV": 0.6202312759431138}, "14": {"time": 301.19934463500977, "HV": 0.6216757695647819}, "15": {"time": 318.2789511680603, "HV": 0.6233927092879084}, "16": {"time": 335.73393273353577, "HV": 0.6246072172942092}, "17": {"time": 355.92865467071533, "HV": 0.6254106353438155}, "18": {"time": 373.61050605773926, "HV": 0.6254709579886039}, "19": {"time": 392.38478541374207, "HV": 0.6260010205471347}, "20": {"time": 411.28856015205383, "HV": 0.6266538870799041}, "21": {"time": 430.06105756759644, "HV": 0.6267971493949354}, "22": {"time": 445.11098527908325, "HV": 0.6272510378567218}, "23": {"time": 461.9403483867645, "HV": 0.6272441645761712}, "24": {"time": 478.9796118736267, "HV": 0.6274923971564794}, "25": {"time": 496.7640817165375, "HV": 0.6277923274183974}, "26": {"time": 515.1020789146423, "HV": 0.6275214578375643}, "27": {"time": 535.9396126270294, "HV": 0.6278222633056886}, "28": {"time": 554.5275428295135, "HV": 0.6282693606747771}, "29": {"time": 572.7542679309845, "HV": 0.6285162895505373}, "30": {"time": 591.4923820495605, "HV": 0.6282063376543999}, "31": {"time": 608.2188169956207, "HV": 0.6282837103335654}, "32": {"time": 628.009197473526, "HV": 0.6291092153374173}, "33": {"time": 650.9872405529022, "HV": 0.62901890326476}, "34": {"time": 668.6554706096649, "HV": 0.6293363657772597}, "35": {"time": 687.1423635482788, "HV": 0.6299499298636538}, "36": {"time": 704.7243440151215, "HV": 0.6302420488309379}, "37": {"time": 723.7072801589966, "HV": 0.6301905758848523}, "38": {"time": 742.8446304798126, "HV": 0.6301241827873642}, "39": {"time": 758.5943553447723, "HV": 0.6301464700754269}, "40": {"time": 777.3524754047394, "HV": 0.6305934285095796}, "41": {"time": 796.3522827625275, "HV": 0.6305815827030135}, "42": {"time": 813.7903208732605, "HV": 0.6307142105921926}, "43": {"time": 830.9707956314087, "HV": 0.6310323369858127}, "44": {"time": 849.5385127067566, "HV": 0.6306802019749127}}