{"0": {"time": 9.682587146759033, "HV": 0.442898263315155}, "1": {"time": 41.48897886276245, "HV": 0.478360935870562}, "2": {"time": 61.11306881904602, "HV": 0.5286683288145047}, "3": {"time": 83.95550870895386, "HV": 0.5411995007634465}, "4": {"time": 106.49109935760498, "HV": 0.547643118234113}, "5": {"time": 129.73116087913513, "HV": 0.5524495794720574}, "6": {"time": 154.25528264045715, "HV": 0.5557438441772049}, "7": {"time": 178.49668622016907, "HV": 0.5582844107689477}, "8": {"time": 200.81002354621887, "HV": 0.5679064697208036}, "9": {"time": 226.03154516220093, "HV": 0.5684866915085958}, "10": {"time": 249.40918374061584, "HV": 0.5692960397541702}, "11": {"time": 272.16087794303894, "HV": 0.571151362796338}, "12": {"time": 297.77810430526733, "HV": 0.5726080065661856}, "13": {"time": 319.26674795150757, "HV": 0.5744025299720785}, "14": {"time": 344.4363479614258, "HV": 0.575309479966021}, "15": {"time": 370.70952463150024, "HV": 0.5765070993294734}, "16": {"time": 401.5481355190277, "HV": 0.5782713601978005}, "17": {"time": 425.4002046585083, "HV": 0.5808653213764043}, "18": {"time": 449.4843702316284, "HV": 0.5855173235409838}, "19": {"time": 478.4351124763489, "HV": 0.5877091160603263}, "20": {"time": 500.6756179332733, "HV": 0.5903511771005032}, "21": {"time": 523.3716187477112, "HV": 0.5919879494748549}, "22": {"time": 544.667174577713, "HV": 0.5929725561924362}, "23": {"time": 564.4902827739716, "HV": 0.593410119162946}, "24": {"time": 586.8708255290985, "HV": 0.5941865934614414}, "25": {"time": 612.6936001777649, "HV": 0.5956996528758545}, "26": {"time": 637.5333909988403, "HV": 0.5958046231297248}, "27": {"time": 662.9498288631439, "HV": 0.5970806796581571}, "28": {"time": 686.1520683765411, "HV": 0.5974714006402047}, "29": {"time": 707.5154783725739, "HV": 0.5989904901753107}, "30": {"time": 730.2316520214081, "HV": 0.6008541667132541}}