{"0": {"time": 15.093440055847168, "HV": 0.30915572922329215}, "1": {"time": 52.93213200569153, "HV": 0.3280909225486892}, "2": {"time": 72.2169075012207, "HV": 0.33454903513211404}, "3": {"time": 89.88548231124878, "HV": 0.3486031350741017}, "4": {"time": 115.89860343933105, "HV": 0.35200497369863015}, "5": {"time": 134.46466755867004, "HV": 0.3534877475811865}, "6": {"time": 157.63745045661926, "HV": 0.3551478781998716}, "7": {"time": 174.9850435256958, "HV": 0.35877661021182855}, "8": {"time": 201.29382061958313, "HV": 0.36088228722756344}, "9": {"time": 224.78554844856262, "HV": 0.36245129154508265}, "10": {"time": 250.17636585235596, "HV": 0.36465728339616366}, "11": {"time": 279.8192763328552, "HV": 0.37713123558614375}, "12": {"time": 303.96273279190063, "HV": 0.3778393939386728}, "13": {"time": 325.42059993743896, "HV": 0.3797254072671338}, "14": {"time": 347.83929443359375, "HV": 0.38055896435827785}, "15": {"time": 366.11505603790283, "HV": 0.38118009513926426}, "16": {"time": 381.5432765483856, "HV": 0.38293689731009367}, "17": {"time": 399.8138647079468, "HV": 0.3832649182935951}, "18": {"time": 416.55539631843567, "HV": 0.3836039937277573}, "19": {"time": 432.9211046695709, "HV": 0.38362857020488483}, "20": {"time": 451.97833037376404, "HV": 0.38417619758564514}, "21": {"time": 470.43927121162415, "HV": 0.38442496161306333}, "22": {"time": 489.2794735431671, "HV": 0.3846143480528782}, "23": {"time": 506.4164249897003, "HV": 0.3847564194748288}, "24": {"time": 523.3777031898499, "HV": 0.38470127553730254}, "25": {"time": 538.3255681991577, "HV": 0.38507821626312433}, "26": {"time": 557.5980372428894, "HV": 0.3852568844034025}, "27": {"time": 574.7076938152313, "HV": 0.38522903597720604}, "28": {"time": 593.1260027885437, "HV": 0.38542024894862253}, "29": {"time": 611.2781875133514, "HV": 0.38544972954395723}, "30": {"time": 628.665066242218, "HV": 0.3852880378672087}}