{"0": {"time": 4.429425001144409, "HV": 0.5287110750938211}, "1": {"time": 12.02444577217102, "HV": 0.5469338129392157}, "2": {"time": 20.441917181015015, "HV": 0.5636763917843968}, "3": {"time": 28.15317678451538, "HV": 0.5728860270878194}, "4": {"time": 37.30967044830322, "HV": 0.5822875927412449}, "5": {"time": 50.72451090812683, "HV": 0.5851821063185658}, "6": {"time": 63.28074049949646, "HV": 0.5883179425510944}, "7": {"time": 76.71346521377563, "HV": 0.5933684757192307}, "8": {"time": 87.70578837394714, "HV": 0.5936747871322009}, "9": {"time": 95.98511242866516, "HV": 0.5935779038269051}, "10": {"time": 103.03005647659302, "HV": 0.595567407948914}, "11": {"time": 111.09412384033203, "HV": 0.595357770009467}, "12": {"time": 119.49087238311768, "HV": 0.5970322676571789}, "13": {"time": 127.56818509101868, "HV": 0.5959014584896141}, "14": {"time": 135.7452208995819, "HV": 0.5982554459205183}, "15": {"time": 143.69533014297485, "HV": 0.5988863705637042}, "16": {"time": 151.79005336761475, "HV": 0.6001131231303323}, "17": {"time": 159.90014719963074, "HV": 0.6009003232677035}, "18": {"time": 168.35983872413635, "HV": 0.6003217870063198}, "19": {"time": 176.14924097061157, "HV": 0.6011674365544906}, "20": {"time": 183.98315739631653, "HV": 0.6013165874232389}, "21": {"time": 191.87551951408386, "HV": 0.6053398439253767}, "22": {"time": 199.6336212158203, "HV": 0.6085347415164895}, "23": {"time": 207.16947221755981, "HV": 0.6100050383902307}, "24": {"time": 215.99687457084656, "HV": 0.6099328715784604}, "25": {"time": 223.7063021659851, "HV": 0.6099031656023667}, "26": {"time": 231.6034815311432, "HV": 0.6099971232846952}, "27": {"time": 239.28686261177063, "HV": 0.612274594297834}, "28": {"time": 246.12325239181519, "HV": 0.6131638353632269}, "29": {"time": 253.5392243862152, "HV": 0.614155974554697}, "30": {"time": 261.8812372684479, "HV": 0.6145869227188178}, "31": {"time": 268.8401482105255, "HV": 0.6140182891577043}, "32": {"time": 275.8493049144745, "HV": 0.6152148386338242}, "33": {"time": 284.10256934165955, "HV": 0.6153707224047326}, "34": {"time": 291.48062014579773, "HV": 0.6155920766751425}, "35": {"time": 297.2313871383667, "HV": 0.6160368152846911}, "36": {"time": 306.30949354171753, "HV": 0.6152242521075815}, "37": {"time": 313.74863266944885, "HV": 0.6141852094180269}, "38": {"time": 322.787073135376, "HV": 0.614992241560421}}