{"0": {"time": 29.363282442092896, "HV": 0.34059952256203174}, "1": {"time": 132.23780179023743, "HV": 0.35133324613919686}, "2": {"time": 169.65962076187134, "HV": 0.35737747776808404}, "3": {"time": 216.42742609977722, "HV": 0.36051426751508775}, "4": {"time": 263.5169517993927, "HV": 0.36507428554574706}, "5": {"time": 316.56190967559814, "HV": 0.36642283136877424}, "6": {"time": 364.8523807525635, "HV": 0.36932326721260916}, "7": {"time": 409.6284554004669, "HV": 0.3706730336954239}, "8": {"time": 468.96598768234253, "HV": 0.3729194236573373}, "9": {"time": 513.4591701030731, "HV": 0.3739574470102038}, "10": {"time": 540.5017642974854, "HV": 0.37524073456060064}, "11": {"time": 590.1245541572571, "HV": 0.38024035099068804}, "12": {"time": 626.683027267456, "HV": 0.381769953224551}, "13": {"time": 655.597734451294, "HV": 0.3870883449757383}, "14": {"time": 700.0763401985168, "HV": 0.3873494554493979}, "15": {"time": 727.4516620635986, "HV": 0.38790792604583885}, "16": {"time": 760.0216450691223, "HV": 0.38868978716654634}, "17": {"time": 795.1819851398468, "HV": 0.3890327939987619}, "18": {"time": 824.0209136009216, "HV": 0.38929683501977924}, "19": {"time": 867.4775137901306, "HV": 0.38967639772384055}, "20": {"time": 898.0794885158539, "HV": 0.39884738396776676}, "21": {"time": 931.9022486209869, "HV": 0.3990436208300014}, "22": {"time": 969.8929688930511, "HV": 0.3992203810688363}, "23": {"time": 1000.8701493740082, "HV": 0.3994323626023083}, "24": {"time": 1034.5199494361877, "HV": 0.39959875972653924}, "25": {"time": 1069.2194454669952, "HV": 0.39969810493913893}, "26": {"time": 1107.9454743862152, "HV": 0.39978975431985575}, "27": {"time": 1140.6504838466644, "HV": 0.399890589591943}, "28": {"time": 1179.2977590560913, "HV": 0.39997514579132765}, "29": {"time": 1222.4081690311432, "HV": 0.40162992269316766}, "30": {"time": 1267.5134015083313, "HV": 0.40167358351231197}, "31": {"time": 1310.3190805912018, "HV": 0.40479800807050814}, "32": {"time": 1348.8194572925568, "HV": 0.404778137756261}, "33": {"time": 1395.0040152072906, "HV": 0.4048039325966484}, "34": {"time": 1440.202047586441, "HV": 0.4048766786105649}, "35": {"time": 1477.9560837745667, "HV": 0.4048593940371125}, "36": {"time": 1515.330003976822, "HV": 0.4049186878789567}, "37": {"time": 1554.674429655075, "HV": 0.40498225342972355}, "38": {"time": 1589.7166934013367, "HV": 0.4049956956569563}, "39": {"time": 1633.4144415855408, "HV": 0.41240268943181246}, "40": {"time": 1668.2007648944855, "HV": 0.4124651314479725}, "41": {"time": 1695.460288286209, "HV": 0.4125303533873364}, "42": {"time": 1732.2995264530182, "HV": 0.4125543043967165}, "43": {"time": 1764.2696113586426, "HV": 0.4125614884353028}, "44": {"time": 1806.9211747646332, "HV": 0.41260398546713223}, "45": {"time": 1845.1369032859802, "HV": 0.4126793517134758}, "46": {"time": 1880.9531660079956, "HV": 0.4126956315578962}, "47": {"time": 1920.437570810318, "HV": 0.4127543848725926}, "48": {"time": 1966.061311006546, "HV": 0.4127870601116089}}