{"0": {"time": 27.98658537864685, "HV": 0.30755848946663156}, "1": {"time": 129.9553346633911, "HV": 0.35413160226873763}, "2": {"time": 182.85789370536804, "HV": 0.36207953284533945}, "3": {"time": 257.4276924133301, "HV": 0.3781222791399806}, "4": {"time": 315.03080129623413, "HV": 0.3807130835833685}, "5": {"time": 380.61996388435364, "HV": 0.3823740250625166}, "6": {"time": 440.7831871509552, "HV": 0.38406170460104266}, "7": {"time": 489.6741523742676, "HV": 0.38536138930184566}, "8": {"time": 529.7674429416656, "HV": 0.3864469418299131}, "9": {"time": 572.679217338562, "HV": 0.38782989660724543}, "10": {"time": 620.8561561107635, "HV": 0.3884196328727213}, "11": {"time": 663.9840760231018, "HV": 0.38933044640230086}, "12": {"time": 720.75932264328, "HV": 0.3895763269823555}, "13": {"time": 760.3095917701721, "HV": 0.39010105457970984}, "14": {"time": 802.61550116539, "HV": 0.3911641668285862}, "15": {"time": 849.3683722019196, "HV": 0.3913917580418947}, "16": {"time": 893.9836242198944, "HV": 0.3917920693589151}, "17": {"time": 947.1996870040894, "HV": 0.3926706099043678}, "18": {"time": 983.8707196712494, "HV": 0.3929148260375981}, "19": {"time": 1020.2632229328156, "HV": 0.39309568924840466}}