{"0": {"time": 5.862133502960205, "HV": 0.4850455592177846}, "1": {"time": 25.10713291168213, "HV": 0.5110849356126347}, "2": {"time": 39.25186562538147, "HV": 0.5357062923365868}, "3": {"time": 58.670714139938354, "HV": 0.5411845659544161}, "4": {"time": 80.3370053768158, "HV": 0.5503643777937227}, "5": {"time": 99.31789350509644, "HV": 0.5566948475794609}, "6": {"time": 119.37028098106384, "HV": 0.5658104973174022}, "7": {"time": 135.6832971572876, "HV": 0.5677471995563441}, "8": {"time": 152.42922377586365, "HV": 0.5738122603043467}, "9": {"time": 169.69579672813416, "HV": 0.5757735981336666}, "10": {"time": 185.71948647499084, "HV": 0.5846966365021553}, "11": {"time": 201.70995044708252, "HV": 0.587634373276618}, "12": {"time": 215.1708254814148, "HV": 0.5898827722624049}, "13": {"time": 229.91374015808105, "HV": 0.5920958603162263}, "14": {"time": 245.23467421531677, "HV": 0.5936950491610685}, "15": {"time": 258.5436460971832, "HV": 0.5947627361022678}, "16": {"time": 272.89365816116333, "HV": 0.5961362308701856}, "17": {"time": 286.87704968452454, "HV": 0.5971821106565445}, "18": {"time": 301.7342104911804, "HV": 0.5984355942358269}, "19": {"time": 316.70111417770386, "HV": 0.5998938135268308}, "20": {"time": 331.6188039779663, "HV": 0.6004712189215521}, "21": {"time": 347.12833976745605, "HV": 0.6005491458214258}, "22": {"time": 363.09872460365295, "HV": 0.6014198393651153}, "23": {"time": 377.52446246147156, "HV": 0.6021781788825764}, "24": {"time": 393.2873077392578, "HV": 0.6022698302132441}, "25": {"time": 407.5875744819641, "HV": 0.6027614867204849}, "26": {"time": 421.35395646095276, "HV": 0.6029097955725078}, "27": {"time": 435.4639186859131, "HV": 0.6037779843433131}, "28": {"time": 450.14005851745605, "HV": 0.6038853025182076}, "29": {"time": 464.9431450366974, "HV": 0.604823078582968}, "30": {"time": 479.1886715888977, "HV": 0.6047746378132687}, "31": {"time": 492.7547173500061, "HV": 0.6047271750991376}, "32": {"time": 507.566618680954, "HV": 0.6048729667793858}, "33": {"time": 521.8077170848846, "HV": 0.6047857248338995}, "34": {"time": 534.4990320205688, "HV": 0.6052368052151154}, "35": {"time": 549.9064812660217, "HV": 0.6055532021361495}, "36": {"time": 564.296484708786, "HV": 0.605444145812285}, "37": {"time": 581.4910643100739, "HV": 0.6057617919695986}, "38": {"time": 595.9544403553009, "HV": 0.605857705545531}, "39": {"time": 611.2530484199524, "HV": 0.6061365330006602}, "40": {"time": 627.1841111183167, "HV": 0.6062786250377766}, "41": {"time": 640.0825436115265, "HV": 0.6062385755240477}, "42": {"time": 652.2552976608276, "HV": 0.6062763480208033}, "43": {"time": 666.5294387340546, "HV": 0.6069567140363084}, "44": {"time": 679.9833979606628, "HV": 0.6070773420809932}, "45": {"time": 694.8356018066406, "HV": 0.6070728510498314}, "46": {"time": 708.7711102962494, "HV": 0.607338658325446}, "47": {"time": 724.5266704559326, "HV": 0.607759075953503}, "48": {"time": 739.3502540588379, "HV": 0.6076375729121577}, "49": {"time": 752.1258444786072, "HV": 0.6081065975096382}}