{"0": {"time": 5.992580890655518, "HV": 0.4855103875973267}, "1": {"time": 25.6375572681427, "HV": 0.5187988536367665}, "2": {"time": 39.07682180404663, "HV": 0.5345472665578004}, "3": {"time": 56.18200659751892, "HV": 0.5444225059288693}, "4": {"time": 71.80196928977966, "HV": 0.5517465648628299}, "5": {"time": 86.36786842346191, "HV": 0.5560706154951521}, "6": {"time": 102.55180788040161, "HV": 0.5608441812882135}, "7": {"time": 118.03313112258911, "HV": 0.5659857231881666}, "8": {"time": 133.53883957862854, "HV": 0.5678095298168483}, "9": {"time": 149.91546082496643, "HV": 0.5713694374240852}, "10": {"time": 163.6823194026947, "HV": 0.5766197679148004}, "11": {"time": 179.50900030136108, "HV": 0.5820597905756818}, "12": {"time": 197.42416405677795, "HV": 0.5848280316127095}, "13": {"time": 214.03058648109436, "HV": 0.587497562899795}, "14": {"time": 229.37178921699524, "HV": 0.5901081473262522}, "15": {"time": 243.55875730514526, "HV": 0.5907347933972845}, "16": {"time": 261.6022756099701, "HV": 0.5932632965548919}, "17": {"time": 276.02664828300476, "HV": 0.5944882254712082}, "18": {"time": 290.02076840400696, "HV": 0.5962201563764957}, "19": {"time": 306.15845012664795, "HV": 0.5974897333249126}, "20": {"time": 323.50735211372375, "HV": 0.5984634494389134}, "21": {"time": 338.75854659080505, "HV": 0.5987598861458954}, "22": {"time": 355.93101620674133, "HV": 0.5996581888677882}, "23": {"time": 372.7755262851715, "HV": 0.5998953275903434}, "24": {"time": 386.67163825035095, "HV": 0.6005581326519547}, "25": {"time": 402.43536925315857, "HV": 0.6023211583515826}, "26": {"time": 418.0399811267853, "HV": 0.6029988712794434}, "27": {"time": 434.88050174713135, "HV": 0.6032866518628539}, "28": {"time": 452.25767374038696, "HV": 0.6030734134478135}, "29": {"time": 469.37411522865295, "HV": 0.6034100022122701}, "30": {"time": 485.58709049224854, "HV": 0.6039283368931785}}