{"0": {"time": 22.803172826766968, "HV": 0.2632753466807044}, "1": {"time": 75.83152937889099, "HV": 0.267211581508441}, "2": {"time": 129.73962140083313, "HV": 0.26878501391309206}, "3": {"time": 198.4260938167572, "HV": 0.26953908654082376}, "4": {"time": 249.98428630828857, "HV": 0.27027052668355894}, "5": {"time": 313.21895027160645, "HV": 0.271336148043261}, "6": {"time": 380.1311340332031, "HV": 0.271568513489586}, "7": {"time": 432.58987307548523, "HV": 0.27160671270050313}, "8": {"time": 492.2349934577942, "HV": 0.2718694037456965}, "9": {"time": 557.5823147296906, "HV": 0.2718099340938432}, "10": {"time": 620.6641387939453, "HV": 0.2718012564865514}, "11": {"time": 667.003559589386, "HV": 0.27224458389766903}, "12": {"time": 727.2873582839966, "HV": 0.2724439229270526}, "13": {"time": 779.3821179866791, "HV": 0.2727011853197494}, "14": {"time": 829.3600606918335, "HV": 0.272684326017808}, "15": {"time": 868.4722833633423, "HV": 0.2729016395068911}, "16": {"time": 917.6205906867981, "HV": 0.27295263704982314}, "17": {"time": 964.1196477413177, "HV": 0.27281709437953416}}