{"0": {"time": 28.150535106658936, "HV": 0.3110299681509774}, "1": {"time": 136.18517112731934, "HV": 0.32407382618346275}, "2": {"time": 184.61939668655396, "HV": 0.32906818689838285}, "3": {"time": 220.29593992233276, "HV": 0.34052918322529085}, "4": {"time": 272.0231566429138, "HV": 0.34266967679609633}, "5": {"time": 325.4200897216797, "HV": 0.34787187942159853}, "6": {"time": 374.50786328315735, "HV": 0.3488389073364069}, "7": {"time": 429.6182653903961, "HV": 0.3508270206574328}, "8": {"time": 470.58139276504517, "HV": 0.35222803374839656}, "9": {"time": 513.5985672473907, "HV": 0.3525822263415177}, "10": {"time": 544.004894733429, "HV": 0.36017575176592453}, "11": {"time": 586.0635139942169, "HV": 0.360699537885887}, "12": {"time": 621.4383285045624, "HV": 0.36125075719950406}, "13": {"time": 655.8115377426147, "HV": 0.36841766303168516}, "14": {"time": 682.3169484138489, "HV": 0.3689640705195271}, "15": {"time": 717.0077631473541, "HV": 0.37074069589699665}, "16": {"time": 754.1639974117279, "HV": 0.37111179509298786}, "17": {"time": 793.5112311840057, "HV": 0.3714101714593007}, "18": {"time": 834.103601694107, "HV": 0.3725699250952124}, "19": {"time": 864.3999938964844, "HV": 0.3730794823515275}, "20": {"time": 904.0898537635803, "HV": 0.3731962405574956}, "21": {"time": 954.2139801979065, "HV": 0.37342707982221435}, "22": {"time": 994.7140901088715, "HV": 0.37366230317374083}, "23": {"time": 1033.518686056137, "HV": 0.3739079863199411}}