{"0": {"time": 91.17866230010986, "HV": 0.19149791479533346}, "1": {"time": 398.328405380249, "HV": 0.20773797273099634}, "2": {"time": 578.7472019195557, "HV": 0.21083220746565218}, "3": {"time": 792.4822714328766, "HV": 0.22330962247976316}, "4": {"time": 1013.1745932102203, "HV": 0.2237404605985353}, "5": {"time": 1202.8651134967804, "HV": 0.22397248018723417}}