{"0": {"time": 8.952505826950073, "HV": 0.4573987198814948}, "1": {"time": 35.55388808250427, "HV": 0.4910919875798667}, "2": {"time": 60.02902579307556, "HV": 0.5139186640935625}, "3": {"time": 81.7887933254242, "HV": 0.5235678667581127}, "4": {"time": 108.66773438453674, "HV": 0.5398324434529395}, "5": {"time": 130.0943262577057, "HV": 0.5524786657226597}, "6": {"time": 144.80312395095825, "HV": 0.560790648351962}, "7": {"time": 167.7215723991394, "HV": 0.5673966662887461}, "8": {"time": 185.69677305221558, "HV": 0.5756701035394195}, "9": {"time": 204.09884190559387, "HV": 0.581166928314295}, "10": {"time": 221.39919114112854, "HV": 0.583622675645}, "11": {"time": 245.9299714565277, "HV": 0.5842218700775618}, "12": {"time": 269.6330723762512, "HV": 0.5848934866475111}, "13": {"time": 287.96518635749817, "HV": 0.5854025565993218}, "14": {"time": 306.6692461967468, "HV": 0.5861242913804801}, "15": {"time": 324.34071230888367, "HV": 0.5862345739679378}, "16": {"time": 345.14652705192566, "HV": 0.5866712772858622}, "17": {"time": 364.77635169029236, "HV": 0.5876647249350753}, "18": {"time": 383.2023434638977, "HV": 0.5879243153859952}, "19": {"time": 405.09502124786377, "HV": 0.5889223389326732}, "20": {"time": 423.89006304740906, "HV": 0.5901050670472976}, "21": {"time": 441.95302987098694, "HV": 0.590365142079565}, "22": {"time": 459.86503982543945, "HV": 0.5908030522238057}, "23": {"time": 478.175324678421, "HV": 0.5909635124986126}, "24": {"time": 497.4357421398163, "HV": 0.591485617052949}, "25": {"time": 517.7907128334045, "HV": 0.5914620973404274}, "26": {"time": 533.7942435741425, "HV": 0.5903161177462846}, "27": {"time": 552.5585069656372, "HV": 0.5920178509635077}, "28": {"time": 570.4936861991882, "HV": 0.5928154413156188}, "29": {"time": 592.2031133174896, "HV": 0.5931097546862607}, "30": {"time": 609.6193335056305, "HV": 0.5935465552519323}, "31": {"time": 629.4983446598053, "HV": 0.5934455518088084}, "32": {"time": 646.7451672554016, "HV": 0.5936128005813106}, "33": {"time": 666.7975215911865, "HV": 0.5933361020903261}, "34": {"time": 683.6581599712372, "HV": 0.593922188399497}, "35": {"time": 701.0372207164764, "HV": 0.5938993941562782}, "36": {"time": 715.7052416801453, "HV": 0.5933611045276348}, "37": {"time": 732.6338059902191, "HV": 0.5937605477407089}, "38": {"time": 750.5858128070831, "HV": 0.5937386705048355}, "39": {"time": 768.8279707431793, "HV": 0.5943665954478374}, "40": {"time": 787.3846085071564, "HV": 0.5950185825250335}, "41": {"time": 808.7118830680847, "HV": 0.5951661848208335}, "42": {"time": 824.3771109580994, "HV": 0.5949303095598428}, "43": {"time": 840.3883311748505, "HV": 0.595264375531186}, "44": {"time": 858.1021525859833, "HV": 0.5950969083944117}}