{"0": {"time": 17.08962869644165, "HV": 0.29872188214208933}, "1": {"time": 60.70679473876953, "HV": 0.3196694241847926}, "2": {"time": 77.8318862915039, "HV": 0.3238002619332525}, "3": {"time": 94.5944471359253, "HV": 0.3254377859213915}, "4": {"time": 112.00147938728333, "HV": 0.3285611411711027}, "5": {"time": 129.64207100868225, "HV": 0.33123166226346185}, "6": {"time": 148.99951696395874, "HV": 0.33317682271025206}, "7": {"time": 167.03561568260193, "HV": 0.3363394731295328}, "8": {"time": 187.05161261558533, "HV": 0.3498185686976365}, "9": {"time": 207.00482630729675, "HV": 0.35041297967154167}, "10": {"time": 226.36843633651733, "HV": 0.3512556856259079}, "11": {"time": 247.1748752593994, "HV": 0.3559495793155069}, "12": {"time": 270.33242535591125, "HV": 0.35715790820706966}, "13": {"time": 293.5133259296417, "HV": 0.35839314151843116}, "14": {"time": 312.78803515434265, "HV": 0.3605440688965867}, "15": {"time": 330.9250614643097, "HV": 0.3614795078602898}, "16": {"time": 350.9947910308838, "HV": 0.3621763036893876}, "17": {"time": 368.08764147758484, "HV": 0.36277404308351346}, "18": {"time": 387.5458028316498, "HV": 0.36276414803372714}, "19": {"time": 407.8787181377411, "HV": 0.36326113606317295}, "20": {"time": 423.9415018558502, "HV": 0.3637021592456632}, "21": {"time": 445.00270986557007, "HV": 0.36381944226965407}, "22": {"time": 465.33803963661194, "HV": 0.36671863308939995}, "23": {"time": 483.60878682136536, "HV": 0.3668049126956834}, "24": {"time": 503.0093014240265, "HV": 0.36700608960813863}, "25": {"time": 522.6244719028473, "HV": 0.3671103146002004}, "26": {"time": 540.5640797615051, "HV": 0.3671559727777164}, "27": {"time": 560.6709244251251, "HV": 0.3714393666510123}, "28": {"time": 577.8793308734894, "HV": 0.3719459887446371}, "29": {"time": 595.3732917308807, "HV": 0.37218641668278785}, "30": {"time": 608.2533605098724, "HV": 0.37213645004881796}, "31": {"time": 625.2245502471924, "HV": 0.3723001569344213}, "32": {"time": 643.8986937999725, "HV": 0.37250343077629133}, "33": {"time": 660.0276250839233, "HV": 0.37245799651763933}, "34": {"time": 677.0510742664337, "HV": 0.3725027573749891}, "35": {"time": 697.3865752220154, "HV": 0.3728046279320224}, "36": {"time": 713.4009139537811, "HV": 0.37293765440536863}, "37": {"time": 734.2235155105591, "HV": 0.3742442248722969}, "38": {"time": 750.3961579799652, "HV": 0.37451260177929596}, "39": {"time": 767.8978123664856, "HV": 0.374440087732514}, "40": {"time": 784.5277473926544, "HV": 0.3747173199554814}, "41": {"time": 797.8083457946777, "HV": 0.37485670395940995}, "42": {"time": 814.1379070281982, "HV": 0.37466196164032767}, "43": {"time": 832.1140737533569, "HV": 0.37468511500013224}, "44": {"time": 853.0350131988525, "HV": 0.3746724235706528}, "45": {"time": 867.5235702991486, "HV": 0.3746648182958683}, "46": {"time": 884.282140493393, "HV": 0.3746183273526057}}