{"0": {"time": 6.5752644538879395, "HV": 0.2597250673475654}, "1": {"time": 25.88404107093811, "HV": 0.2639991080566856}, "2": {"time": 34.99225878715515, "HV": 0.2667647696007637}, "3": {"time": 44.959596157073975, "HV": 0.2783992813046737}, "4": {"time": 55.37282848358154, "HV": 0.27963757988304155}, "5": {"time": 62.877376317977905, "HV": 0.28507238324453726}, "6": {"time": 70.336678981781, "HV": 0.28706872011559637}, "7": {"time": 77.61600255966187, "HV": 0.2881574782699867}, "8": {"time": 86.35496830940247, "HV": 0.29041100667183894}, "9": {"time": 94.63409900665283, "HV": 0.29181726409415576}, "10": {"time": 102.77800297737122, "HV": 0.29239710493277804}, "11": {"time": 109.05582976341248, "HV": 0.2925890550225731}, "12": {"time": 115.69946885108948, "HV": 0.29264454773656795}, "13": {"time": 122.4724292755127, "HV": 0.29264631084471465}, "14": {"time": 130.1727421283722, "HV": 0.29288293983745634}, "15": {"time": 138.191810131073, "HV": 0.29296676497947216}, "16": {"time": 144.80741596221924, "HV": 0.29298957552236626}, "17": {"time": 153.0433554649353, "HV": 0.2934436696346735}, "18": {"time": 160.81068348884583, "HV": 0.29341802987745536}, "19": {"time": 168.40670013427734, "HV": 0.29361839142718416}, "20": {"time": 175.49190831184387, "HV": 0.29365290868148064}, "21": {"time": 181.77263355255127, "HV": 0.2937239878001616}, "22": {"time": 189.34508538246155, "HV": 0.30092538150282333}, "23": {"time": 195.62567901611328, "HV": 0.30082878092257137}, "24": {"time": 202.22728753089905, "HV": 0.3015221948849948}, "25": {"time": 207.85995364189148, "HV": 0.3018301462158719}, "26": {"time": 213.859304189682, "HV": 0.3020382995116672}, "27": {"time": 219.76379561424255, "HV": 0.30225571727751643}, "28": {"time": 225.4276626110077, "HV": 0.3043437078587919}, "29": {"time": 232.02050113677979, "HV": 0.31139145201165774}, "30": {"time": 238.6363034248352, "HV": 0.31188466393512093}, "31": {"time": 244.02510833740234, "HV": 0.31207427685493583}, "32": {"time": 250.0850009918213, "HV": 0.3121084397537096}, "33": {"time": 256.57159209251404, "HV": 0.31223634175345355}, "34": {"time": 263.2439196109772, "HV": 0.3123217215225614}, "35": {"time": 268.5833148956299, "HV": 0.3124169707247984}, "36": {"time": 275.0224070549011, "HV": 0.31259233094476735}, "37": {"time": 280.93024826049805, "HV": 0.3142815859790361}, "38": {"time": 286.54292464256287, "HV": 0.3162263453271898}, "39": {"time": 293.2185456752777, "HV": 0.3162271899689539}, "40": {"time": 299.68064522743225, "HV": 0.316261231629446}, "41": {"time": 305.604660987854, "HV": 0.31621942468918235}, "42": {"time": 310.4675884246826, "HV": 0.3162317158622952}, "43": {"time": 316.40811133384705, "HV": 0.3163232461019485}, "44": {"time": 322.8466274738312, "HV": 0.3162353195074616}, "45": {"time": 328.53502440452576, "HV": 0.316398838540095}, "46": {"time": 334.9737763404846, "HV": 0.3243866314488756}, "47": {"time": 341.2013008594513, "HV": 0.32435369732966113}, "48": {"time": 347.20425033569336, "HV": 0.32442994267751796}, "49": {"time": 352.89290475845337, "HV": 0.3242852861945205}, "50": {"time": 359.14524269104004, "HV": 0.32444876712272536}, "51": {"time": 365.0494067668915, "HV": 0.32778891871574506}, "52": {"time": 371.725501537323, "HV": 0.32781338453243075}, "53": {"time": 377.62269926071167, "HV": 0.3277389656700484}, "54": {"time": 383.4456238746643, "HV": 0.32786987444820226}, "55": {"time": 388.9013259410858, "HV": 0.3295127093350368}, "56": {"time": 394.8519308567047, "HV": 0.3311670881995112}, "57": {"time": 400.23579716682434, "HV": 0.33119072515137576}, "58": {"time": 406.11783385276794, "HV": 0.3311903963171821}, "59": {"time": 413.1242878437042, "HV": 0.33129996741629086}, "60": {"time": 419.32745265960693, "HV": 0.33109648283469484}, "61": {"time": 425.25660157203674, "HV": 0.33127233334470746}, "62": {"time": 430.88890051841736, "HV": 0.33136854773571767}, "63": {"time": 437.197003364563, "HV": 0.3313437240407837}, "64": {"time": 442.9813320636749, "HV": 0.3312713808107853}, "65": {"time": 448.6497104167938, "HV": 0.3313661063141646}}