{"0": {"time": 6.477109670639038, "HV": 0.5180623823405001}, "1": {"time": 29.80399775505066, "HV": 0.540440162518862}, "2": {"time": 43.03362965583801, "HV": 0.5634905108529182}, "3": {"time": 58.83092427253723, "HV": 0.5833037784886066}, "4": {"time": 73.23352479934692, "HV": 0.5985863335018585}, "5": {"time": 92.38650631904602, "HV": 0.6028379519339269}, "6": {"time": 110.20400428771973, "HV": 0.6095306618846517}, "7": {"time": 131.89320349693298, "HV": 0.619255349462097}, "8": {"time": 150.02687978744507, "HV": 0.6223903443686593}, "9": {"time": 168.5616319179535, "HV": 0.6252146248958115}, "10": {"time": 184.21475195884705, "HV": 0.6301357254057374}, "11": {"time": 199.6461923122406, "HV": 0.6336649599996249}, "12": {"time": 215.821435213089, "HV": 0.6359369164939956}, "13": {"time": 232.36245894432068, "HV": 0.6387374293475174}, "14": {"time": 247.46060156822205, "HV": 0.6407766274427218}, "15": {"time": 263.16524720191956, "HV": 0.6424506103668428}, "16": {"time": 278.79451179504395, "HV": 0.6435011760519632}, "17": {"time": 296.7384855747223, "HV": 0.644153575972356}, "18": {"time": 315.0683877468109, "HV": 0.6452644092136472}, "19": {"time": 334.01082825660706, "HV": 0.645746700672668}, "20": {"time": 351.5855700969696, "HV": 0.6464961730351788}, "21": {"time": 368.5250897407532, "HV": 0.6471935406762208}, "22": {"time": 384.5795986652374, "HV": 0.6473482178227926}, "23": {"time": 400.0445637702942, "HV": 0.6478649814231043}, "24": {"time": 413.62751746177673, "HV": 0.64862816937861}, "25": {"time": 429.72448325157166, "HV": 0.6489694034967871}, "26": {"time": 443.7087986469269, "HV": 0.649138915198342}, "27": {"time": 456.1798667907715, "HV": 0.6493351486979962}, "28": {"time": 471.7189462184906, "HV": 0.6498291677324289}, "29": {"time": 489.31456780433655, "HV": 0.6493499195349208}, "30": {"time": 503.5027070045471, "HV": 0.6498057252692264}, "31": {"time": 519.5549454689026, "HV": 0.6502572981560224}, "32": {"time": 532.4112207889557, "HV": 0.6503739387368617}, "33": {"time": 547.9188809394836, "HV": 0.6506329241988851}, "34": {"time": 563.3241634368896, "HV": 0.6507909261760333}, "35": {"time": 579.3712930679321, "HV": 0.6511712849634669}, "36": {"time": 594.9122905731201, "HV": 0.6510129695711451}, "37": {"time": 611.3568651676178, "HV": 0.6512873659878083}, "38": {"time": 626.4567837715149, "HV": 0.6516572360924459}, "39": {"time": 641.0414204597473, "HV": 0.6516879654499836}, "40": {"time": 656.2735061645508, "HV": 0.651539250114015}, "41": {"time": 670.816080570221, "HV": 0.6518940040080216}, "42": {"time": 684.4425318241119, "HV": 0.6521885177696387}, "43": {"time": 701.5619075298309, "HV": 0.6525932356426198}, "44": {"time": 718.2760229110718, "HV": 0.6522668345102984}, "45": {"time": 733.7810173034668, "HV": 0.6524708800583083}, "46": {"time": 748.8843615055084, "HV": 0.6529524160799507}, "47": {"time": 762.2710206508636, "HV": 0.6529627671937577}, "48": {"time": 777.3034901618958, "HV": 0.6529569736419584}, "49": {"time": 792.7822253704071, "HV": 0.6531307889318971}}