{"0": {"time": 17.743828773498535, "HV": 0.30362231798463846}, "1": {"time": 63.1552209854126, "HV": 0.3347028181545907}, "2": {"time": 84.5710551738739, "HV": 0.33932972730947586}, "3": {"time": 104.94789242744446, "HV": 0.3437792888487584}}