{"0": {"time": 4.543015956878662, "HV": 0.4695944959304411}, "1": {"time": 14.783006429672241, "HV": 0.5323285758939647}, "2": {"time": 35.030298709869385, "HV": 0.5421247995650416}, "3": {"time": 54.48853778839111, "HV": 0.5746361996847617}, "4": {"time": 77.47036218643188, "HV": 0.5908948581547666}, "5": {"time": 83.94157433509827, "HV": 0.5936670427484148}, "6": {"time": 91.10900259017944, "HV": 0.5994491845543142}, "7": {"time": 97.19964981079102, "HV": 0.6015406499283662}, "8": {"time": 102.63298654556274, "HV": 0.6054333059257602}, "9": {"time": 109.61745119094849, "HV": 0.6073611194585911}, "10": {"time": 116.57578110694885, "HV": 0.615116713770962}, "11": {"time": 122.7107195854187, "HV": 0.6209129551018413}, "12": {"time": 129.44774532318115, "HV": 0.632441041413796}, "13": {"time": 135.35621857643127, "HV": 0.6379346389436813}, "14": {"time": 141.2173924446106, "HV": 0.6423691650020495}, "15": {"time": 147.42715978622437, "HV": 0.6454623931472336}, "16": {"time": 154.2749674320221, "HV": 0.6491697815683883}, "17": {"time": 160.10249972343445, "HV": 0.6512341786247866}, "18": {"time": 165.64791440963745, "HV": 0.6494803290741484}, "19": {"time": 170.9346535205841, "HV": 0.6498224405120449}, "20": {"time": 175.97130393981934, "HV": 0.6522727755491111}, "21": {"time": 182.4692645072937, "HV": 0.6523011166071557}, "22": {"time": 188.73057556152344, "HV": 0.652788132932673}, "23": {"time": 194.57154488563538, "HV": 0.6531679567598336}, "24": {"time": 199.86107182502747, "HV": 0.6544056029384442}, "25": {"time": 205.45484042167664, "HV": 0.6546383827609346}, "26": {"time": 211.9270408153534, "HV": 0.6543335805043432}, "27": {"time": 218.6709384918213, "HV": 0.6552654802357026}, "28": {"time": 224.41490650177002, "HV": 0.6552640790000288}, "29": {"time": 229.98369526863098, "HV": 0.6541736519130533}, "30": {"time": 236.77643585205078, "HV": 0.6549598641691246}, "31": {"time": 244.33148622512817, "HV": 0.6544602556521659}, "32": {"time": 250.1417293548584, "HV": 0.6557532404132108}, "33": {"time": 256.0766713619232, "HV": 0.655391469061618}}