{"0": {"time": 4.606864929199219, "HV": 0.4908970354834865}, "1": {"time": 14.51634693145752, "HV": 0.5185350576955352}, "2": {"time": 21.291637659072876, "HV": 0.5327450430182576}, "3": {"time": 28.450141668319702, "HV": 0.5436288336918151}, "4": {"time": 37.88553476333618, "HV": 0.5568850683507621}, "5": {"time": 45.57549166679382, "HV": 0.5683782554586928}, "6": {"time": 52.32913112640381, "HV": 0.5775641576273014}, "7": {"time": 59.87883758544922, "HV": 0.5817387130571091}, "8": {"time": 71.52704310417175, "HV": 0.5849981040352168}, "9": {"time": 78.71676683425903, "HV": 0.5862531660975716}, "10": {"time": 85.32058620452881, "HV": 0.588398129004044}, "11": {"time": 91.95296502113342, "HV": 0.5892761839352763}, "12": {"time": 99.47728323936462, "HV": 0.5916039404132495}, "13": {"time": 105.73018908500671, "HV": 0.5964561714567103}, "14": {"time": 113.93568563461304, "HV": 0.6020780023990527}, "15": {"time": 120.98117446899414, "HV": 0.6053164708887518}, "16": {"time": 128.2951831817627, "HV": 0.6082065275049352}, "17": {"time": 135.36047744750977, "HV": 0.6100382822622727}, "18": {"time": 145.8694350719452, "HV": 0.6104320460275042}, "19": {"time": 156.85375237464905, "HV": 0.6120435334264751}, "20": {"time": 168.0607225894928, "HV": 0.6114746788447452}, "21": {"time": 179.1876666545868, "HV": 0.6154902293987974}, "22": {"time": 190.16163301467896, "HV": 0.6152515014617076}, "23": {"time": 203.16771411895752, "HV": 0.6172575442113406}, "24": {"time": 213.0483808517456, "HV": 0.6175651263827021}, "25": {"time": 222.15005540847778, "HV": 0.6178145539924544}, "26": {"time": 236.08717918395996, "HV": 0.6188128830530202}, "27": {"time": 242.85735034942627, "HV": 0.6193798058772153}, "28": {"time": 249.4447512626648, "HV": 0.6182687338586632}, "29": {"time": 256.6509482860565, "HV": 0.6190600281022964}, "30": {"time": 262.80481815338135, "HV": 0.6196390012168083}, "31": {"time": 269.5940911769867, "HV": 0.6209342413500082}, "32": {"time": 276.45236468315125, "HV": 0.6212314242923456}, "33": {"time": 283.73238706588745, "HV": 0.6223465669893737}, "34": {"time": 289.70079612731934, "HV": 0.6232193589920416}, "35": {"time": 297.5785210132599, "HV": 0.624439514459752}, "36": {"time": 303.56291103363037, "HV": 0.6260224534436409}, "37": {"time": 310.6437635421753, "HV": 0.627667528805467}, "38": {"time": 317.32127952575684, "HV": 0.6293175859002329}, "39": {"time": 324.459641456604, "HV": 0.6290914891533546}, "40": {"time": 332.2528750896454, "HV": 0.6308076524545932}, "41": {"time": 338.0730187892914, "HV": 0.6302507386986227}, "42": {"time": 345.30592036247253, "HV": 0.6306384057339903}, "43": {"time": 352.00789189338684, "HV": 0.6308350145919399}, "44": {"time": 359.20779728889465, "HV": 0.6315500884109014}, "45": {"time": 367.1972279548645, "HV": 0.6309634987557785}, "46": {"time": 374.46230387687683, "HV": 0.6297709707398982}, "47": {"time": 380.7167432308197, "HV": 0.6307529537332931}, "48": {"time": 386.9922022819519, "HV": 0.6312176166378126}, "49": {"time": 393.74407601356506, "HV": 0.6317524838997141}}