{"0": {"time": 7.950875759124756, "HV": 0.4705789060439586}, "1": {"time": 32.07872748374939, "HV": 0.49745110078346955}, "2": {"time": 51.9685697555542, "HV": 0.5117340224656747}, "3": {"time": 73.47206497192383, "HV": 0.5221307576503795}, "4": {"time": 96.09540677070618, "HV": 0.5276001363272101}, "5": {"time": 120.78985929489136, "HV": 0.532827270742529}, "6": {"time": 144.52269577980042, "HV": 0.5379479344748848}, "7": {"time": 162.0231273174286, "HV": 0.5425186433273291}, "8": {"time": 179.6464216709137, "HV": 0.5460908444305673}, "9": {"time": 196.94191217422485, "HV": 0.549658457100043}, "10": {"time": 212.89600825309753, "HV": 0.5525722928365691}, "11": {"time": 228.8445165157318, "HV": 0.5580043246398815}, "12": {"time": 248.15571570396423, "HV": 0.5620363336536333}, "13": {"time": 264.26084637641907, "HV": 0.5636301572191044}, "14": {"time": 284.0639398097992, "HV": 0.5682992994285829}, "15": {"time": 302.8924329280853, "HV": 0.5716997386279441}, "16": {"time": 320.168416261673, "HV": 0.5759978982845507}, "17": {"time": 333.8319947719574, "HV": 0.5773226028323439}, "18": {"time": 351.9246127605438, "HV": 0.5783575475894422}, "19": {"time": 369.2689402103424, "HV": 0.5795171756928292}, "20": {"time": 384.1310975551605, "HV": 0.5813802797157998}, "21": {"time": 397.69523882865906, "HV": 0.5829812156821108}, "22": {"time": 413.4473819732666, "HV": 0.5846807535648544}, "23": {"time": 431.02535581588745, "HV": 0.5856945769142706}, "24": {"time": 444.10724115371704, "HV": 0.587710864439479}, "25": {"time": 458.8285870552063, "HV": 0.5888486913095694}, "26": {"time": 474.6399521827698, "HV": 0.5905401861831021}, "27": {"time": 486.2977738380432, "HV": 0.5909719709439106}, "28": {"time": 500.9870147705078, "HV": 0.593423975864125}, "29": {"time": 515.8039150238037, "HV": 0.5940160126517314}, "30": {"time": 531.2484908103943, "HV": 0.5951146070132322}}