{"0": {"time": 24.70749258995056, "HV": 0.2237630461368524}, "1": {"time": 108.23638701438904, "HV": 0.24679196606862464}, "2": {"time": 182.14311265945435, "HV": 0.24747500677880577}, "3": {"time": 246.92103934288025, "HV": 0.24806774512163868}, "4": {"time": 315.65955567359924, "HV": 0.24841392063537807}, "5": {"time": 386.3053619861603, "HV": 0.2487210257360972}, "6": {"time": 453.41734433174133, "HV": 0.24879037198395312}, "7": {"time": 511.7722234725952, "HV": 0.2497798599402659}, "8": {"time": 581.889410495758, "HV": 0.2497876549388704}, "9": {"time": 635.2083246707916, "HV": 0.2498778834654324}, "10": {"time": 692.1232929229736, "HV": 0.24975229747571281}, "11": {"time": 756.0172827243805, "HV": 0.25022135452977784}, "12": {"time": 814.1078250408173, "HV": 0.25027022666890664}, "13": {"time": 872.2618470191956, "HV": 0.2502121300461127}, "14": {"time": 928.517392873764, "HV": 0.2501827838139229}, "15": {"time": 990.6750388145447, "HV": 0.2508029267632913}, "16": {"time": 1048.5711243152618, "HV": 0.25119198536887455}, "17": {"time": 1119.764228105545, "HV": 0.25159297434215944}, "18": {"time": 1176.8242301940918, "HV": 0.2521142588322049}, "19": {"time": 1239.4309811592102, "HV": 0.25231824554237436}}