{"0": {"NFE": 4, "HV": 0.12536838253128552}, "1": {"NFE": 6, "HV": 0.12536772472192917}, "2": {"NFE": 7, "HV": 0.1254467890942262}}