{"1": {"predict1": [0.9299999999999999, 0.9166666666666667, 0.91375, 0.91375, 0.91375, 0.91375, 0.91375, 0.9104166666666668, 0.9104166666666668, 0.9104166666666668, 0.9104166666666668, 0.9033333333333333, 0.9033333333333333, 0.8991666666666667, 0.88375, 0.8783333333333333, 0.8579166666666665, 0.8545833333333335, 0.85125, 0.8141666666666666, 0.8141666666666666, 0.8141666666666666, 0.8070833333333333, 0.8045833333333334, 0.7991666666666666, 0.9087500000000001, 0.9087500000000001, 0.9087500000000001, 0.89375, 0.88375, 0.8829166666666666, 0.8699999999999999, 0.8695833333333333, 0.8695833333333333, 0.8695833333333333, 0.86625, 0.86625, 0.8633333333333333, 0.86, 0.8579166666666665, 0.8545833333333335, 0.84375, 0.8429166666666665, 0.8391666666666666, 0.83375, 0.83375, 0.83375, 0.8308333333333333, 0.8258333333333334, 0.825, 0.8174999999999999, 0.8158333333333333, 0.8108333333333334, 0.8095833333333333, 0.8074999999999999, 0.79875, 0.7983333333333332, 0.7787499999999999, 0.7754166666666666, 0.8704166666666666, 0.8695833333333333, 0.8683333333333334, 0.8666666666666666, 0.8637500000000001, 0.8637499999999999, 0.8637499999999999, 0.8637499999999999, 0.8616666666666667, 0.85875, 0.8545833333333335, 0.8529166666666667, 0.8516666666666666, 0.8324999999999999, 0.8316666666666667, 0.8262499999999999, 0.81875, 0.8133333333333332, 0.8108333333333333, 0.7987500000000001, 0.7983333333333335, 0.7983333333333335, 0.7858333333333334, 0.7825, 0.78125, 0.7791666666666667, 0.7733333333333332, 0.7708333333333334, 0.7683333333333333, 0.7645833333333334, 0.76375, 0.7429166666666666, 0.8720833333333333, 0.8712500000000001, 0.8712500000000001, 0.8683333333333334, 0.8637499999999999, 0.8637499999999999, 0.8637499999999999, 0.8566666666666667, 0.8383333333333333], "extractly1": [0.7854166666666667, 0.7625, 1.0, 0.8375, 0.7625, 1.0, 0.775, 1.0, 0.7958333333333333, 0.7770833333333333, 1.0, 0.8895833333333333, 0.875, 0.7645833333333333, 0.7916666666666666, 0.7833333333333333, 1.0, 0.7770833333333333, 0.8104166666666667, 0.8145833333333333, 0.7854166666666667, 0.8375, 0.7541666666666667, 0.7833333333333333, 0.7208333333333333, 0.7854166666666667, 0.7854166666666667, 0.7916666666666666, 0.7729166666666667, 0.7395833333333334, 0.7895833333333333, 0.7791666666666667, 0.7979166666666667, 0.7833333333333333, 1.0, 0.8041666666666667, 0.8541666666666666, 0.80625, 0.78125, 0.7541666666666667, 0.775, 0.7375, 1.0, 0.7541666666666667, 1.0, 0.7666666666666667, 0.80625, 0.7666666666666667, 0.7520833333333333, 0.7729166666666667, 0.7708333333333334, 0.875, 0.7604166666666666, 0.7208333333333333, 0.8520833333333333, 0.7583333333333333, 0.7645833333333333, 0.7729166666666667, 0.7645833333333333, 0.75625, 0.7520833333333333, 0.7854166666666667, 0.7708333333333334, 0.7833333333333333, 0.7708333333333334, 0.9541666666666667, 0.76875, 0.7604166666666666, 0.7833333333333333, 0.775, 0.7729166666666667, 0.7625, 0.74375, 1.0, 1.0, 0.8458333333333333, 1.0, 0.7916666666666666, 0.7541666666666667, 0.75625, 0.775, 0.7895833333333333, 0.7833333333333333, 1.0, 0.8166666666666667, 0.7666666666666667, 0.7395833333333334, 1.0, 1.0, 0.84375, 0.8020833333333334, 0.76875, 0.8104166666666667, 1.0, 0.7708333333333334, 0.7770833333333333, 0.80625, 0.775, 0.74375, 0.7854166666666667], "predict2": [0.05741914367917513, 0.07062920286406532, 0.07446628981211452, 0.07446628981211452, 0.07446628981211452, 0.07446628981211452, 0.07446628981211452, 0.07458848164478696, 0.07458848164478696, 0.07458848164478696, 0.07458848164478696, 0.07976122377433702, 0.07976122377433702, 0.08680727590918873, 0.08718613056927357, 0.09569707429979962, 0.10976837256286207, 0.12125097607545066, 0.12397644391629278, 0.15373283802391263, 0.15373283802391263, 0.15373283802391263, 0.15424129945169274, 0.15551238239510937, 0.1567468884773523, 0.08153304508602562, 0.08153304508602562, 0.08153304508602562, 0.08761023066109933, 0.09409793610068051, 0.10603049385100886, 0.10727650686645451, 0.11171522156622964, 0.11171522156622964, 0.11171522156622964, 0.11512251397950549, 0.11512251397950549, 0.11524934370848672, 0.11761523387224604, 0.12187863818264141, 0.12230814618087749, 0.1251389928359868, 0.1278574256784457, 0.1291653872869988, 0.13138851052232337, 0.13138851052232337, 0.13138851052232337, 0.13317144886226048, 0.13716237232450107, 0.13770694791907478, 0.14281628075804775, 0.1545251920362446, 0.15546056461877097, 0.15661940355419876, 0.16005469942285272, 0.1613470468498109, 0.16254444170971555, 0.17181937463955918, 0.18000899757930772, 0.10732529338943933, 0.11266719782015291, 0.11524131105055035, 0.11556708451267687, 0.11598759858832938, 0.11598759858832941, 0.11598759858832941, 0.11598759858832941, 0.12102715021873016, 0.12347931511963575, 0.1248433892429249, 0.12717326224185638, 0.12877780831637167, 0.1343365292556033, 0.1379831696011881, 0.13987093384440286, 0.14937123957915063, 0.15624983089066385, 0.1591887164840657, 0.1626858947892847, 0.164107434016505, 0.164107434016505, 0.17417821380339915, 0.17775663685435467, 0.1803471807264295, 0.1844614948678355, 0.18495898022104834, 0.18791683511025722, 0.19197917656386937, 0.19391362400802759, 0.19461140379999609, 0.19743783483331923, 0.1099827311614237, 0.11142613077773844, 0.11142613077773844, 0.11524131105055038, 0.11842629865993477, 0.11842629865993477, 0.11842629865993477, 0.12546413643984328, 0.13663379019407867], "extractly2": [0.20069110148725075, 0.18315714199845734, 0.0, 0.13632300039055764, 0.2290726497769349, 0.0, 0.20547678358599109, 0.0, 0.15730452412347382, 0.1770327517947202, 0.0, 0.0957446718967398, 0.09477238179987917, 0.1883649183048331, 0.18358167728719474, 0.20609763713838133, 0.0, 0.20434203985278476, 0.1591304168637996, 0.17168563225653538, 0.2111463904192746, 0.12493201856835237, 0.1825521947975464, 0.17542881442113126, 0.18751743415482758, 0.1936471432316929, 0.18847641550017444, 0.16883368013928832, 0.20548853037816758, 0.20328743749782813, 0.16794505682994518, 0.20693704557417258, 0.16854132982262376, 0.16795790329734864, 0.0, 0.16729741433504403, 0.08669707835352715, 0.1514978819582795, 0.18029702502758593, 0.20364042515802375, 0.20386414904901803, 0.18061613892113276, 0.0, 0.2105876269745979, 0.0, 0.20032506543711812, 0.1683558152152959, 0.19004024617052231, 0.19259621929239612, 0.19994529725705776, 0.20169404367574262, 0.09561145913096424, 0.19825846840160216, 0.20462196057617535, 0.11221977029657036, 0.19893240965037662, 0.19538531141597534, 0.19965297452712183, 0.20500389085217072, 0.202069804965188, 0.21290964369110177, 0.19541756932906937, 0.21156877449673014, 0.19457054647044383, 0.1948069723728384, 0.04328566149880331, 0.20308307311984883, 0.1970000376329348, 0.19296027950355, 0.1990363766088231, 0.1933447536358243, 0.19588772165776366, 0.19768222372356592, 0.0, 0.0, 0.12199181357128534, 0.0, 0.1708464944369515, 0.17465706511417214, 0.2076795821942833, 0.19875447679844324, 0.1952378905820204, 0.18526291263567823, 0.0, 0.16781728939404567, 0.18914059697671468, 0.21594109554930319, 0.0, 0.0, 0.1373359167343025, 0.1581204060377012, 0.1946101768085535, 0.1660650837699798, 0.0, 0.17907574166878185, 0.20151663464366304, 0.15957020574200112, 0.20209685495204346, 0.19668873065654313, 0.19680402843226744]},