{"1": {"predict1": [0.8975700934579439, 0.8975700934579439, 0.8975700934579439, 0.8975700934579439, 0.8478504672897197, 0.8209345794392522, 0.817196261682243, 0.811588785046729, 0.8011214953271028, 0.7958878504672897, 0.7958878504672897, 0.719626168224299, 0.8209345794392524, 0.8186915887850468, 0.8007476635514019, 0.7992523364485982, 0.7970093457943925, 0.7962616822429907, 0.7891588785046729, 0.7252336448598131, 0.7252336448598131, 0.7252336448598131, 0.7252336448598131, 0.719626168224299, 0.7132710280373832, 0.8299065420560747, 0.8295327102803739, 0.8209345794392524, 0.8026168224299065, 0.8022429906542057, 0.7902803738317757, 0.7648598130841121, 0.7648598130841121, 0.7648598130841121, 0.7648598130841121, 0.7648598130841121, 0.760373831775701, 0.7562616822429906, 0.7514018691588785, 0.7495327102803738, 0.742429906542056, 0.7330841121495327, 0.7293457943925233, 0.719626168224299, 0.8414953271028038, 0.8414953271028038, 0.8414953271028038, 0.8399999999999999, 0.8067289719626167, 0.8044859813084113, 0.7783177570093458, 0.7779439252336449, 0.7730841121495328, 0.7700934579439253, 0.7648598130841122, 0.7648598130841121, 0.7648598130841121, 0.7648598130841121, 0.7648598130841121, 0.7648598130841121, 0.7648598130841121, 0.7644859813084112, 0.7629906542056075, 0.7607476635514019, 0.7607476635514019, 0.7607476635514019, 0.7596261682242991, 0.7596261682242991, 0.7528971962616822, 0.7517757009345795, 0.7338317757009345, 0.7304672897196262, 0.7136448598130841, 0.7031775700934579, 0.840373831775701, 0.840373831775701, 0.8403738317757009, 0.8074766355140186, 0.8074766355140186, 0.8074766355140186, 0.8074766355140186, 0.7801869158878505, 0.7779439252336449, 0.7749532710280375, 0.7674766355140188, 0.7671028037383177, 0.7644859813084113, 0.7637383177570094, 0.7637383177570094, 0.7603738317757008, 0.754018691588785, 0.753644859813084, 0.7416822429906542, 0.7405607476635515, 0.7327102803738317, 0.7327102803738317, 0.7312149532710281, 0.7244859813084112, 0.7244859813084112, 0.7241121495327103], "extractly1": [0.697196261682243, 1.0, 0.7476635514018691, 1.0, 0.7495327102803738, 0.6579439252336449, 0.7252336448598131, 0.7308411214953271, 0.7046728971962617, 0.6934579439252336, 0.7102803738317757, 0.7700934579439253, 1.0, 0.6841121495327103, 0.7588785046728972, 1.0, 0.7271028037383177, 1.0, 0.7962616822429907, 0.6560747663551402, 0.6635514018691588, 0.6635514018691588, 0.6728971962616822, 1.0, 0.7514018691588785, 1.0, 0.7383177570093458, 1.0, 0.719626168224299, 1.0, 1.0, 0.6560747663551402, 0.7570093457943925, 0.7046728971962617, 0.7439252336448599, 0.6728971962616822, 0.6878504672897197, 0.6336448598130842, 0.7383177570093458, 0.7102803738317757, 0.9401869158878504, 0.6953271028037383, 0.7626168224299066, 0.7570093457943925, 1.0, 0.7177570093457943, 1.0, 0.7046728971962617, 0.805607476635514, 0.7364485981308411, 0.7514018691588785, 0.8018691588785046, 1.0, 0.6915887850467289, 0.6990654205607477, 0.822429906542056, 0.7626168224299066, 0.7345794392523365, 0.6336448598130842, 0.7457943925233644, 0.7420560747663552, 0.7233644859813084, 0.7177570093457943, 0.9121495327102803, 0.7046728971962617, 0.9327102803738317, 0.6672897196261682, 0.6747663551401869, 0.7289719626168224, 0.7158878504672898, 0.8018691588785046, 0.7345794392523365, 0.6878504672897197, 0.6728971962616822, 0.7551401869158878, 0.7327102803738318, 0.7495327102803738, 0.7364485981308411, 0.8186915887850468, 0.9102803738317757, 0.7439252336448599, 0.7252336448598131, 0.7551401869158878, 0.7364485981308411, 1.0, 0.7158878504672898, 0.708411214953271, 0.719626168224299, 0.7327102803738318, 0.7457943925233644, 1.0, 0.7121495327102804, 0.7177570093457943, 0.7177570093457943, 0.7495327102803738, 0.719626168224299, 0.702803738317757, 0.6560747663551402, 0.7252336448598131, 0.7158878504672898], "predict2": [0.08941529715044773, 0.08941529715044773, 0.08941529715044773, 0.08941529715044773, 0.12621384647355538, 0.1329729792754497, 0.1347483689828625, 0.14534134566703427, 0.1565946593266752, 0.15661105862483518, 0.15661105862483518, 0.21810940720152489, 0.1329729792754497, 0.14800742384286822, 0.15872972887333972, 0.15894505633396339, 0.15907631988064946, 0.16647639158155, 0.167073260054259, 0.22121685455803725, 0.22121685455803725, 0.22121685455803725, 0.22121685455803725, 0.22761834259938857, 0.2282009102940105, 0.13784626986279025, 0.13947388640283456, 0.15262933605553644, 0.16771739753817883, 0.16841452594501474, 0.16967070512584922, 0.1835107054651443, 0.1835107054651443, 0.1835107054651443, 0.1835107054651443, 0.1835107054651443, 0.1838120542580287, 0.19339629557060123, 0.1977790326574507, 0.20011136388047568, 0.20052895920627706, 0.20424005909223814, 0.22609714992498967, 0.23038157070481802, 0.13995302334014234, 0.13995302334014234, 0.13995302334014234, 0.14060989950783812, 0.17283871938573442, 0.1753561350254437, 0.17763663411175917, 0.17836207695525808, 0.18005117142944813, 0.1820646303774123, 0.1835107054651443, 0.18351070546514434, 0.18351070546514434, 0.18351070546514434, 0.18351070546514434, 0.18351070546514434, 0.18351070546514434, 0.18585650914300283, 0.19378335600865798, 0.1973480471105416, 0.1973480471105416, 0.1973480471105416, 0.198153737891018, 0.198153737891018, 0.20290653094386432, 0.21040424604220193, 0.22096622665894805, 0.22742404127398347, 0.2321903662526686, 0.23238111304602738, 0.1486134644464715, 0.1486134644464715, 0.14861346444647153, 0.1755087611980964, 0.1755087611980964, 0.1755087611980964, 0.1755087611980964, 0.17957940589732477, 0.18261678920445706, 0.18318107097649464, 0.1838181071044886, 0.18947503021461648, 0.19347615043024152, 0.19723112041523055, 0.19723112041523055, 0.20078003159365557, 0.2038327873015068, 0.20427895014383876, 0.21867722745336415, 0.22215426521106557, 0.23165812350117082, 0.23165812350117082, 0.23200016212039065, 0.2322211668921529, 0.2322211668921529, 0.23343311425679789], "extractly2": [0.26221344238002947, 0.0, 0.19868014941662263, 0.0, 0.23494281260153121, 0.24158599199962985, 0.1895592381234462, 0.24463605547354708, 0.21484863298222795, 0.2358168924543161, 0.21193300913715046, 0.15938719430988899, 0.0, 0.26554120035752676, 0.21001964138272503, 0.0, 0.239150753416773, 0.0, 0.1871315986356431, 0.24813867370745243, 0.24065674970573933, 0.24470446395139955, 0.24905159425493884, 0.0, 0.24550165613628305, 0.0, 0.25164476916347867, 0.0, 0.24696292697170869, 0.0, 0.0, 0.253955216845868, 0.2436366303652956, 0.22574526675835732, 0.2324939781200238, 0.24059290550540907, 0.24274200823013567, 0.2723249541310067, 0.23163970537064418, 0.2158374331608906, 0.0631775149167741, 0.23208272554099915, 0.19252442060183278, 0.210719349528156, 0.0, 0.24257152522120598, 0.0, 0.2609336634245128, 0.168754827655701, 0.217572115853449, 0.24637560166916678, 0.18134821791386774, 0.0, 0.24435203790441495, 0.24611254986639566, 0.1537336897491399, 0.17521183620156386, 0.2046652475820095, 0.2614394464480771, 0.17822862494144548, 0.18816650839420437, 0.22584618005028712, 0.22640070844174914, 0.03856845846723953, 0.24621819033044784, 0.02860226800864057, 0.24276598511243794, 0.24194708184585714, 0.27411446556905245, 0.26299274558166447, 0.18481208322199674, 0.23862048397744134, 0.27175741421131633, 0.25011077241174506, 0.23166291265603625, 0.23479145489150843, 0.2401644132945301, 0.2548250174362568, 0.15013947941132436, 0.039536046537095505, 0.2468533494413021, 0.2426786671205985, 0.19146911232100072, 0.2562493260874784, 0.0, 0.24797659762851798, 0.24640706964034945, 0.23447725404990383, 0.24247248471381233, 0.2525595545138532, 0.0, 0.24690555326907648, 0.22431059152276675, 0.24696142062299767, 0.2449395013721136, 0.25411037770532857, 0.24105004404820093, 0.24214675071313416, 0.1578795753856624, 0.2435195317877253]},