{"1": {"predict1": [0.8385479342158042, 0.8416365824308063, 0.8449659045326916, 0.8484957882069795, 0.8491375852386682, 0.8576815082230246, 0.8604893702366627, 0.8594063377456879, 0.8622141997593262, 0.8619334135579623, 0.8472523064580827, 0.8758523866827115, 0.8432811873245086, 0.8523064580826313, 0.8723225030084236], "extractly1": [0.8138788608102687, 0.8247091857200161, 0.855595667870036, 0.8110709987966306, 0.8086642599277978, 0.8479743281187324, 0.8576012835940634, 0.8684316085038106, 0.8760529482551144, 0.8764540713999198, 0.8110709987966306, 0.8736462093862816, 0.8451664661050943, 0.8953068592057761, 0.8724428399518652], "predict2": [0.14366487312873386, 0.13955479295390577, 0.135466388398352, 0.12771537966638744, 0.12423312801842265, 0.11622293557855112, 0.11335678333491372, 0.11450477935500622, 0.11056983775572762, 0.11102043406295041, 0.13114019951907624, 0.0930334798167932, 0.14686907848736747, 0.12624348658413345, 0.09942460562788279], "extractly2": [0.15957997226806556, 0.14312536938076542, 0.11658265390739556, 0.16229943682195436, 0.1625182517488754, 0.1263463750780528, 0.1253992220540756, 0.09409786883453658, 0.08715926006538036, 0.08671084538710801, 0.16219749372772194, 0.09353098994154924, 0.14434629136760527, 0.07784029037888494, 0.08774024825540551]}, "2": {"predict1": [0.8355395106297634, 0.8638989169675091, 0.8296831127156036, 0.8553951062976333, 0.8594464500601685, 0.8484957882069795, 0.8332129963898918, 0.8605695948656237, 0.8336542318491776, 0.8610910549538708, 0.8628961091054954, 0.8636181307661452, 0.8274769354191737, 0.8300842358604091, 0.8702366626554351], "extractly1": [0.8094665062174088, 0.8744484556758925, 0.8106698756518251, 0.8551945447252306, 0.8407541115122342, 0.8487765744083433, 0.8126754913758524, 0.8507821901323707, 0.8122743682310469, 0.8808664259927798, 0.8567990373044525, 0.8648215002005616, 0.8648215002005616, 0.8138788608102687, 0.8796630565583634], "predict2": [0.13737979378686935, 0.10591614915236676, 0.14278607602062193, 0.12103955271462585, 0.11451397908261093, 0.12600285641756098, 0.14107203963101927, 0.11215457521914529, 0.13899366859735748, 0.10977833746815231, 0.10856132895754755, 0.10611957888643586, 0.15050767888768726, 0.1434391183277936, 0.09662130867040317], "extractly2": [0.1615948835783405, 0.08828818499624312, 0.16275816874029822, 0.1159239172772121, 0.15774731456252158, 0.12242948482120052, 0.16012213271386913, 0.12512226498678145, 0.16048817419340786, 0.08438360206683072, 0.12022222487115265, 0.09705771395516949, 0.1013505960665029, 0.158800654283322, 0.08676799910988321]}}