{"1": {"predict1": [0.8904438224710116, 0.8904438224710116], "extractly1": [0.8532586965213914, 0.8532586965213914], "predict2": [0.10948692382819727, 0.10948692382819727], "extractly2": [0.14642487514310068, 0.1464248751431007]}, "2": {"predict1": [0.8830067972810877], "extractly1": [0.8552578968412635], "predict2": [0.11687451409117795], "extractly2": [0.14509794502658782]}}