{"1": {"predict1": [0.8654632972322502, 0.8716004813477738, 0.8575611712795828, 0.8679502607300442, 0.8696349779382271, 0.8714400320898517, 0.8612515042117931, 0.8680304853590053, 0.8597673485760128, 0.8611712795828318, 0.8586442037705575, 0.8612515042117931, 0.8584436421981548, 0.8586040914560769, 0.8586040914560769, 0.8612515042117931, 0.8486161251504212, 0.8578820697954272], "extractly1": [0.8451664661050943, 0.8824709185720016, 0.8479743281187324, 0.860810268752507, 0.8764540713999198, 0.8816686722823907, 0.8559967910148416, 0.8491776975531489, 0.8547934215804252, 0.8543922984356197, 0.8543922984356197, 0.8523866827115925, 0.857200160449258, 0.8455675892498997, 0.8616125150421179, 0.8523866827115925, 0.8110709987966306, 0.8499799438427598], "predict2": [0.10449045794111578, 0.09646272770047548, 0.1174974674534319, 0.10339068343903506, 0.09975885748780536, 0.09697194846172959, 0.11333816916021425, 0.10093233165431326, 0.11565922550944263, 0.11449006645760788, 0.11639638683695237, 0.11333816916021425, 0.11732157104599408, 0.11682091973904281, 0.11682091973904281, 0.11333816916021425, 0.132222936196075, 0.1177877893748542], "extractly2": [0.12154297027245274, 0.08562241505535709, 0.13645610355153293, 0.11248527236359059, 0.09019021427072416, 0.08621474937310931, 0.12094189199610217, 0.12649040890931407, 0.12672110869560557, 0.12214138732143652, 0.12059666772503794, 0.12538915389638025, 0.11799028897631901, 0.13109613285830352, 0.10884873200431094, 0.12227101172179469, 0.1615035995828516, 0.12470644300212472]}, "2": {"predict1": [0.8648215002005617, 0.8714801444043321, 0.8592860008022465, 0.8588046530284796, 0.8673886883273164, 0.8713196951464101, 0.8706778981147213, 0.854552747693542, 0.8549939831528279, 0.8741275571600481, 0.8715603690332931, 0.8659446450060168, 0.8677496991576413], "extractly1": [0.8399518652226233, 0.8688327316486161, 0.8495788206979543, 0.8507821901323707, 0.8660248696349779, 0.8800641797031689, 0.8816686722823907, 0.8612113918973124, 0.8640192539109507, 0.8600080224628961, 0.8403529883674288, 0.8531889290012034, 0.8720417168070598], "predict2": [0.10348484413239947, 0.09491386541033453, 0.11248511078596139, 0.11559205476822776, 0.1018297662047987, 0.09899360562217438, 0.09902292803935575, 0.11812720937100299, 0.11809222982737719, 0.09427822779358945, 0.0986387577518914, 0.10851232605933132, 0.10539901309981234], "extractly2": [0.16028838048649727, 0.09805944810564092, 0.1308066309988519, 0.13182537724973512, 0.10397732148913191, 0.08709797057385854, 0.08618314411220371, 0.1120952546542205, 0.10818642003563095, 0.10878131314977534, 0.15281006958443435, 0.1300521574550006, 0.0980054215315176]}}