{
    "0": {
        "NFE": 4,
        "HV": 0.12536838253128552
    },
    "1": {
        "NFE": 14,
        "HV": 0.13022715847284844
    },
    "2": {
        "NFE": 24,
        "HV": 0.13022715847284844
    }
}