{"0": {"time": 1960.5046360492706, "HV": 0.2464447542859576}, "1": {"time": 3846.7148699760437, "HV": 0.24841230672289275}, "2": {"time": 4891.517280817032, "HV": 0.2527183079387573}, "3": {"time": 5914.377974271774, "HV": 0.25330408917562536}}