{"0": {"time": 179.2355604171753, "HV": 0.5011759920411586}, "1": {"time": 363.83735847473145, "HV": 0.5188451530169793}, "2": {"time": 525.7495610713959, "HV": 0.5252877129864578}, "3": {"time": 655.2222812175751, "HV": 0.5305154895311015}, "4": {"time": 782.7935333251953, "HV": 0.5346493393776125}, "5": {"time": 928.9010524749756, "HV": 0.5402217473884906}, "6": {"time": 1075.1365849971771, "HV": 0.5429295540769973}, "7": {"time": 1219.5628337860107, "HV": 0.5457605069322855}, "8": {"time": 1364.2865121364594, "HV": 0.5535951909792883}, "9": {"time": 1544.3706109523773, "HV": 0.556723487622259}, "10": {"time": 1673.7455084323883, "HV": 0.5583023994899332}, "11": {"time": 1825.8651976585388, "HV": 0.5602431158872843}, "12": {"time": 1975.0426285266876, "HV": 0.5633159746845484}, "13": {"time": 2123.677900791168, "HV": 0.5646525389880847}, "14": {"time": 2262.8792934417725, "HV": 0.5669506945795983}, "15": {"time": 2437.6085028648376, "HV": 0.5702572223075377}, "16": {"time": 2583.0687386989594, "HV": 0.5717806297653818}, "17": {"time": 2723.9256267547607, "HV": 0.572839441767338}, "18": {"time": 2899.800368785858, "HV": 0.5730500079814193}, "19": {"time": 3055.1982271671295, "HV": 0.5741328965874232}, "20": {"time": 3219.719607591629, "HV": 0.5749188823288477}, "21": {"time": 3378.427994966507, "HV": 0.5753102804007703}, "22": {"time": 3531.508492231369, "HV": 0.575931864226395}, "23": {"time": 3677.0212280750275, "HV": 0.5761654553667261}, "24": {"time": 3816.845142364502, "HV": 0.5771824311186542}, "25": {"time": 3969.932932138443, "HV": 0.5799433761893453}, "26": {"time": 4122.581469535828, "HV": 0.5816502555195638}, "27": {"time": 4274.656530380249, "HV": 0.5836150601010428}, "28": {"time": 4416.2239825725555, "HV": 0.5848774343610335}, "29": {"time": 4563.220704317093, "HV": 0.5871570977983761}, "30": {"time": 4728.815947771072, "HV": 0.5886429437706945}, "31": {"time": 4883.591553211212, "HV": 0.5898315486439236}, "32": {"time": 5031.485078334808, "HV": 0.5903270015160638}, "33": {"time": 5202.743273258209, "HV": 0.59132575762891}, "34": {"time": 5355.828958749771, "HV": 0.5926653019603554}, "35": {"time": 5516.991714477539, "HV": 0.5935496492605378}}