{"0": {"time": 318.0727903842926, "HV": 0.45918488617180797}, "1": {"time": 644.1143999099731, "HV": 0.47721655701705135}, "2": {"time": 965.6559011936188, "HV": 0.4847250527864365}, "3": {"time": 1198.0310997962952, "HV": 0.4895055464220276}, "4": {"time": 1380.4806485176086, "HV": 0.49785018738935793}, "5": {"time": 1557.81938290596, "HV": 0.5034604903622947}, "6": {"time": 1738.9224064350128, "HV": 0.5111238714469357}, "7": {"time": 1914.2234201431274, "HV": 0.5117024594605047}, "8": {"time": 2103.205467224121, "HV": 0.5153181568930261}, "9": {"time": 2323.672191143036, "HV": 0.5166146833866171}, "10": {"time": 2553.5618731975555, "HV": 0.5179297449242071}, "11": {"time": 2749.3900361061096, "HV": 0.5198656800211399}, "12": {"time": 2941.52464056015, "HV": 0.5217315337281541}, "13": {"time": 3120.1217741966248, "HV": 0.5233822958644784}, "14": {"time": 3298.6391413211823, "HV": 0.5247436902583543}, "15": {"time": 3482.941624403, "HV": 0.5251142538081119}, "16": {"time": 3654.395164489746, "HV": 0.5270648712145412}, "17": {"time": 3833.252712249756, "HV": 0.5294552292982695}, "18": {"time": 4037.143012046814, "HV": 0.53010523347501}, "19": {"time": 4270.976995706558, "HV": 0.5304798119866794}, "20": {"time": 4516.818286895752, "HV": 0.5308526547937606}, "21": {"time": 4696.432955026627, "HV": 0.5312570754940318}, "22": {"time": 4876.364218950272, "HV": 0.5320146475602812}, "23": {"time": 5067.852538108826, "HV": 0.5324552393226982}, "24": {"time": 5269.15794301033, "HV": 0.5335386467006845}, "25": {"time": 5446.059960126877, "HV": 0.5338809692005626}}