{"0": {"time": 751.6005396842957, "HV": 0.4886795971020122}, "1": {"time": 1585.0583109855652, "HV": 0.49415386265100675}, "2": {"time": 2128.820046901703, "HV": 0.4991238046288913}, "3": {"time": 2667.922851085663, "HV": 0.5065417474141165}, "4": {"time": 3184.670578956604, "HV": 0.5143643245882399}, "5": {"time": 3729.166682958603, "HV": 0.5189395252466815}, "6": {"time": 4262.295033931732, "HV": 0.5271458486386893}, "7": {"time": 4782.947322368622, "HV": 0.5296834164834956}, "8": {"time": 5414.318411588669, "HV": 0.5316117552047184}}