{"0": {"time": 766.8760368824005, "HV": 0.5908341713454625}, "1": {"time": 1491.634476184845, "HV": 0.6005732876562416}, "2": {"time": 2211.9734938144684, "HV": 0.6038929013051981}, "3": {"time": 2779.4969227313995, "HV": 0.6120898354127418}, "4": {"time": 3271.163218975067, "HV": 0.6156283807543855}, "5": {"time": 3848.7006340026855, "HV": 0.6172596106221667}, "6": {"time": 4366.350398302078, "HV": 0.6200272884637567}, "7": {"time": 5079.888531446457, "HV": 0.6210109918063039}, "8": {"time": 5699.191316843033, "HV": 0.6300385805119566}}