{"0": {"time": 635.1267464160919, "HV": 0.2935713210056129}, "1": {"time": 1072.502304315567, "HV": 0.2979771953078619}, "2": {"time": 1430.7700591087341, "HV": 0.3063304584955275}, "3": {"time": 1781.150630235672, "HV": 0.31619798131782817}, "4": {"time": 2166.65070104599, "HV": 0.3199996536605688}, "5": {"time": 2540.675306558609, "HV": 0.3262548179731454}, "6": {"time": 2905.015117406845, "HV": 0.32878356725404745}, "7": {"time": 3279.4495091438293, "HV": 0.32989778276300735}, "8": {"time": 3647.291101694107, "HV": 0.3321882534158981}, "9": {"time": 4010.694169521332, "HV": 0.3324217815340979}, "10": {"time": 4364.030518770218, "HV": 0.33704192678069217}, "11": {"time": 4742.330461978912, "HV": 0.3384644525394331}, "12": {"time": 5098.376086473465, "HV": 0.3390038897004606}, "13": {"time": 5473.663703203201, "HV": 0.33978824889490655}}