{"0": {"time": 179.11938953399658, "HV": 0.5310199820828816}, "1": {"time": 628.1472911834717, "HV": 0.5865809677476748}, "2": {"time": 948.1850216388702, "HV": 0.5981544615065323}, "3": {"time": 1312.2736506462097, "HV": 0.6072522425636465}, "4": {"time": 1666.3497989177704, "HV": 0.6079117390527851}, "5": {"time": 1954.5055344104767, "HV": 0.6153864058879539}, "6": {"time": 2314.202993631363, "HV": 0.6167433309811605}, "7": {"time": 2719.684990644455, "HV": 0.6201671064738221}, "8": {"time": 3102.3315420150757, "HV": 0.6216835343874908}, "9": {"time": 3453.561087369919, "HV": 0.624920618495485}, "10": {"time": 3802.635505914688, "HV": 0.6285602018954113}, "11": {"time": 4136.004698753357, "HV": 0.6292106468515628}, "12": {"time": 4511.161624670029, "HV": 0.630097837384859}, "13": {"time": 4904.250589847565, "HV": 0.6312752246327271}, "14": {"time": 5236.659327030182, "HV": 0.6325231756735323}, "15": {"time": 5584.35163974762, "HV": 0.6336281921202813}, "16": {"time": 5928.498875617981, "HV": 0.6353754045979747}, "17": {"time": 6252.193823814392, "HV": 0.6367710174603367}, "18": {"time": 6527.759012699127, "HV": 0.6408362648845425}, "19": {"time": 6803.268172264099, "HV": 0.6404920387338395}, "20": {"time": 7080.905783891678, "HV": 0.6436502828035315}, "21": {"time": 7417.643232822418, "HV": 0.6442838975818158}, "22": {"time": 7669.352479457855, "HV": 0.6455947988405797}, "23": {"time": 7962.398413181305, "HV": 0.6457684099788026}, "24": {"time": 8232.545063972473, "HV": 0.6469011887169067}, "25": {"time": 8553.99357008934, "HV": 0.6459400463751107}, "26": {"time": 8838.699976682663, "HV": 0.6460837445065721}, "27": {"time": 9161.674922943115, "HV": 0.6475452598860897}, "28": {"time": 9457.459975719452, "HV": 0.6472848582773539}, "29": {"time": 9837.38018989563, "HV": 0.6475468528373385}, "30": {"time": 10169.944906711578, "HV": 0.6469508698317693}}