{"0": {"time": 79.88323616981506, "HV": 0.45831809493526}, "1": {"time": 238.24851179122925, "HV": 0.4875273758119335}, "2": {"time": 351.9513337612152, "HV": 0.5133559760878332}, "3": {"time": 500.37535524368286, "HV": 0.526097712786574}, "4": {"time": 643.9021139144897, "HV": 0.53737472297461}, "5": {"time": 781.4529759883881, "HV": 0.5431386494887711}, "6": {"time": 925.7737324237823, "HV": 0.5484231460882336}, "7": {"time": 1024.3135874271393, "HV": 0.5530657692230695}, "8": {"time": 1122.4641761779785, "HV": 0.5571505016530047}, "9": {"time": 1221.9588198661804, "HV": 0.5631017568534615}, "10": {"time": 1321.5341691970825, "HV": 0.5684825944006455}, "11": {"time": 1455.4397370815277, "HV": 0.577743249046424}, "12": {"time": 1568.0175199508667, "HV": 0.5788747592633758}, "13": {"time": 1694.3705105781555, "HV": 0.5795209815383358}, "14": {"time": 1816.0698783397675, "HV": 0.5812495092285876}, "15": {"time": 1924.4235200881958, "HV": 0.5816376922460524}, "16": {"time": 2040.5136213302612, "HV": 0.584199851538052}, "17": {"time": 2158.590329170227, "HV": 0.5848601229454224}, "18": {"time": 2249.122715473175, "HV": 0.5861921606274969}, "19": {"time": 2359.3822798728943, "HV": 0.5891717215527631}, "20": {"time": 2463.99782705307, "HV": 0.5901419316136199}, "21": {"time": 2565.7735216617584, "HV": 0.5905148612211264}, "22": {"time": 2669.8616511821747, "HV": 0.59136898966142}, "23": {"time": 2769.3927278518677, "HV": 0.5916718113193069}, "24": {"time": 2882.490938425064, "HV": 0.5921671346188857}, "25": {"time": 2965.3511469364166, "HV": 0.592595011518324}, "26": {"time": 3049.552634000778, "HV": 0.5916666062411727}, "27": {"time": 3141.1341931819916, "HV": 0.5914042475802441}, "28": {"time": 3225.1909132003784, "HV": 0.5912200112815187}, "29": {"time": 3327.0355036258698, "HV": 0.5914102461460831}, "30": {"time": 3437.5162036418915, "HV": 0.5917826810574086}, "31": {"time": 3536.9220201969147, "HV": 0.5920362112342249}, "32": {"time": 3649.9996819496155, "HV": 0.5926415461082469}, "33": {"time": 3748.2377569675446, "HV": 0.5923768788505169}, "34": {"time": 3840.3604323863983, "HV": 0.5927884212391641}, "35": {"time": 3932.9707045555115, "HV": 0.5924382385510732}, "36": {"time": 4020.8383038043976, "HV": 0.5927302696023493}, "37": {"time": 4106.429567813873, "HV": 0.5932232237806362}, "38": {"time": 4207.009528875351, "HV": 0.5919474312442625}, "39": {"time": 4333.315809965134, "HV": 0.5932397747741176}, "40": {"time": 4417.308969259262, "HV": 0.5928292582327988}, "41": {"time": 4511.497383117676, "HV": 0.5927196457922632}, "42": {"time": 4604.981081724167, "HV": 0.5929276772140207}, "43": {"time": 4706.582637548447, "HV": 0.592970040749612}, "44": {"time": 4809.11855506897, "HV": 0.5924097216847904}, "45": {"time": 4897.999194860458, "HV": 0.59242222113331}, "46": {"time": 5011.945258617401, "HV": 0.5921806059848539}, "47": {"time": 5127.159610748291, "HV": 0.5923015513987228}, "48": {"time": 5218.371733188629, "HV": 0.592374839279805}, "49": {"time": 5347.836362838745, "HV": 0.5932096779152228}, "50": {"time": 5467.482438325882, "HV": 0.5933103286946235}, "51": {"time": 5592.538301706314, "HV": 0.593673432474932}, "52": {"time": 5674.291582584381, "HV": 0.5934981930741349}, "53": {"time": 5772.088012933731, "HV": 0.593778959394182}, "54": {"time": 5858.298131942749, "HV": 0.5932452396594319}, "55": {"time": 5965.915699005127, "HV": 0.5940265385761827}, "56": {"time": 6060.240988969803, "HV": 0.5944745016595137}, "57": {"time": 6176.368371486664, "HV": 0.5944723016985403}, "58": {"time": 6287.087120771408, "HV": 0.594347853067958}, "59": {"time": 6406.875760555267, "HV": 0.5950664923875784}, "60": {"time": 6502.041015625, "HV": 0.5947985461493841}, "61": {"time": 6607.512083292007, "HV": 0.5960011831665286}}