{"0": {"time": 963.6035239696503, "HV": 0.43167476699425666}, "1": {"time": 1960.3290491104126, "HV": 0.44928106030528114}}