{"0": {"time": 415.8361167907715, "HV": 0.3064942265925422}, "1": {"time": 1350.1053943634033, "HV": 0.3321368054267231}, "2": {"time": 1797.1356847286224, "HV": 0.3373174109179687}, "3": {"time": 2365.1847760677338, "HV": 0.3385416932127413}, "4": {"time": 2912.403526544571, "HV": 0.3402383889298329}, "5": {"time": 3410.8826615810394, "HV": 0.3439261509200615}, "6": {"time": 3910.3790168762207, "HV": 0.3618732598049401}, "7": {"time": 4377.4540066719055, "HV": 0.3685408952793857}, "8": {"time": 5004.873193502426, "HV": 0.37045927795970196}, "9": {"time": 5480.579031944275, "HV": 0.3711943652173203}, "10": {"time": 5953.85493350029, "HV": 0.371900400693125}, "11": {"time": 6582.750888824463, "HV": 0.37271662908789904}, "12": {"time": 7165.528530597687, "HV": 0.3731539118383178}}