{"0": {"time": 258.35834646224976, "HV": 0.5157327146414749}, "1": {"time": 851.5413291454315, "HV": 0.5592125419829812}, "2": {"time": 1343.7351605892181, "HV": 0.5769117353649234}, "3": {"time": 1957.0922663211823, "HV": 0.5865961812001086}, "4": {"time": 2459.009177684784, "HV": 0.603819217725154}, "5": {"time": 3022.8638434410095, "HV": 0.6128389679058848}, "6": {"time": 3566.9277017116547, "HV": 0.624167261041215}, "7": {"time": 4011.7773110866547, "HV": 0.6250637198095892}, "8": {"time": 4511.871404409409, "HV": 0.6307075266171949}, "9": {"time": 4960.8221271038055, "HV": 0.6402359762129562}, "10": {"time": 5402.3886976242065, "HV": 0.6412454179610941}, "11": {"time": 5761.397713422775, "HV": 0.6453086683984122}, "12": {"time": 6167.216651201248, "HV": 0.6470034673452112}, "13": {"time": 6526.847781181335, "HV": 0.6500104527373527}, "14": {"time": 6892.325345039368, "HV": 0.6511048319621782}, "15": {"time": 7247.8273668289185, "HV": 0.6527279811845088}, "16": {"time": 7661.257352352142, "HV": 0.6535491343532367}, "17": {"time": 8062.481832265854, "HV": 0.6527370768743821}, "18": {"time": 8454.347877025604, "HV": 0.6539134130954534}, "19": {"time": 8840.087006807327, "HV": 0.6548615578222208}, "20": {"time": 9295.048485279083, "HV": 0.6559858113649768}, "21": {"time": 9638.489662647247, "HV": 0.6546211829601029}, "22": {"time": 10021.24821138382, "HV": 0.6558149543504843}}