{"0": {"time": 422.8208088874817, "HV": 0.5213589266801577}, "1": {"time": 800.2909860610962, "HV": 0.5317726260353165}, "2": {"time": 1086.3332228660583, "HV": 0.5464358893493252}, "3": {"time": 1355.703339099884, "HV": 0.5597753027296353}, "4": {"time": 1620.5724306106567, "HV": 0.5854134522581637}, "5": {"time": 1843.9518179893494, "HV": 0.5863299355946701}, "6": {"time": 2151.1787827014923, "HV": 0.5938459792819061}, "7": {"time": 2479.774747610092, "HV": 0.5958488889420248}, "8": {"time": 2749.3220477104187, "HV": 0.6028796605827179}, "9": {"time": 3025.5653581619263, "HV": 0.6171039997150504}, "10": {"time": 3283.6815745830536, "HV": 0.6233879741668729}, "11": {"time": 3549.445971250534, "HV": 0.6274371341007869}, "12": {"time": 3864.7786955833435, "HV": 0.6301368278508992}, "13": {"time": 4145.853225708008, "HV": 0.6310786736704735}, "14": {"time": 4433.840170145035, "HV": 0.6325530776213796}, "15": {"time": 4768.623376131058, "HV": 0.6334997945858664}, "16": {"time": 5050.260940551758, "HV": 0.6356687369699373}, "17": {"time": 5327.530525922775, "HV": 0.6409996621741154}, "18": {"time": 5634.210199832916, "HV": 0.6419302609013507}, "19": {"time": 5868.384674310684, "HV": 0.6437528291587682}, "20": {"time": 6124.670724153519, "HV": 0.6445699960338986}, "21": {"time": 6396.483069658279, "HV": 0.6478276684756493}, "22": {"time": 6670.9361662864685, "HV": 0.6494029749040957}, "23": {"time": 6982.480341911316, "HV": 0.6506927158314563}, "24": {"time": 7251.05259013176, "HV": 0.6513862941982621}}