{"0": {"time": 270.3036069869995, "HV": 0.5197038240412863}, "1": {"time": 716.1738910675049, "HV": 0.5394995778081708}, "2": {"time": 1116.849244594574, "HV": 0.5570229575002419}, "3": {"time": 1644.5102524757385, "HV": 0.565219803406377}, "4": {"time": 2114.4153180122375, "HV": 0.573282495251738}, "5": {"time": 2559.4773585796356, "HV": 0.5860487255148297}, "6": {"time": 3034.5176010131836, "HV": 0.5924679403078662}, "7": {"time": 3353.372445344925, "HV": 0.5989633685250767}, "8": {"time": 3686.3537571430206, "HV": 0.601647760281765}, "9": {"time": 4069.993017435074, "HV": 0.6058482135541402}, "10": {"time": 4435.855763196945, "HV": 0.61145574401898}, "11": {"time": 4807.836022138596, "HV": 0.6134550246670489}, "12": {"time": 5160.472792863846, "HV": 0.6168323143635553}, "13": {"time": 5600.769760608673, "HV": 0.6182685406843558}, "14": {"time": 5950.258820056915, "HV": 0.6207620809534611}, "15": {"time": 6369.631513118744, "HV": 0.6210499848512683}, "16": {"time": 6777.0134973526, "HV": 0.6213742020325291}}