{"0": {"time": 974.4330232143402, "HV": 0.2912887267026761}, "1": {"time": 1940.0364203453064, "HV": 0.2956766085477863}, "2": {"time": 2593.306040287018, "HV": 0.297576864017278}, "3": {"time": 3132.1412374973297, "HV": 0.3114045230628627}}