{"0": {"time": 255.48957681655884, "HV": 0.31243027384544453}, "1": {"time": 767.8361554145813, "HV": 0.3306506278049185}, "2": {"time": 1001.0690851211548, "HV": 0.334674741329631}, "3": {"time": 1235.1151747703552, "HV": 0.3407884557840361}, "4": {"time": 1471.9070398807526, "HV": 0.34330529175282914}, "5": {"time": 1804.2800195217133, "HV": 0.34702240277344243}, "6": {"time": 2065.2159242630005, "HV": 0.35091535905946086}, "7": {"time": 2314.694254398346, "HV": 0.3544908282080516}, "8": {"time": 2591.403276205063, "HV": 0.36145740794288034}, "9": {"time": 2880.9126760959625, "HV": 0.3625631769113188}, "10": {"time": 3141.0909254550934, "HV": 0.3652558933389902}, "11": {"time": 3441.662896633148, "HV": 0.36596504949514713}, "12": {"time": 3752.2417204380035, "HV": 0.3665917019934939}, "13": {"time": 4004.4374063014984, "HV": 0.36776179730261166}, "14": {"time": 4250.137647151947, "HV": 0.3684569257346849}, "15": {"time": 4495.377086400986, "HV": 0.36883238993568535}, "16": {"time": 4737.432637453079, "HV": 0.36941108061991723}, "17": {"time": 5027.183366775513, "HV": 0.3697265561103925}, "18": {"time": 5289.936236143112, "HV": 0.37009124410255506}, "19": {"time": 5538.661376476288, "HV": 0.3704056980717384}, "20": {"time": 5831.767496585846, "HV": 0.37052892669547266}, "21": {"time": 6089.906537055969, "HV": 0.37054923020370256}, "22": {"time": 6347.16356086731, "HV": 0.37048642024122386}, "23": {"time": 6603.03470826149, "HV": 0.3703707506992593}}