{"0": {"time": 441.6950626373291, "HV": 0.5390647550812656}, "1": {"time": 896.8285443782806, "HV": 0.5543440961512927}, "2": {"time": 1295.8717274665833, "HV": 0.5622291680825175}, "3": {"time": 1622.6068506240845, "HV": 0.5667504645790659}, "4": {"time": 2074.1081309318542, "HV": 0.5731647721207506}, "5": {"time": 2443.5107197761536, "HV": 0.5759507962890082}, "6": {"time": 2854.3957827091217, "HV": 0.5780166875313936}, "7": {"time": 3222.9409515857697, "HV": 0.580113590500479}}