{"0": {"time": 193.9125907421112, "HV": 0.5427944714140523}, "1": {"time": 605.1924514770508, "HV": 0.587290302828162}, "2": {"time": 1002.1074311733246, "HV": 0.6088372511626385}, "3": {"time": 1373.5241208076477, "HV": 0.6253030703066064}, "4": {"time": 1814.4386880397797, "HV": 0.6337273283058814}, "5": {"time": 2223.192841529846, "HV": 0.6394868002789956}, "6": {"time": 2580.8006241321564, "HV": 0.6470785352903969}, "7": {"time": 2958.5639266967773, "HV": 0.6511168520844821}, "8": {"time": 3253.370353937149, "HV": 0.657388168502839}, "9": {"time": 3522.5180859565735, "HV": 0.661258861562243}, "10": {"time": 3821.2330787181854, "HV": 0.6661535189243804}, "11": {"time": 4129.813888788223, "HV": 0.6691614747848417}, "12": {"time": 4445.063508033752, "HV": 0.6729828286804194}, "13": {"time": 4760.174113035202, "HV": 0.6747230327047667}, "14": {"time": 5097.6084015369415, "HV": 0.6764985014421502}, "15": {"time": 5376.179245471954, "HV": 0.6792466319595221}, "16": {"time": 5674.764653921127, "HV": 0.678583010200248}, "17": {"time": 6013.209563970566, "HV": 0.6807457195076557}, "18": {"time": 6294.65922164917, "HV": 0.6803573866925163}, "19": {"time": 6644.6711769104, "HV": 0.6810390309615113}, "20": {"time": 7011.953134298325, "HV": 0.6811284367522501}, "21": {"time": 7335.971066713333, "HV": 0.6782251631998999}, "22": {"time": 7637.165400266647, "HV": 0.680332552912746}, "23": {"time": 8001.919708251953, "HV": 0.6804377327205827}, "24": {"time": 8278.894927501678, "HV": 0.6819643063805626}, "25": {"time": 8586.19560432434, "HV": 0.6810400239170005}, "26": {"time": 8851.186303853989, "HV": 0.680638459146574}, "27": {"time": 9183.548620939255, "HV": 0.6803774038250974}, "28": {"time": 9442.379745960236, "HV": 0.679514013215422}, "29": {"time": 9743.16873216629, "HV": 0.6809643467052852}, "30": {"time": 10024.594034194946, "HV": 0.6802370161806164}}