{"0": {"time": 531.7087922096252, "HV": 0.3088456574736685}, "1": {"time": 1852.9132916927338, "HV": 0.3176230290534876}, "2": {"time": 2514.0646543502808, "HV": 0.3203281568679166}, "3": {"time": 3522.466938018799, "HV": 0.32281798599371103}, "4": {"time": 4240.8938937187195, "HV": 0.3245590344058872}, "5": {"time": 5288.471975803375, "HV": 0.3258037903709075}, "6": {"time": 5995.664450883865, "HV": 0.32707841379829666}, "7": {"time": 6936.418081283569, "HV": 0.3290397026400249}, "8": {"time": 7559.449148178101, "HV": 0.3299572560199784}, "9": {"time": 8333.476531505585, "HV": 0.33033117500125186}, "10": {"time": 8846.967084646225, "HV": 0.3306646443675728}, "11": {"time": 9389.670043230057, "HV": 0.3480681730521855}, "12": {"time": 9930.132805347443, "HV": 0.3480867430735848}, "13": {"time": 10559.07871890068, "HV": 0.34846955856094575}}