{"0": {"time": 253.7188675403595, "HV": 0.5325843255963653}, "1": {"time": 600.7934834957123, "HV": 0.5681460440746462}, "2": {"time": 959.2173418998718, "HV": 0.5813193367861232}, "3": {"time": 1396.5541727542877, "HV": 0.5925470393009012}, "4": {"time": 1839.0643482208252, "HV": 0.6022964335490575}, "5": {"time": 2243.376224756241, "HV": 0.6099014934571811}, "6": {"time": 2719.214640378952, "HV": 0.6205811265806376}, "7": {"time": 3120.106952905655, "HV": 0.6218090924717388}, "8": {"time": 3538.82860994339, "HV": 0.6260654905460292}, "9": {"time": 3979.5143592357635, "HV": 0.6310132739715754}, "10": {"time": 4417.096594572067, "HV": 0.6437518603577488}, "11": {"time": 4826.185766220093, "HV": 0.6461534566698051}, "12": {"time": 5241.483919620514, "HV": 0.6489837344157314}, "13": {"time": 5674.29586815834, "HV": 0.6532758036236159}, "14": {"time": 6039.817082166672, "HV": 0.6576782518900518}, "15": {"time": 6415.043517112732, "HV": 0.6601375209990045}, "16": {"time": 6785.159271478653, "HV": 0.6623747335711847}}