{"0": {"time": 399.04950761795044, "HV": 0.30890246659069953}, "1": {"time": 774.7664258480072, "HV": 0.3105951089805489}, "2": {"time": 1010.3460576534271, "HV": 0.3171727830218415}, "3": {"time": 1252.1402821540833, "HV": 0.3263154110591965}, "4": {"time": 1462.4069719314575, "HV": 0.3303186873406158}, "5": {"time": 1677.3799493312836, "HV": 0.34616688561021003}, "6": {"time": 1890.879289150238, "HV": 0.3514436709455846}, "7": {"time": 2094.6491963863373, "HV": 0.35324437281117627}, "8": {"time": 2313.95832490921, "HV": 0.3546822166097329}, "9": {"time": 2543.9339418411255, "HV": 0.36168982121761456}, "10": {"time": 2772.340524673462, "HV": 0.36260263328362374}, "11": {"time": 2996.0056138038635, "HV": 0.3635334270211731}, "12": {"time": 3207.0768790245056, "HV": 0.36438551216333454}}