{"0": {"time": 324.300940990448, "HV": 0.566625408568274}, "1": {"time": 674.810563325882, "HV": 0.5792760628283404}, "2": {"time": 1000.3042695522308, "HV": 0.5843788609831352}, "3": {"time": 1232.1028890609741, "HV": 0.5872071444689974}, "4": {"time": 1456.5516104698181, "HV": 0.5927618695052721}, "5": {"time": 1693.7852201461792, "HV": 0.5960479414173641}, "6": {"time": 1928.62997174263, "HV": 0.5989513816035635}, "7": {"time": 2221.576662540436, "HV": 0.600235528258837}, "8": {"time": 2497.7735633850098, "HV": 0.6132149310654662}, "9": {"time": 2739.145385980606, "HV": 0.6166430397840814}, "10": {"time": 2996.827398300171, "HV": 0.6184742826125312}, "11": {"time": 3237.2118268013, "HV": 0.6206103737728621}}