{"0": {"time": 78.55488562583923, "HV": 0.5492427942275803}, "1": {"time": 155.34817123413086, "HV": 0.5663844486119418}, "2": {"time": 215.13041138648987, "HV": 0.5701371049339562}, "3": {"time": 256.45574831962585, "HV": 0.5721383162714142}, "4": {"time": 302.0945153236389, "HV": 0.5784473948690564}, "5": {"time": 358.55479431152344, "HV": 0.5839731421275193}, "6": {"time": 412.1648259162903, "HV": 0.5852189244821252}, "7": {"time": 460.99126529693604, "HV": 0.5944509847510644}, "8": {"time": 513.7673397064209, "HV": 0.5955723351461035}, "9": {"time": 583.5262188911438, "HV": 0.5979138855532672}, "10": {"time": 638.538135766983, "HV": 0.5983229259060623}, "11": {"time": 696.3799505233765, "HV": 0.5985299408862618}, "12": {"time": 762.3266146183014, "HV": 0.6013422143251754}, "13": {"time": 820.2588562965393, "HV": 0.6114666119464377}, "14": {"time": 882.1403131484985, "HV": 0.6172842542911962}, "15": {"time": 942.4909167289734, "HV": 0.6193573876313822}, "16": {"time": 1020.5900280475616, "HV": 0.6199024256099984}, "17": {"time": 1082.4849071502686, "HV": 0.6228463934177555}, "18": {"time": 1157.9043111801147, "HV": 0.6244423664691143}, "19": {"time": 1227.524894475937, "HV": 0.6246691522525857}, "20": {"time": 1293.884699344635, "HV": 0.6254750991920873}, "21": {"time": 1358.2467210292816, "HV": 0.6261228686908975}, "22": {"time": 1429.3421285152435, "HV": 0.6262854880991644}, "23": {"time": 1504.0100746154785, "HV": 0.6281320845094804}, "24": {"time": 1577.8216831684113, "HV": 0.6288903007719464}, "25": {"time": 1642.544754743576, "HV": 0.6299839699495593}, "26": {"time": 1708.7538523674011, "HV": 0.6305271914937777}, "27": {"time": 1773.7759187221527, "HV": 0.6313813009357784}, "28": {"time": 1834.7771620750427, "HV": 0.6319261428821056}, "29": {"time": 1893.4093842506409, "HV": 0.632685181068696}, "30": {"time": 1959.476581811905, "HV": 0.6338286539636708}, "31": {"time": 2028.6716604232788, "HV": 0.6346017725225266}, "32": {"time": 2088.9229102134705, "HV": 0.6352326381835937}, "33": {"time": 2151.733020544052, "HV": 0.6356874891909584}, "34": {"time": 2219.3586411476135, "HV": 0.6358121007801918}, "35": {"time": 2293.171449661255, "HV": 0.635854312897777}, "36": {"time": 2355.439241170883, "HV": 0.6363752401153054}, "37": {"time": 2421.2621579170227, "HV": 0.6367138725637581}, "38": {"time": 2489.73699760437, "HV": 0.6369678828761897}, "39": {"time": 2563.3948771953583, "HV": 0.6373373102496306}, "40": {"time": 2623.220666885376, "HV": 0.6375878781572327}, "41": {"time": 2688.7105236053467, "HV": 0.6375809805263978}, "42": {"time": 2750.0234072208405, "HV": 0.6387535346573099}, "43": {"time": 2814.374888896942, "HV": 0.6387577373206511}, "44": {"time": 2876.3839914798737, "HV": 0.6397206479093304}, "45": {"time": 2945.634597301483, "HV": 0.6397260031313425}, "46": {"time": 3002.620973587036, "HV": 0.6396356355997791}}