{"0": {"time": 50.76762390136719, "HV": 0.5028611460861823}, "1": {"time": 170.88921523094177, "HV": 0.5427631803767643}, "2": {"time": 264.11364912986755, "HV": 0.5697401165952888}, "3": {"time": 374.2420473098755, "HV": 0.5769090920575867}, "4": {"time": 499.9518332481384, "HV": 0.5875055725831686}, "5": {"time": 605.0727162361145, "HV": 0.5926934302985174}, "6": {"time": 690.0561079978943, "HV": 0.595313622878188}, "7": {"time": 780.2274324893951, "HV": 0.5963391082162932}, "8": {"time": 882.4581270217896, "HV": 0.6003022758388307}, "9": {"time": 978.8023326396942, "HV": 0.6013568821047027}, "10": {"time": 1083.5584285259247, "HV": 0.5967053691927804}, "11": {"time": 1179.2488498687744, "HV": 0.6021152113584942}, "12": {"time": 1282.830673456192, "HV": 0.6041445600898238}, "13": {"time": 1389.863872051239, "HV": 0.6063764856082716}, "14": {"time": 1467.0010440349579, "HV": 0.609087458748668}, "15": {"time": 1557.582872390747, "HV": 0.6098861881211953}, "16": {"time": 1638.6673064231873, "HV": 0.6118405012213857}, "17": {"time": 1715.133397102356, "HV": 0.6142069531822933}, "18": {"time": 1784.9770073890686, "HV": 0.615767880623069}, "19": {"time": 1871.8111417293549, "HV": 0.619110781070147}, "20": {"time": 1937.2009010314941, "HV": 0.6216931360450187}, "21": {"time": 2015.366101026535, "HV": 0.6230732228173036}, "22": {"time": 2085.9799478054047, "HV": 0.6265383249177745}, "23": {"time": 2169.651898622513, "HV": 0.6298132010937028}, "24": {"time": 2237.6785786151886, "HV": 0.6321471116664602}, "25": {"time": 2305.004769563675, "HV": 0.6317861278121343}, "26": {"time": 2391.1474661827087, "HV": 0.6331749028245179}, "27": {"time": 2465.97647857666, "HV": 0.6335814300174936}, "28": {"time": 2565.046554327011, "HV": 0.634857146794068}, "29": {"time": 2649.4117136001587, "HV": 0.63599897870467}, "30": {"time": 2716.192002773285, "HV": 0.636913121242181}, "31": {"time": 2800.6209151744843, "HV": 0.6377492094212402}, "32": {"time": 2877.6896901130676, "HV": 0.6373688528795209}, "33": {"time": 2952.7582364082336, "HV": 0.6371804311022295}, "34": {"time": 3034.945068836212, "HV": 0.6372531618279657}, "35": {"time": 3115.8271470069885, "HV": 0.6384321934558181}, "36": {"time": 3185.2995030879974, "HV": 0.6389156101783493}, "37": {"time": 3278.5471127033234, "HV": 0.639870496083397}, "38": {"time": 3361.8045976161957, "HV": 0.6416958998499558}, "39": {"time": 3433.7184228897095, "HV": 0.6431017216311986}, "40": {"time": 3497.2846105098724, "HV": 0.6436784287031003}}