{"0": {"time": 310.6183137893677, "HV": 0.591830244885}, "1": {"time": 615.9549739360809, "HV": 0.6064548185545979}, "2": {"time": 834.6352319717407, "HV": 0.6184683034028058}, "3": {"time": 1071.8143055438995, "HV": 0.6227363889299946}, "4": {"time": 1262.7762496471405, "HV": 0.6277143830452235}, "5": {"time": 1498.438775062561, "HV": 0.6328846037906127}, "6": {"time": 1722.5099749565125, "HV": 0.6379212702238777}, "7": {"time": 1987.9681324958801, "HV": 0.6445850535560571}, "8": {"time": 2245.9496972560883, "HV": 0.6475914996354477}, "9": {"time": 2501.4104902744293, "HV": 0.6519161817592747}, "10": {"time": 2728.1849155426025, "HV": 0.6603044940009026}, "11": {"time": 2976.582657814026, "HV": 0.6646104692225254}, "12": {"time": 3206.644948720932, "HV": 0.6661814596157072}}