{"0": {"time": 754.8139097690582, "HV": 0.3070814599150806}, "1": {"time": 1499.6196329593658, "HV": 0.31784280070822835}, "2": {"time": 1977.2570021152496, "HV": 0.31961971607328665}, "3": {"time": 2374.5323860645294, "HV": 0.33228177796157154}, "4": {"time": 2757.594995737076, "HV": 0.33263995134135516}, "5": {"time": 3155.1636443138123, "HV": 0.33559104293698366}}