{"0": {"time": 1180.7333195209503, "HV": 0.31895312509002155}, "1": {"time": 2338.2388010025024, "HV": 0.3205757039098148}, "2": {"time": 3244.383335351944, "HV": 0.32509129020627825}}