{"0": {"time": 262.4855833053589, "HV": 0.5829861560537237}, "1": {"time": 529.7241497039795, "HV": 0.6006817200473593}, "2": {"time": 739.3885259628296, "HV": 0.6075931327229704}, "3": {"time": 913.5586934089661, "HV": 0.6128553905446561}, "4": {"time": 1108.6778156757355, "HV": 0.6157187424023258}, "5": {"time": 1280.7906856536865, "HV": 0.6201074116393783}, "6": {"time": 1496.7093470096588, "HV": 0.6211414960155651}, "7": {"time": 1761.456073999405, "HV": 0.6246862663397879}, "8": {"time": 2015.3905761241913, "HV": 0.6278355081374651}, "9": {"time": 2291.250739097595, "HV": 0.6303001161788186}, "10": {"time": 2583.999052286148, "HV": 0.6312807494818017}, "11": {"time": 2826.0739879608154, "HV": 0.6339775728278658}, "12": {"time": 3076.773486852646, "HV": 0.635170512886718}, "13": {"time": 3325.6293139457703, "HV": 0.637141928132315}, "14": {"time": 3545.282413959503, "HV": 0.6391474392950955}, "15": {"time": 3760.6489746570587, "HV": 0.6418588388655657}, "16": {"time": 3983.6804287433624, "HV": 0.6513450258077123}, "17": {"time": 4213.658363580704, "HV": 0.6561152515035196}, "18": {"time": 4418.917151212692, "HV": 0.6578125101450609}, "19": {"time": 4643.54545712471, "HV": 0.6600125051359418}, "20": {"time": 4888.192780017853, "HV": 0.6601538955746896}, "21": {"time": 5090.3869371414185, "HV": 0.6612402114253726}, "22": {"time": 5303.04425406456, "HV": 0.6618467829473244}, "23": {"time": 5529.00782585144, "HV": 0.6628970311040552}, "24": {"time": 5743.79376244545, "HV": 0.6637564492878227}, "25": {"time": 5996.438248157501, "HV": 0.6641303138662283}, "26": {"time": 6211.8151948452, "HV": 0.6667489481541578}, "27": {"time": 6426.868794679642, "HV": 0.667824693516792}, "28": {"time": 6622.783362627029, "HV": 0.6680805107580812}, "29": {"time": 6827.134439229965, "HV": 0.6688371544401324}, "30": {"time": 7010.091367721558, "HV": 0.6696299431814454}}