{"0": {"time": 333.44584226608276, "HV": 0.5794294669510851}, "1": {"time": 630.9665868282318, "HV": 0.5983583365025898}, "2": {"time": 853.8400099277496, "HV": 0.6016795262005801}, "3": {"time": 1040.9535794258118, "HV": 0.6080532842373775}, "4": {"time": 1236.7321436405182, "HV": 0.6189512169671586}, "5": {"time": 1450.1399502754211, "HV": 0.6243395416688061}, "6": {"time": 1680.3229248523712, "HV": 0.6349330476377241}, "7": {"time": 1914.0659346580505, "HV": 0.6399938871826548}, "8": {"time": 2137.205306529999, "HV": 0.6451582435128512}, "9": {"time": 2328.168428182602, "HV": 0.6471577491980252}, "10": {"time": 2550.360894203186, "HV": 0.6499492261409849}, "11": {"time": 2772.7559249401093, "HV": 0.6527936130327084}, "12": {"time": 2993.6325976848602, "HV": 0.6545709048877523}, "13": {"time": 3195.681014060974, "HV": 0.6558999429920113}}