{"0": {"time": 546.3509278297424, "HV": 0.31360605197592467}, "1": {"time": 1722.2639362812042, "HV": 0.32150649681297316}, "2": {"time": 2269.7267546653748, "HV": 0.3337818835529932}, "3": {"time": 2813.901783466339, "HV": 0.33597067986009693}, "4": {"time": 3552.318192720413, "HV": 0.3377340913672097}, "5": {"time": 4108.133868694305, "HV": 0.3413409680061086}, "6": {"time": 4653.89287519455, "HV": 0.3426559576531257}, "7": {"time": 5396.700362443924, "HV": 0.3440215836926954}, "8": {"time": 5958.5721962451935, "HV": 0.3449456151405666}, "9": {"time": 6621.466500043869, "HV": 0.34557323573806087}}