{"0": {"time": 221.3518784046173, "HV": 0.5869855422604463}, "1": {"time": 593.2950310707092, "HV": 0.6205619765822584}, "2": {"time": 861.07910323143, "HV": 0.6404522846719537}, "3": {"time": 1170.193957567215, "HV": 0.6466245413469996}, "4": {"time": 1483.922219991684, "HV": 0.6524353278002554}, "5": {"time": 1776.9857153892517, "HV": 0.6638937233347146}, "6": {"time": 2081.221378326416, "HV": 0.6653670875483804}, "7": {"time": 2391.608835697174, "HV": 0.6690670181133789}, "8": {"time": 2655.5806143283844, "HV": 0.6771372984066124}, "9": {"time": 2950.893662929535, "HV": 0.678973541620078}, "10": {"time": 3280.1332857608795, "HV": 0.6852277757759901}, "11": {"time": 3539.537007331848, "HV": 0.6863634042685958}, "12": {"time": 3871.063088655472, "HV": 0.688553505584412}, "13": {"time": 4168.169686317444, "HV": 0.6892904012639505}, "14": {"time": 4414.397413015366, "HV": 0.6900705075211571}, "15": {"time": 4729.573480844498, "HV": 0.696021749211752}, "16": {"time": 4932.925589799881, "HV": 0.6966091098493149}, "17": {"time": 5262.243988275528, "HV": 0.6984935735913239}, "18": {"time": 5498.229209899902, "HV": 0.6992483620336362}, "19": {"time": 5753.78453040123, "HV": 0.6993271976236701}, "20": {"time": 6009.785227060318, "HV": 0.7016147602293297}, "21": {"time": 6295.451111316681, "HV": 0.7032151504280659}, "22": {"time": 6523.008213043213, "HV": 0.7043824932446701}, "23": {"time": 6823.394973993301, "HV": 0.7040258296471816}}