{"0": {"time": 51.25199031829834, "HV": 0.48879083925981626}, "1": {"time": 126.55286812782288, "HV": 0.5372434017950078}, "2": {"time": 225.34459948539734, "HV": 0.5622766851506654}, "3": {"time": 310.7258892059326, "HV": 0.5792154757391217}, "4": {"time": 417.58139181137085, "HV": 0.5989403216593641}, "5": {"time": 503.3510320186615, "HV": 0.606952386249481}, "6": {"time": 594.2403783798218, "HV": 0.6110055378912997}, "7": {"time": 674.5653457641602, "HV": 0.61370842861928}, "8": {"time": 758.5537776947021, "HV": 0.6133925418971423}, "9": {"time": 855.7695045471191, "HV": 0.6136586554849562}, "10": {"time": 939.4836370944977, "HV": 0.6150545065889652}, "11": {"time": 1031.9142339229584, "HV": 0.6154468262706235}, "12": {"time": 1109.2050144672394, "HV": 0.6179516607407117}, "13": {"time": 1192.1566908359528, "HV": 0.61793628719215}, "14": {"time": 1280.8523180484772, "HV": 0.6176114071257686}, "15": {"time": 1356.7108340263367, "HV": 0.6188670664332566}, "16": {"time": 1443.8256816864014, "HV": 0.6198608320897652}, "17": {"time": 1527.4288818836212, "HV": 0.6197333449680752}, "18": {"time": 1613.4353096485138, "HV": 0.6198125258488276}, "19": {"time": 1684.1449449062347, "HV": 0.620250460742664}, "20": {"time": 1755.0960958003998, "HV": 0.620122175738943}, "21": {"time": 1828.3954138755798, "HV": 0.6218340834582757}, "22": {"time": 1903.327269077301, "HV": 0.6209661378117297}, "23": {"time": 1982.2492911815643, "HV": 0.6256387799444904}, "24": {"time": 2066.17143201828, "HV": 0.6320446675088556}, "25": {"time": 2135.654960155487, "HV": 0.6340910798506899}, "26": {"time": 2208.9815521240234, "HV": 0.6364640638114246}, "27": {"time": 2288.886127948761, "HV": 0.636005669669062}, "28": {"time": 2358.823746442795, "HV": 0.6372338637563414}, "29": {"time": 2426.0236353874207, "HV": 0.6371914348553392}, "30": {"time": 2502.43922829628, "HV": 0.6390314658172241}, "31": {"time": 2579.852954149246, "HV": 0.6397812414516162}, "32": {"time": 2651.396590948105, "HV": 0.6389781140998051}, "33": {"time": 2744.9207780361176, "HV": 0.6391469156439012}, "34": {"time": 2823.579039335251, "HV": 0.6396575645864543}, "35": {"time": 2900.3660521507263, "HV": 0.6391214737265568}, "36": {"time": 2971.1988050937653, "HV": 0.6397719381771523}, "37": {"time": 3052.8626956939697, "HV": 0.6399223441989762}, "38": {"time": 3124.620192050934, "HV": 0.6399476397563543}, "39": {"time": 3208.2654559612274, "HV": 0.6410264848116088}, "40": {"time": 3290.045905351639, "HV": 0.6391916955810303}, "41": {"time": 3356.6515855789185, "HV": 0.641557198179088}, "42": {"time": 3435.1886649131775, "HV": 0.6418171438863808}, "43": {"time": 3529.438653230667, "HV": 0.6412831206843863}, "44": {"time": 3609.6713466644287, "HV": 0.643301532404766}, "45": {"time": 3692.7177562713623, "HV": 0.6432581830918697}, "46": {"time": 3764.0535583496094, "HV": 0.6435234327398982}, "47": {"time": 3833.7942399978638, "HV": 0.643297409526313}, "48": {"time": 3914.2993416786194, "HV": 0.6425992590380141}, "49": {"time": 3983.626824617386, "HV": 0.6428736854705998}, "50": {"time": 4060.3259167671204, "HV": 0.6421271336979717}, "51": {"time": 4145.680239200592, "HV": 0.6425330454719523}, "52": {"time": 4225.862781763077, "HV": 0.6439523935469286}, "53": {"time": 4304.94841170311, "HV": 0.6430972275054948}, "54": {"time": 4383.291791915894, "HV": 0.6419430437352963}, "55": {"time": 4458.638992071152, "HV": 0.6425434517916928}, "56": {"time": 4531.31041765213, "HV": 0.6425774818126788}, "57": {"time": 4618.377695083618, "HV": 0.6429415945405293}, "58": {"time": 4709.4250864982605, "HV": 0.6431066013348598}, "59": {"time": 4808.458809137344, "HV": 0.641933173062767}, "60": {"time": 4883.423436164856, "HV": 0.6425391875029574}, "61": {"time": 4953.237446069717, "HV": 0.6437693401351285}, "62": {"time": 5035.716262578964, "HV": 0.6426672633221866}, "63": {"time": 5115.070202589035, "HV": 0.6414211762129172}, "64": {"time": 5188.7091608047485, "HV": 0.6425719434772639}, "65": {"time": 5269.286298751831, "HV": 0.6428043441764163}, "66": {"time": 5344.075754880905, "HV": 0.6423212238521355}, "67": {"time": 5420.246761798859, "HV": 0.642553205100472}, "68": {"time": 5494.0106320381165, "HV": 0.6422273832100867}, "69": {"time": 5565.203855752945, "HV": 0.6423882331052578}, "70": {"time": 5641.3375725746155, "HV": 0.6421213158138771}, "71": {"time": 5716.709133863449, "HV": 0.643025764031704}, "72": {"time": 5799.237261295319, "HV": 0.642931870923564}, "73": {"time": 5870.1554498672485, "HV": 0.6426294600729027}, "74": {"time": 5948.957756996155, "HV": 0.6431919738963637}, "75": {"time": 6036.80802989006, "HV": 0.6429019468601301}, "76": {"time": 6110.273391962051, "HV": 0.6430517063777857}, "77": {"time": 6192.138812303543, "HV": 0.6411905414411777}, "78": {"time": 6258.579846382141, "HV": 0.6410962655672363}, "79": {"time": 6336.438164949417, "HV": 0.6417908716588948}, "80": {"time": 6424.7646920681, "HV": 0.6422007457444209}, "81": {"time": 6499.393641710281, "HV": 0.6413934487739914}, "82": {"time": 6587.544734477997, "HV": 0.6422255030868249}, "83": {"time": 6660.644396543503, "HV": 0.6422305316958639}}