{"0": {"time": 128.82840609550476, "HV": 0.4917260596462694}, "1": {"time": 247.82176637649536, "HV": 0.4999127036569183}, "2": {"time": 348.17314100265503, "HV": 0.5067812525311586}, "3": {"time": 430.0799012184143, "HV": 0.5078341867608414}, "4": {"time": 510.1136314868927, "HV": 0.5167878256409674}, "5": {"time": 587.7838940620422, "HV": 0.5232983505027167}, "6": {"time": 667.6432712078094, "HV": 0.5253436969784693}, "7": {"time": 762.3819756507874, "HV": 0.5265204565252439}, "8": {"time": 850.6278276443481, "HV": 0.529318046848505}, "9": {"time": 963.4369564056396, "HV": 0.531279627495925}, "10": {"time": 1066.5564141273499, "HV": 0.5404139895242217}, "11": {"time": 1153.0189144611359, "HV": 0.543098402760748}, "12": {"time": 1252.7681941986084, "HV": 0.5497141370098415}, "13": {"time": 1366.1982414722443, "HV": 0.5516650143466394}, "14": {"time": 1468.1489510536194, "HV": 0.5525581772499517}, "15": {"time": 1563.7487177848816, "HV": 0.5536659205450553}, "16": {"time": 1655.5822050571442, "HV": 0.5544463748475246}, "17": {"time": 1744.904054403305, "HV": 0.5555676457899179}, "18": {"time": 1831.026524066925, "HV": 0.5646266175645196}, "19": {"time": 1926.962922334671, "HV": 0.566027153800954}, "20": {"time": 2008.090181350708, "HV": 0.5668240304719124}, "21": {"time": 2096.4276802539825, "HV": 0.5679472979647066}, "22": {"time": 2209.1807191371918, "HV": 0.5732620850378636}, "23": {"time": 2298.0762236118317, "HV": 0.5737531812878243}, "24": {"time": 2397.455832719803, "HV": 0.5741895971250827}, "25": {"time": 2497.4836921691895, "HV": 0.5744810342140372}, "26": {"time": 2598.199215888977, "HV": 0.576297245681744}, "27": {"time": 2696.261132955551, "HV": 0.5779761634943622}, "28": {"time": 2782.0025641918182, "HV": 0.578436927602755}, "29": {"time": 2876.2675216197968, "HV": 0.5792833363150787}, "30": {"time": 2969.317417860031, "HV": 0.579552534279228}, "31": {"time": 3061.505687713623, "HV": 0.5798295539210143}}