{"0": {"time": 215.87120008468628, "HV": 0.5982938321320608}, "1": {"time": 700.5021669864655, "HV": 0.6164781837592687}, "2": {"time": 1006.1199460029602, "HV": 0.6335165147359615}, "3": {"time": 1375.237321138382, "HV": 0.6420065226522575}, "4": {"time": 1701.8175404071808, "HV": 0.6498678344118702}, "5": {"time": 2068.1544036865234, "HV": 0.6544465266590611}, "6": {"time": 2390.339681625366, "HV": 0.6564704793681813}, "7": {"time": 2729.193420648575, "HV": 0.6596088522933088}, "8": {"time": 3068.9967052936554, "HV": 0.6613040273528867}, "9": {"time": 3387.95396733284, "HV": 0.6624708458145014}, "10": {"time": 3717.8991088867188, "HV": 0.666651144100403}, "11": {"time": 3999.921760559082, "HV": 0.6684592144311352}, "12": {"time": 4353.934236526489, "HV": 0.6690112811701445}, "13": {"time": 4626.382171154022, "HV": 0.6704088399550866}, "14": {"time": 4988.179154634476, "HV": 0.670381663576701}, "15": {"time": 5256.729667901993, "HV": 0.6713879426848495}, "16": {"time": 5561.2506539821625, "HV": 0.6739367300755601}, "17": {"time": 5889.954983949661, "HV": 0.6736262334317129}, "18": {"time": 6163.346768379211, "HV": 0.6761302244854204}, "19": {"time": 6495.817692279816, "HV": 0.6767699271774155}, "20": {"time": 6798.570738554001, "HV": 0.6776830147439736}, "21": {"time": 7096.07429766655, "HV": 0.6816349435765643}, "22": {"time": 7417.842453718185, "HV": 0.6823838468561861}, "23": {"time": 7698.571171760559, "HV": 0.6828475013996518}, "24": {"time": 7958.110128164291, "HV": 0.6835795403560387}, "25": {"time": 8203.014319896698, "HV": 0.6852186513892704}, "26": {"time": 8479.055485010147, "HV": 0.6849237749153598}, "27": {"time": 8759.379439592361, "HV": 0.6853717927522918}, "28": {"time": 9029.450614213943, "HV": 0.6848522835244897}, "29": {"time": 9379.592792510986, "HV": 0.6858633489704252}, "30": {"time": 9658.82504415512, "HV": 0.6854509859328403}, "31": {"time": 9993.14716911316, "HV": 0.684996422561482}, "32": {"time": 10310.447663068771, "HV": 0.6845613079233286}}