{"0": {"time": 926.6077361106873, "HV": 0.40639508578538064}, "1": {"time": 1868.8451025485992, "HV": 0.42855438781982713}}