{"0": {"time": 167.70561480522156, "HV": 0.5631002913184836}, "1": {"time": 472.79722476005554, "HV": 0.5817814466415476}, "2": {"time": 662.2994158267975, "HV": 0.5981459609313834}, "3": {"time": 970.7962720394135, "HV": 0.6192277238273637}, "4": {"time": 1238.8684840202332, "HV": 0.6337282956408816}, "5": {"time": 1525.2727212905884, "HV": 0.6421144700146847}, "6": {"time": 1841.6345343589783, "HV": 0.6523673567823982}, "7": {"time": 2128.8974537849426, "HV": 0.6571466959970625}, "8": {"time": 2409.2623283863068, "HV": 0.6606387722442093}, "9": {"time": 2726.290518283844, "HV": 0.664382083364471}, "10": {"time": 3028.48188328743, "HV": 0.6681086493906485}, "11": {"time": 3266.181735754013, "HV": 0.6699715844699723}, "12": {"time": 3542.762968301773, "HV": 0.6737023060981344}, "13": {"time": 3770.6957471370697, "HV": 0.6748040712900765}, "14": {"time": 4006.854460954666, "HV": 0.676091732209684}, "15": {"time": 4244.118537187576, "HV": 0.6791526765859058}, "16": {"time": 4489.3263692855835, "HV": 0.6796617015512849}, "17": {"time": 4703.450944185257, "HV": 0.680574245996343}, "18": {"time": 4927.533286809921, "HV": 0.680082192814246}, "19": {"time": 5175.9668889045715, "HV": 0.6808823381571394}, "20": {"time": 5361.332971334457, "HV": 0.6804376918201464}, "21": {"time": 5641.885758399963, "HV": 0.6808321837180626}, "22": {"time": 5857.009258508682, "HV": 0.6804710163565937}, "23": {"time": 6092.101319313049, "HV": 0.6814673552980048}, "24": {"time": 6310.895426034927, "HV": 0.6821946602678053}, "25": {"time": 6515.614896297455, "HV": 0.6825846634952148}, "26": {"time": 6736.941177606583, "HV": 0.6814181664709849}}