{"0": {"time": 3251.6744623184204, "HV": 0.18380586229618504}}