{"0": {"time": 5.860166072845459, "HV": 0.38853501607808655}, "1": {"time": 16.60665512084961, "HV": 0.46270781933295696}, "2": {"time": 26.239065170288086, "HV": 0.47334960811226373}, "3": {"time": 35.28165555000305, "HV": 0.48497651896445126}, "4": {"time": 43.553802728652954, "HV": 0.4957081656173431}, "5": {"time": 53.82850885391235, "HV": 0.5021780364687145}, "6": {"time": 62.98979830741882, "HV": 0.5091034671959679}, "7": {"time": 72.12158370018005, "HV": 0.5122691105632662}, "8": {"time": 83.0389564037323, "HV": 0.5186628467632628}, "9": {"time": 93.10290551185608, "HV": 0.5258950958554534}, "10": {"time": 103.46401762962341, "HV": 0.5286560372078202}, "11": {"time": 115.02578663825989, "HV": 0.5345350877173192}, "12": {"time": 125.42049598693848, "HV": 0.5364315016981492}, "13": {"time": 136.98878931999207, "HV": 0.5393651254249332}, "14": {"time": 148.25883436203003, "HV": 0.5413716608493918}, "15": {"time": 160.22931718826294, "HV": 0.5408527431617638}, "16": {"time": 171.0400266647339, "HV": 0.544606134048774}, "17": {"time": 181.30911946296692, "HV": 0.5464191980879924}, "18": {"time": 191.0173215866089, "HV": 0.5480306912630086}, "19": {"time": 200.88473868370056, "HV": 0.5491072694379286}, "20": {"time": 212.08152794837952, "HV": 0.5514564250902791}, "21": {"time": 222.7180998325348, "HV": 0.5524770334500775}, "22": {"time": 232.58044004440308, "HV": 0.5537738900944656}, "23": {"time": 244.1141061782837, "HV": 0.5560580684550827}, "24": {"time": 253.30865955352783, "HV": 0.5573597830967794}, "25": {"time": 264.4973645210266, "HV": 0.5571241888666322}, "26": {"time": 274.1348650455475, "HV": 0.5579440461066594}, "27": {"time": 284.0400552749634, "HV": 0.5597886402511043}, "28": {"time": 294.08000683784485, "HV": 0.5595777869423235}, "29": {"time": 304.7449209690094, "HV": 0.5600529823669964}, "30": {"time": 314.0450210571289, "HV": 0.5595058639269186}, "31": {"time": 324.13039326667786, "HV": 0.561130563435091}, "32": {"time": 332.6811707019806, "HV": 0.5626297181551796}, "33": {"time": 342.0843150615692, "HV": 0.5640228814510235}, "34": {"time": 351.27890729904175, "HV": 0.5637548339138913}, "35": {"time": 359.91670870780945, "HV": 0.5653522718752869}, "36": {"time": 369.33945631980896, "HV": 0.5673161418549513}, "37": {"time": 377.12192964553833, "HV": 0.567323788400029}, "38": {"time": 387.0024645328522, "HV": 0.5673211813327317}, "39": {"time": 395.7577049732208, "HV": 0.5679393421751638}, "40": {"time": 403.8738465309143, "HV": 0.5694964036899588}, "41": {"time": 415.02528738975525, "HV": 0.570100769544376}, "42": {"time": 423.4567003250122, "HV": 0.5704400515948467}, "43": {"time": 432.2588562965393, "HV": 0.5707438798922815}, "44": {"time": 441.30471539497375, "HV": 0.5713844960256573}, "45": {"time": 450.6483209133148, "HV": 0.5712033165845366}, "46": {"time": 458.69746494293213, "HV": 0.5715315968968558}, "47": {"time": 467.1897852420807, "HV": 0.5710805527940391}, "48": {"time": 478.844580411911, "HV": 0.5712087947145417}, "49": {"time": 488.3019814491272, "HV": 0.5712130621490822}, "50": {"time": 495.9493417739868, "HV": 0.5716106654547441}, "51": {"time": 507.86919379234314, "HV": 0.5707019716794156}, "52": {"time": 516.0848643779755, "HV": 0.572336509015937}, "53": {"time": 524.1943397521973, "HV": 0.5735189063420781}, "54": {"time": 532.9332227706909, "HV": 0.5737625852551589}, "55": {"time": 541.0655069351196, "HV": 0.5740654774948106}, "56": {"time": 550.6236946582794, "HV": 0.5751619053312353}, "57": {"time": 558.7082276344299, "HV": 0.5746202401352354}, "58": {"time": 566.5286264419556, "HV": 0.5746584680240163}, "59": {"time": 574.9477999210358, "HV": 0.5760283806481172}, "60": {"time": 583.9080293178558, "HV": 0.5751672425229644}, "61": {"time": 595.1940066814423, "HV": 0.5753396394434991}, "62": {"time": 602.7950346469879, "HV": 0.5746648356792781}, "63": {"time": 612.7709622383118, "HV": 0.5752889452675947}, "64": {"time": 621.8556065559387, "HV": 0.5749896162893995}, "65": {"time": 631.1932954788208, "HV": 0.5757196472110089}, "66": {"time": 643.4751195907593, "HV": 0.5743775121856445}, "67": {"time": 653.3418061733246, "HV": 0.573690040363161}, "68": {"time": 663.6048023700714, "HV": 0.5754255570415898}, "69": {"time": 673.0260112285614, "HV": 0.5751028910795176}, "70": {"time": 681.6702408790588, "HV": 0.5756324199581848}, "71": {"time": 693.3519175052643, "HV": 0.5754540358363964}, "72": {"time": 702.7459192276001, "HV": 0.5768168428209258}, "73": {"time": 712.4653522968292, "HV": 0.575710033803482}, "74": {"time": 720.7017724514008, "HV": 0.5762487251606168}, "75": {"time": 729.558376789093, "HV": 0.576113274017879}, "76": {"time": 742.7525246143341, "HV": 0.5745518613935492}, "77": {"time": 751.3901607990265, "HV": 0.5769915703519912}, "78": {"time": 760.8824920654297, "HV": 0.5773035745485003}, "79": {"time": 770.4377703666687, "HV": 0.576319831932117}, "80": {"time": 779.3713521957397, "HV": 0.5767207584048268}, "81": {"time": 788.7302384376526, "HV": 0.5778781882901103}, "82": {"time": 798.2846853733063, "HV": 0.5773998735337111}, "83": {"time": 810.958149433136, "HV": 0.5771851360215081}, "84": {"time": 819.9025716781616, "HV": 0.5774939242853208}, "85": {"time": 829.4810166358948, "HV": 0.5773102408299199}, "86": {"time": 839.759272813797, "HV": 0.5770089135558701}, "87": {"time": 848.9593942165375, "HV": 0.5777828268743243}, "88": {"time": 857.4692685604095, "HV": 0.5766171064572281}, "89": {"time": 866.6086966991425, "HV": 0.5768438584899285}, "90": {"time": 879.5938904285431, "HV": 0.5780813462264729}, "91": {"time": 889.7336571216583, "HV": 0.5787681322425331}, "92": {"time": 899.3933444023132, "HV": 0.5779317821097174}, "93": {"time": 907.714439868927, "HV": 0.5772479538984279}}