{"0": {"time": 5.742393970489502, "HV": 0.4850455592177846}, "1": {"time": 22.16166877746582, "HV": 0.5106273134399049}, "2": {"time": 35.21044564247131, "HV": 0.5238817126313513}, "3": {"time": 47.205323696136475, "HV": 0.5324025545422133}, "4": {"time": 60.579731702804565, "HV": 0.5354607828284178}, "5": {"time": 73.51682925224304, "HV": 0.5412542638471672}, "6": {"time": 87.91357660293579, "HV": 0.5458259894420849}, "7": {"time": 103.32119822502136, "HV": 0.5515949910332042}, "8": {"time": 116.6059160232544, "HV": 0.5612450637489543}, "9": {"time": 130.94271731376648, "HV": 0.567298008876409}, "10": {"time": 144.85951280593872, "HV": 0.5705702309308409}, "11": {"time": 159.3365445137024, "HV": 0.5741775681432516}, "12": {"time": 173.59377145767212, "HV": 0.5767254252446338}, "13": {"time": 189.59596705436707, "HV": 0.5786157752955857}, "14": {"time": 203.42072439193726, "HV": 0.5800651997373641}, "15": {"time": 218.9227418899536, "HV": 0.5832832326426358}, "16": {"time": 235.265869140625, "HV": 0.58695433828342}, "17": {"time": 248.2301323413849, "HV": 0.5887997215220948}, "18": {"time": 262.43197870254517, "HV": 0.5893998484071883}, "19": {"time": 276.8469557762146, "HV": 0.5906884693336761}, "20": {"time": 290.4426300525665, "HV": 0.5919761362174508}, "21": {"time": 303.5067820549011, "HV": 0.5928212615318468}, "22": {"time": 318.4940752983093, "HV": 0.5946866279305631}, "23": {"time": 332.60661697387695, "HV": 0.5956951546865539}, "24": {"time": 347.2441623210907, "HV": 0.5973993148282278}, "25": {"time": 361.4217789173126, "HV": 0.599218111796006}, "26": {"time": 377.3786861896515, "HV": 0.600060565401989}, "27": {"time": 391.66692090034485, "HV": 0.599010962482798}, "28": {"time": 406.0873553752899, "HV": 0.600663641063715}, "29": {"time": 420.4883306026459, "HV": 0.600989379621666}, "30": {"time": 434.03186106681824, "HV": 0.601633727130286}, "31": {"time": 447.52625918388367, "HV": 0.6007396813746785}, "32": {"time": 462.58453583717346, "HV": 0.6019044996540542}, "33": {"time": 477.6099190711975, "HV": 0.6015318732141468}, "34": {"time": 493.61522102355957, "HV": 0.6026873340996524}, "35": {"time": 509.0388572216034, "HV": 0.6034605696042802}, "36": {"time": 522.958714723587, "HV": 0.6032680033290727}, "37": {"time": 537.3158111572266, "HV": 0.604088403385074}, "38": {"time": 552.1388835906982, "HV": 0.6040542384159179}, "39": {"time": 567.3883075714111, "HV": 0.6045364429137191}, "40": {"time": 582.6080324649811, "HV": 0.6045233636568383}, "41": {"time": 598.7210214138031, "HV": 0.6042928365878382}, "42": {"time": 615.5508134365082, "HV": 0.6050120812621267}, "43": {"time": 632.5902771949768, "HV": 0.6048997344572485}, "44": {"time": 649.1769468784332, "HV": 0.6047092761124}, "45": {"time": 665.5794489383698, "HV": 0.6047638428672877}, "46": {"time": 680.6907329559326, "HV": 0.6045263020287178}, "47": {"time": 699.9164597988129, "HV": 0.6045084902578429}, "48": {"time": 716.3686826229095, "HV": 0.604340996820286}, "49": {"time": 733.8175523281097, "HV": 0.6046548988334808}, "50": {"time": 750.6956822872162, "HV": 0.6048563422157673}}