{"0": {"time": 4.282994508743286, "HV": 0.4896421508945199}, "1": {"time": 11.941652536392212, "HV": 0.5098922902417933}, "2": {"time": 18.182183265686035, "HV": 0.5195674672250385}, "3": {"time": 24.073010683059692, "HV": 0.5271013376381757}, "4": {"time": 31.081165313720703, "HV": 0.5309749911166186}, "5": {"time": 38.40920329093933, "HV": 0.5438951008847913}, "6": {"time": 47.22801494598389, "HV": 0.550031008232924}, "7": {"time": 54.24763202667236, "HV": 0.5546209080880931}, "8": {"time": 61.664034605026245, "HV": 0.5639800305169441}, "9": {"time": 68.7808952331543, "HV": 0.5639567036969404}, "10": {"time": 75.92008924484253, "HV": 0.5661893127492204}, "11": {"time": 83.14950060844421, "HV": 0.5701486625345176}, "12": {"time": 89.77188324928284, "HV": 0.5783378487713938}, "13": {"time": 97.92394042015076, "HV": 0.5828400319463585}, "14": {"time": 105.01556086540222, "HV": 0.5852668717380812}, "15": {"time": 112.58357834815979, "HV": 0.5866164571795938}, "16": {"time": 119.12236022949219, "HV": 0.588689297828846}, "17": {"time": 126.19287991523743, "HV": 0.5897500763432387}, "18": {"time": 132.89061069488525, "HV": 0.5902990077273794}, "19": {"time": 139.77925181388855, "HV": 0.5897755035995867}, "20": {"time": 146.44033408164978, "HV": 0.5897581450179109}, "21": {"time": 153.37087416648865, "HV": 0.5905314759318407}, "22": {"time": 160.46075224876404, "HV": 0.590873880068533}, "23": {"time": 167.25376987457275, "HV": 0.5908635693356318}, "24": {"time": 174.06951022148132, "HV": 0.5915535251389911}, "25": {"time": 180.54215812683105, "HV": 0.5900536315162653}, "26": {"time": 186.55709147453308, "HV": 0.5921502149188959}, "27": {"time": 193.73907017707825, "HV": 0.5916564479207438}, "28": {"time": 200.93947172164917, "HV": 0.5917821747431349}, "29": {"time": 207.02243375778198, "HV": 0.5909285844530872}, "30": {"time": 213.80504631996155, "HV": 0.5913444816065166}, "31": {"time": 219.72392964363098, "HV": 0.5905017300606468}, "32": {"time": 226.60613870620728, "HV": 0.5911693842072885}, "33": {"time": 233.87241768836975, "HV": 0.5916147243724103}, "34": {"time": 240.44885325431824, "HV": 0.5919537007519662}, "35": {"time": 246.79394721984863, "HV": 0.592490128906362}, "36": {"time": 253.97377490997314, "HV": 0.5929310028886546}, "37": {"time": 259.64973616600037, "HV": 0.5927281813477251}, "38": {"time": 266.7721984386444, "HV": 0.5931752640840533}, "39": {"time": 274.03033113479614, "HV": 0.5938976694416016}, "40": {"time": 281.10911297798157, "HV": 0.5942119421777418}, "41": {"time": 287.711003780365, "HV": 0.5940451394026951}, "42": {"time": 294.29458928108215, "HV": 0.593526981566564}, "43": {"time": 301.81557989120483, "HV": 0.5937465424870776}, "44": {"time": 309.86418414115906, "HV": 0.593824082059989}, "45": {"time": 316.87455105781555, "HV": 0.5930565150956331}, "46": {"time": 324.9420392513275, "HV": 0.5932892947093054}, "47": {"time": 331.8044273853302, "HV": 0.5942445203181889}, "48": {"time": 340.1628017425537, "HV": 0.5941281366880485}, "49": {"time": 347.3876442909241, "HV": 0.5938285021526153}, "50": {"time": 354.808961391449, "HV": 0.5938157597525151}, "51": {"time": 362.39258003234863, "HV": 0.5928424569255142}, "52": {"time": 370.08041620254517, "HV": 0.5940465971264076}, "53": {"time": 377.1394546031952, "HV": 0.5940944749051138}, "54": {"time": 385.11248683929443, "HV": 0.5941349899226537}, "55": {"time": 393.42483735084534, "HV": 0.5944274077146788}, "56": {"time": 401.1435136795044, "HV": 0.5942716282807888}, "57": {"time": 408.105450630188, "HV": 0.5927898966285791}, "58": {"time": 415.4519748687744, "HV": 0.5947529633531319}, "59": {"time": 422.5401129722595, "HV": 0.593513790889618}, "60": {"time": 430.4171543121338, "HV": 0.5938780726148939}, "61": {"time": 438.2886793613434, "HV": 0.5940412025914922}, "62": {"time": 447.24794363975525, "HV": 0.5944310334728441}, "63": {"time": 456.1508319377899, "HV": 0.5957235682266393}, "64": {"time": 464.00972867012024, "HV": 0.5935562373502297}, "65": {"time": 471.83717226982117, "HV": 0.59505495154227}, "66": {"time": 479.81068205833435, "HV": 0.5946231754915879}, "67": {"time": 489.3471372127533, "HV": 0.5943159581700123}, "68": {"time": 496.0838429927826, "HV": 0.5950795222540093}, "69": {"time": 504.44102668762207, "HV": 0.5947727134348905}, "70": {"time": 512.1147248744965, "HV": 0.5947924164243075}, "71": {"time": 522.1558248996735, "HV": 0.5948775598132596}, "72": {"time": 529.9100389480591, "HV": 0.5954522890765461}, "73": {"time": 536.8850598335266, "HV": 0.5961170830728325}, "74": {"time": 544.3479959964752, "HV": 0.5961437206973238}, "75": {"time": 552.3045973777771, "HV": 0.5956951607677045}, "76": {"time": 560.7232275009155, "HV": 0.5956152220829958}, "77": {"time": 570.1521644592285, "HV": 0.5957007441105749}, "78": {"time": 576.7841942310333, "HV": 0.5963271140244963}, "79": {"time": 584.196391582489, "HV": 0.5959136975676497}, "80": {"time": 590.8107254505157, "HV": 0.5960369434078796}, "81": {"time": 597.8308608531952, "HV": 0.5962323217208502}, "82": {"time": 607.1410689353943, "HV": 0.5962058948439636}, "83": {"time": 614.6494905948639, "HV": 0.5962320948788917}, "84": {"time": 621.8384692668915, "HV": 0.5964235045873136}, "85": {"time": 629.4968168735504, "HV": 0.5956448313317674}, "86": {"time": 638.130482673645, "HV": 0.5957753142100355}, "87": {"time": 645.6338467597961, "HV": 0.5950885589574584}, "88": {"time": 654.8734283447266, "HV": 0.5954952446258956}, "89": {"time": 662.4697186946869, "HV": 0.5951685930535467}, "90": {"time": 670.170797586441, "HV": 0.5955018243468475}, "91": {"time": 678.2033944129944, "HV": 0.5946921233087544}, "92": {"time": 685.6409623622894, "HV": 0.5956806015898405}, "93": {"time": 692.8118107318878, "HV": 0.5960686988115749}, "94": {"time": 702.5134608745575, "HV": 0.5955678394579458}, "95": {"time": 710.2988877296448, "HV": 0.5953819227138409}, "96": {"time": 717.7024383544922, "HV": 0.5953410095808145}, "97": {"time": 726.6247384548187, "HV": 0.59522009765459}, "98": {"time": 734.7176299095154, "HV": 0.5957869502540699}, "99": {"time": 741.3422238826752, "HV": 0.5955346977845903}, "100": {"time": 751.2642407417297, "HV": 0.5938655742867384}, "101": {"time": 757.8533113002777, "HV": 0.5948976358144314}, "102": {"time": 766.1373236179352, "HV": 0.5943254514260744}, "103": {"time": 774.8818876743317, "HV": 0.5933255622469741}, "104": {"time": 784.0722162723541, "HV": 0.5949246804134368}, "105": {"time": 792.6068804264069, "HV": 0.5947248956485669}, "106": {"time": 800.3483920097351, "HV": 0.5945442271682151}, "107": {"time": 810.9906544685364, "HV": 0.5950240695768693}, "108": {"time": 818.6698474884033, "HV": 0.5945738529123008}, "109": {"time": 827.1649024486542, "HV": 0.5952026400508532}, "110": {"time": 835.1666221618652, "HV": 0.5947008587085537}, "111": {"time": 843.5125589370728, "HV": 0.5948627491074101}, "112": {"time": 851.6862127780914, "HV": 0.5951093356614332}, "113": {"time": 858.8076975345612, "HV": 0.595528153752154}, "114": {"time": 869.0772180557251, "HV": 0.5946100486242066}, "115": {"time": 876.5950980186462, "HV": 0.5940672010598568}, "116": {"time": 883.8830232620239, "HV": 0.5954877432412279}, "117": {"time": 891.475419998169, "HV": 0.5958274377386338}, "118": {"time": 898.2994375228882, "HV": 0.5951868584486555}, "119": {"time": 906.8024804592133, "HV": 0.5945135209088478}}