{"0": {"time": 6.506480693817139, "HV": 0.5111342276133447}, "1": {"time": 15.539477109909058, "HV": 0.549430339551005}, "2": {"time": 23.584035396575928, "HV": 0.5529482894909776}, "3": {"time": 31.0310800075531, "HV": 0.558011114812328}, "4": {"time": 39.1176540851593, "HV": 0.5588383005361008}, "5": {"time": 47.460508823394775, "HV": 0.5613701896084962}, "6": {"time": 55.5657856464386, "HV": 0.5641970781520514}, "7": {"time": 64.08647298812866, "HV": 0.5673995895913262}, "8": {"time": 72.53870749473572, "HV": 0.5684386071804506}, "9": {"time": 82.0745313167572, "HV": 0.5689122213581975}, "10": {"time": 90.5397081375122, "HV": 0.5700617192421912}, "11": {"time": 99.95931363105774, "HV": 0.571813935085699}, "12": {"time": 108.62957191467285, "HV": 0.5741800169286493}, "13": {"time": 119.06004619598389, "HV": 0.5746932331384451}, "14": {"time": 127.41269397735596, "HV": 0.5752095668703694}, "15": {"time": 135.78494596481323, "HV": 0.5763208471603238}, "16": {"time": 145.1564154624939, "HV": 0.577357298543945}, "17": {"time": 154.33155465126038, "HV": 0.5788841377887969}, "18": {"time": 163.7880506515503, "HV": 0.5818628083945078}, "19": {"time": 172.8918697834015, "HV": 0.5837090041812595}, "20": {"time": 181.84841680526733, "HV": 0.5856986548958792}, "21": {"time": 192.09615755081177, "HV": 0.5896586589981281}, "22": {"time": 201.28990244865417, "HV": 0.5932542370530888}, "23": {"time": 210.62456798553467, "HV": 0.5941325829218973}, "24": {"time": 221.2276635169983, "HV": 0.5955544092592732}, "25": {"time": 230.73290491104126, "HV": 0.5981520576077378}, "26": {"time": 240.17849898338318, "HV": 0.6001295141645762}, "27": {"time": 250.18352508544922, "HV": 0.6032418520912803}, "28": {"time": 259.95996284484863, "HV": 0.6036890683067985}, "29": {"time": 269.3223330974579, "HV": 0.603765060322471}, "30": {"time": 279.1270956993103, "HV": 0.6040217115094774}}