{"0": {"time": 27.304394721984863, "HV": 0.30755848946663156}, "1": {"time": 51.75532817840576, "HV": 0.32470108956468613}, "2": {"time": 70.13662195205688, "HV": 0.3351411340393566}, "3": {"time": 87.69122982025146, "HV": 0.3445099830305916}, "4": {"time": 104.98604226112366, "HV": 0.34798116878175006}, "5": {"time": 122.72864937782288, "HV": 0.3561475065115335}, "6": {"time": 141.2175590991974, "HV": 0.36538350343732895}, "7": {"time": 159.07408952713013, "HV": 0.36565790773262036}, "8": {"time": 177.10918498039246, "HV": 0.36643352411107943}, "9": {"time": 194.58668613433838, "HV": 0.3726150361038588}, "10": {"time": 213.54009461402893, "HV": 0.37380867052651207}, "11": {"time": 232.3154046535492, "HV": 0.37965154924375505}, "12": {"time": 249.89116096496582, "HV": 0.380063271156995}, "13": {"time": 268.4143319129944, "HV": 0.38031247875943974}, "14": {"time": 287.1296329498291, "HV": 0.3811955859739665}, "15": {"time": 305.5193498134613, "HV": 0.3815826110904177}, "16": {"time": 324.40961503982544, "HV": 0.3818643809958513}, "17": {"time": 342.58098244667053, "HV": 0.3820507791541531}, "18": {"time": 360.110032081604, "HV": 0.38253041913058683}, "19": {"time": 377.5682098865509, "HV": 0.38262102251068664}, "20": {"time": 394.4844093322754, "HV": 0.38318659136253763}, "21": {"time": 412.6260042190552, "HV": 0.3834468742870652}, "22": {"time": 429.49460530281067, "HV": 0.38380501342807893}, "23": {"time": 446.5586168766022, "HV": 0.3839252650923389}, "24": {"time": 465.48924231529236, "HV": 0.38451227316825215}, "25": {"time": 483.03880620002747, "HV": 0.3846930607052804}, "26": {"time": 499.73583340644836, "HV": 0.38491359163403666}, "27": {"time": 516.8862438201904, "HV": 0.38532792267324806}, "28": {"time": 535.1627686023712, "HV": 0.3854798860010869}, "29": {"time": 552.4840877056122, "HV": 0.3858211909857152}, "30": {"time": 568.6499981880188, "HV": 0.3858808694861699}}