{"0": {"time": 4.231066703796387, "HV": 0.5287110750938211}, "1": {"time": 14.946162700653076, "HV": 0.5483067455221741}, "2": {"time": 22.021230220794678, "HV": 0.565663775382183}, "3": {"time": 29.71651315689087, "HV": 0.5736836152639687}, "4": {"time": 37.73747634887695, "HV": 0.5774957585037259}, "5": {"time": 46.756922245025635, "HV": 0.5831476257367505}, "6": {"time": 55.62366318702698, "HV": 0.588794482193532}, "7": {"time": 63.340336084365845, "HV": 0.5897462149487698}, "8": {"time": 70.53725552558899, "HV": 0.5905769841449057}, "9": {"time": 79.58714318275452, "HV": 0.5902087442858434}, "10": {"time": 86.34000873565674, "HV": 0.591234589407298}, "11": {"time": 94.24763584136963, "HV": 0.5945695746765853}, "12": {"time": 101.80898404121399, "HV": 0.5949834032275817}, "13": {"time": 110.04162955284119, "HV": 0.5957106125897014}, "14": {"time": 118.8645806312561, "HV": 0.5971690105909429}, "15": {"time": 125.82532596588135, "HV": 0.5965518804040869}, "16": {"time": 133.43108987808228, "HV": 0.5966044258314568}, "17": {"time": 141.25565838813782, "HV": 0.597365627898142}, "18": {"time": 149.79695081710815, "HV": 0.5982395701414326}, "19": {"time": 157.2981836795807, "HV": 0.6000254965858732}, "20": {"time": 164.61333417892456, "HV": 0.6007775470888624}, "21": {"time": 173.06772541999817, "HV": 0.6044281218784006}, "22": {"time": 181.81760263442993, "HV": 0.6071558361052554}, "23": {"time": 191.30632281303406, "HV": 0.6072147375441549}, "24": {"time": 201.35420846939087, "HV": 0.6093027463540217}, "25": {"time": 210.73463797569275, "HV": 0.6095114323333906}, "26": {"time": 218.8352348804474, "HV": 0.6100485327320012}, "27": {"time": 228.18587517738342, "HV": 0.6105665545843043}, "28": {"time": 237.3656816482544, "HV": 0.6105289381759657}, "29": {"time": 245.71484994888306, "HV": 0.6094319214341649}, "30": {"time": 255.0329554080963, "HV": 0.6096435297525336}, "31": {"time": 264.18771266937256, "HV": 0.6106191359803839}, "32": {"time": 271.42888832092285, "HV": 0.6122913772292576}, "33": {"time": 280.06650495529175, "HV": 0.613290258385689}, "34": {"time": 288.84002685546875, "HV": 0.6146912546083806}, "35": {"time": 296.3444912433624, "HV": 0.6136388197132672}, "36": {"time": 304.94009923934937, "HV": 0.6149148521082515}, "37": {"time": 311.81301617622375, "HV": 0.6157524123740712}, "38": {"time": 319.9096848964691, "HV": 0.614980527456449}, "39": {"time": 327.8777985572815, "HV": 0.6144830874227937}, "40": {"time": 337.95267629623413, "HV": 0.6146199968323408}, "41": {"time": 346.2534112930298, "HV": 0.6153061128662135}, "42": {"time": 356.3677730560303, "HV": 0.6159401987694546}, "43": {"time": 365.3582091331482, "HV": 0.6164146102197117}, "44": {"time": 373.5285744667053, "HV": 0.6165819803858785}, "45": {"time": 383.68198108673096, "HV": 0.6156635083078256}, "46": {"time": 390.6976001262665, "HV": 0.6163125384584317}, "47": {"time": 399.6761040687561, "HV": 0.615508638944495}, "48": {"time": 407.4730257987976, "HV": 0.6166593741871514}, "49": {"time": 415.37963128089905, "HV": 0.6168786029670794}, "50": {"time": 423.36128067970276, "HV": 0.6166375869059633}, "51": {"time": 432.4438717365265, "HV": 0.616434332499099}, "52": {"time": 442.49149918556213, "HV": 0.6161579408700194}, "53": {"time": 450.2276418209076, "HV": 0.6169100663456871}, "54": {"time": 458.12661051750183, "HV": 0.616876284430114}, "55": {"time": 466.5855474472046, "HV": 0.617577839804017}, "56": {"time": 475.9296398162842, "HV": 0.6170442944644218}, "57": {"time": 484.9685389995575, "HV": 0.6172360492704353}, "58": {"time": 493.3767535686493, "HV": 0.6180006048837559}, "59": {"time": 501.8420798778534, "HV": 0.6174813680465804}, "60": {"time": 509.48321294784546, "HV": 0.617671738658262}, "61": {"time": 518.4916427135468, "HV": 0.6186913853881945}, "62": {"time": 527.490490436554, "HV": 0.6180356024579922}, "63": {"time": 535.7922646999359, "HV": 0.6183916097315755}, "64": {"time": 543.6457512378693, "HV": 0.6184528515107481}, "65": {"time": 551.9379570484161, "HV": 0.6172385735202605}, "66": {"time": 560.7623076438904, "HV": 0.6184504339239858}, "67": {"time": 568.0071618556976, "HV": 0.6182943366938216}, "68": {"time": 577.0139162540436, "HV": 0.6178696375525028}, "69": {"time": 584.1159086227417, "HV": 0.6181989988042286}, "70": {"time": 592.8098130226135, "HV": 0.6185390821609125}, "71": {"time": 600.1794064044952, "HV": 0.61761100168791}, "72": {"time": 607.8971769809723, "HV": 0.6180963215032736}, "73": {"time": 614.4673891067505, "HV": 0.6183329605414754}, "74": {"time": 622.2928042411804, "HV": 0.6184760204547727}, "75": {"time": 629.5782337188721, "HV": 0.6173534561651802}, "76": {"time": 636.8153443336487, "HV": 0.618368216084796}, "77": {"time": 643.8381316661835, "HV": 0.6170506119333522}, "78": {"time": 652.7022166252136, "HV": 0.6186006407946403}, "79": {"time": 661.7061259746552, "HV": 0.6176738157704801}, "80": {"time": 670.1046097278595, "HV": 0.6185884137950641}, "81": {"time": 676.6643273830414, "HV": 0.619994609816228}, "82": {"time": 685.1304655075073, "HV": 0.618589359932834}, "83": {"time": 691.9406538009644, "HV": 0.6189460508667985}, "84": {"time": 699.7825269699097, "HV": 0.6177389569585615}, "85": {"time": 709.5258724689484, "HV": 0.6184078769250952}, "86": {"time": 717.8403301239014, "HV": 0.6190798449638606}, "87": {"time": 725.5547313690186, "HV": 0.6180355621621545}, "88": {"time": 732.27019739151, "HV": 0.6179828597268073}, "89": {"time": 740.5654034614563, "HV": 0.6191395785090411}, "90": {"time": 747.9254207611084, "HV": 0.6190789714795202}, "91": {"time": 753.9550232887268, "HV": 0.6184980080363341}, "92": {"time": 761.0851798057556, "HV": 0.6189492078925644}, "93": {"time": 769.2709181308746, "HV": 0.6199508783141103}, "94": {"time": 777.3542649745941, "HV": 0.6175779280834226}, "95": {"time": 786.1448485851288, "HV": 0.6191821909178533}, "96": {"time": 793.961098909378, "HV": 0.6199829984180073}, "97": {"time": 801.6431381702423, "HV": 0.6192872556371591}, "98": {"time": 809.5384945869446, "HV": 0.6200707344484387}, "99": {"time": 816.9429125785828, "HV": 0.6202364270900071}, "100": {"time": 825.2279307842255, "HV": 0.6183122527363724}, "101": {"time": 833.1056709289551, "HV": 0.6202759719041836}, "102": {"time": 838.5192410945892, "HV": 0.6184622613008258}, "103": {"time": 848.562385559082, "HV": 0.6189276655993188}, "104": {"time": 855.8385562896729, "HV": 0.6186915930380906}, "105": {"time": 862.7397818565369, "HV": 0.6195108945117705}, "106": {"time": 869.7170734405518, "HV": 0.6193489611973457}, "107": {"time": 876.6953012943268, "HV": 0.6200634126532217}, "108": {"time": 884.317170381546, "HV": 0.6198361363293846}, "109": {"time": 891.429440498352, "HV": 0.620185384233705}, "110": {"time": 899.3427186012268, "HV": 0.6187306520346045}, "111": {"time": 906.3801763057709, "HV": 0.6205503402692291}}