{"0": {"time": 2.006286144256592, "HV": 0.42443764982342663}, "1": {"time": 4.60242486000061, "HV": 0.4306974485417442}, "2": {"time": 8.40505337715149, "HV": 0.4443781472827843}, "3": {"time": 12.446003675460815, "HV": 0.45543229910697103}, "4": {"time": 16.752905130386353, "HV": 0.46082791965523884}, "5": {"time": 20.892321586608887, "HV": 0.4685738799606086}, "6": {"time": 25.871117115020752, "HV": 0.4735499209301549}, "7": {"time": 30.452011346817017, "HV": 0.47646387601059315}, "8": {"time": 34.25464916229248, "HV": 0.47884800833789787}, "9": {"time": 38.86257266998291, "HV": 0.4787427540065796}, "10": {"time": 44.28094983100891, "HV": 0.4811945286525364}, "11": {"time": 49.43557167053223, "HV": 0.4807266414509953}, "12": {"time": 55.79422068595886, "HV": 0.48114263887559106}, "13": {"time": 60.94673490524292, "HV": 0.4812512673847994}, "14": {"time": 66.13936376571655, "HV": 0.48253309569624825}, "15": {"time": 72.10029530525208, "HV": 0.48359346123535973}, "16": {"time": 78.83120441436768, "HV": 0.48300958800485283}, "17": {"time": 84.35166430473328, "HV": 0.48379255326408066}, "18": {"time": 89.87542390823364, "HV": 0.48525370341225926}, "19": {"time": 95.36629843711853, "HV": 0.48580737124041895}, "20": {"time": 102.39087724685669, "HV": 0.4854702915915009}, "21": {"time": 107.19530367851257, "HV": 0.48558251939374597}, "22": {"time": 113.4078414440155, "HV": 0.485996979165226}, "23": {"time": 119.07809138298035, "HV": 0.485965173796986}, "24": {"time": 125.3171136379242, "HV": 0.48596630703456645}, "25": {"time": 129.74105215072632, "HV": 0.48575584414389783}, "26": {"time": 134.18703150749207, "HV": 0.4856146741266423}, "27": {"time": 139.85516476631165, "HV": 0.48543456266162566}, "28": {"time": 144.60959601402283, "HV": 0.4855425202496704}, "29": {"time": 150.17134761810303, "HV": 0.486587878044755}, "30": {"time": 155.25651574134827, "HV": 0.48620213881272634}, "31": {"time": 160.94390201568604, "HV": 0.48673224136520954}, "32": {"time": 165.45669603347778, "HV": 0.48770200462019386}, "33": {"time": 170.0573754310608, "HV": 0.48738784900445387}, "34": {"time": 175.41751098632812, "HV": 0.48772739444372637}, "35": {"time": 179.39111924171448, "HV": 0.4881923375353615}, "36": {"time": 183.65509748458862, "HV": 0.48839001520756103}, "37": {"time": 188.19203090667725, "HV": 0.48895649776715683}, "38": {"time": 193.6602647304535, "HV": 0.4873931213683125}, "39": {"time": 197.9468379020691, "HV": 0.4897442536754713}, "40": {"time": 203.3041136264801, "HV": 0.48904848179857763}, "41": {"time": 207.8836555480957, "HV": 0.490187864984153}, "42": {"time": 211.5364592075348, "HV": 0.4893101978868808}, "43": {"time": 215.9674904346466, "HV": 0.4910645600071802}, "44": {"time": 220.6610450744629, "HV": 0.4908026456429694}, "45": {"time": 225.14261651039124, "HV": 0.4904143886175106}, "46": {"time": 229.84008836746216, "HV": 0.49186360708408344}, "47": {"time": 235.22014498710632, "HV": 0.49231543085257695}, "48": {"time": 239.38473463058472, "HV": 0.49340923567049544}, "49": {"time": 244.05054879188538, "HV": 0.4949060937831916}, "50": {"time": 247.71298241615295, "HV": 0.4953522597595766}, "51": {"time": 251.55387020111084, "HV": 0.496946250591649}, "52": {"time": 255.08518981933594, "HV": 0.49675156626059064}, "53": {"time": 258.39149260520935, "HV": 0.49868220832520754}, "54": {"time": 262.27479338645935, "HV": 0.49924273755784354}, "55": {"time": 265.9091274738312, "HV": 0.5010164472646373}, "56": {"time": 269.7741975784302, "HV": 0.5004165332798112}, "57": {"time": 273.212238073349, "HV": 0.5015378152309415}, "58": {"time": 276.70699191093445, "HV": 0.5024529954132224}, "59": {"time": 280.0415563583374, "HV": 0.5028743637859197}, "60": {"time": 283.3962893486023, "HV": 0.5025721014353086}, "61": {"time": 286.74649262428284, "HV": 0.5026444352321586}, "62": {"time": 290.8341348171234, "HV": 0.5032180872632659}, "63": {"time": 293.8939881324768, "HV": 0.5032295948355963}, "64": {"time": 297.34389877319336, "HV": 0.5025114378715856}, "65": {"time": 300.48225450515747, "HV": 0.5026391105643627}, "66": {"time": 304.2576012611389, "HV": 0.5021629832750438}, "67": {"time": 308.4619302749634, "HV": 0.5028967569888949}, "68": {"time": 312.0282289981842, "HV": 0.5032022629694881}, "69": {"time": 315.3943827152252, "HV": 0.5024693789325232}, "70": {"time": 319.36392307281494, "HV": 0.503259400803304}, "71": {"time": 322.5348479747772, "HV": 0.5029517637195453}, "72": {"time": 325.79500126838684, "HV": 0.5026182056996447}, "73": {"time": 329.307156085968, "HV": 0.5027005476987929}, "74": {"time": 334.0584318637848, "HV": 0.5032977820636426}, "75": {"time": 337.6892533302307, "HV": 0.503120273982422}, "76": {"time": 341.66913056373596, "HV": 0.50271345405608}, "77": {"time": 344.8251121044159, "HV": 0.5013698356380158}, "78": {"time": 348.3978228569031, "HV": 0.5029765674717619}, "79": {"time": 351.5705897808075, "HV": 0.5031379723764393}, "80": {"time": 354.41993618011475, "HV": 0.5031193030850059}, "81": {"time": 358.4660942554474, "HV": 0.5027209429257593}, "82": {"time": 362.0817039012909, "HV": 0.5030550143880421}, "83": {"time": 364.86121129989624, "HV": 0.5033691747880347}, "84": {"time": 368.21231389045715, "HV": 0.5033528915729135}, "85": {"time": 371.4961063861847, "HV": 0.5037386249370184}, "86": {"time": 375.13705372810364, "HV": 0.5035515100146697}, "87": {"time": 378.52727699279785, "HV": 0.5039167685889363}, "88": {"time": 383.4856424331665, "HV": 0.5040647040096229}, "89": {"time": 387.4987461566925, "HV": 0.5032438700560098}, "90": {"time": 391.44487023353577, "HV": 0.5031472222654517}, "91": {"time": 394.88663625717163, "HV": 0.5034800980165116}, "92": {"time": 398.56152057647705, "HV": 0.5039869059455817}, "93": {"time": 402.2669162750244, "HV": 0.504028040097432}, "94": {"time": 407.72220730781555, "HV": 0.5049624558475054}, "95": {"time": 411.7100102901459, "HV": 0.5045304361069031}, "96": {"time": 415.2199213504791, "HV": 0.5040303965560666}, "97": {"time": 418.4244616031647, "HV": 0.504473670383799}, "98": {"time": 421.8992598056793, "HV": 0.5037693704703079}, "99": {"time": 425.85834097862244, "HV": 0.5046514712566477}, "100": {"time": 429.1585383415222, "HV": 0.5044809801206549}, "101": {"time": 432.72246384620667, "HV": 0.5037627600884959}, "102": {"time": 437.4637336730957, "HV": 0.5042252907687772}, "103": {"time": 440.59013295173645, "HV": 0.504072512375624}, "104": {"time": 443.7195544242859, "HV": 0.5041869975994966}, "105": {"time": 447.02697706222534, "HV": 0.5038478097149481}, "106": {"time": 450.79859709739685, "HV": 0.5040700949727113}, "107": {"time": 454.52885222435, "HV": 0.5040180424064072}, "108": {"time": 458.3765070438385, "HV": 0.5040213002525145}, "109": {"time": 462.10449719429016, "HV": 0.5041338522616059}, "110": {"time": 467.93716073036194, "HV": 0.5026704951371062}, "111": {"time": 470.7649509906769, "HV": 0.504030345612438}, "112": {"time": 474.3356852531433, "HV": 0.5042035184533042}, "113": {"time": 477.66770195961, "HV": 0.5044829604976704}, "114": {"time": 481.2824356555939, "HV": 0.5048596518134981}, "115": {"time": 485.08925890922546, "HV": 0.5039308620379548}, "116": {"time": 488.93803453445435, "HV": 0.5044325692989441}, "117": {"time": 493.076322555542, "HV": 0.5036524904753525}, "118": {"time": 496.8079676628113, "HV": 0.5040950495393461}, "119": {"time": 501.2569942474365, "HV": 0.5040362190199263}, "120": {"time": 507.01739525794983, "HV": 0.5043480989078375}, "121": {"time": 510.8977165222168, "HV": 0.5047010260540037}, "122": {"time": 514.2495188713074, "HV": 0.5045046221561462}, "123": {"time": 518.1313369274139, "HV": 0.5044633530192122}, "124": {"time": 521.3606145381927, "HV": 0.5047179233436424}, "125": {"time": 524.5914633274078, "HV": 0.5041286639535778}, "126": {"time": 528.573812007904, "HV": 0.5044193397978342}, "127": {"time": 531.9942483901978, "HV": 0.504616998776223}, "128": {"time": 535.6623060703278, "HV": 0.5037044009607106}, "129": {"time": 540.8341555595398,