{"0": {"time": 7.009584426879883, "HV": 0.46514714987848954}, "1": {"time": 17.920482397079468, "HV": 0.4939941049238265}, "2": {"time": 27.035320281982422, "HV": 0.5305369670774944}, "3": {"time": 38.02441477775574, "HV": 0.5440847121167827}, "4": {"time": 53.38214635848999, "HV": 0.5527384669714093}, "5": {"time": 67.25346183776855, "HV": 0.5563640262267641}, "6": {"time": 79.53437447547913, "HV": 0.5607857485056164}, "7": {"time": 89.97077584266663, "HV": 0.569081488759974}, "8": {"time": 101.92514514923096, "HV": 0.5712757505028232}, "9": {"time": 113.72570419311523, "HV": 0.5746138547026548}, "10": {"time": 125.2653136253357, "HV": 0.5783426968625803}, "11": {"time": 136.87051582336426, "HV": 0.578905916478285}, "12": {"time": 148.04247879981995, "HV": 0.5823012407052396}, "13": {"time": 158.25755167007446, "HV": 0.5815232727164367}, "14": {"time": 168.2278172969818, "HV": 0.5841666607990696}, "15": {"time": 179.4040675163269, "HV": 0.5856406811848827}, "16": {"time": 191.0801486968994, "HV": 0.5877640603100176}, "17": {"time": 201.34164214134216, "HV": 0.588952933072311}, "18": {"time": 211.12112712860107, "HV": 0.5896355461359231}, "19": {"time": 221.17109417915344, "HV": 0.5918842349485975}, "20": {"time": 228.96317791938782, "HV": 0.5922779095555123}, "21": {"time": 238.3336443901062, "HV": 0.5943765103355206}, "22": {"time": 249.50856184959412, "HV": 0.5944408181114089}, "23": {"time": 259.39311027526855, "HV": 0.5944602371635257}, "24": {"time": 268.0772044658661, "HV": 0.5956067395231293}, "25": {"time": 277.9593780040741, "HV": 0.5959253240253632}, "26": {"time": 288.1173884868622, "HV": 0.5950426215272046}, "27": {"time": 297.4778778553009, "HV": 0.5953491967526761}, "28": {"time": 308.0611367225647, "HV": 0.5955395912877247}, "29": {"time": 316.8186948299408, "HV": 0.5961616519513122}, "30": {"time": 327.88901805877686, "HV": 0.5966668937513557}, "31": {"time": 338.64281368255615, "HV": 0.5970285652809513}, "32": {"time": 347.7017741203308, "HV": 0.597645385789294}, "33": {"time": 357.8516626358032, "HV": 0.5966475876872321}, "34": {"time": 367.74732732772827, "HV": 0.5952510064057809}, "35": {"time": 379.7038333415985, "HV": 0.5956495290177948}, "36": {"time": 390.4589967727661, "HV": 0.5969539075332895}, "37": {"time": 400.96736216545105, "HV": 0.5970661404460256}, "38": {"time": 411.840500831604, "HV": 0.5970240058376297}, "39": {"time": 423.1197786331177, "HV": 0.5976610864199307}, "40": {"time": 435.80342864990234, "HV": 0.5986668910172204}, "41": {"time": 445.2031559944153, "HV": 0.5992592209063212}, "42": {"time": 453.8852639198303, "HV": 0.5983604303441743}, "43": {"time": 464.3005783557892, "HV": 0.5990471866334945}, "44": {"time": 475.6338698863983, "HV": 0.599282527331759}, "45": {"time": 486.5155005455017, "HV": 0.5991726450100734}, "46": {"time": 497.75386476516724, "HV": 0.5986342682050627}, "47": {"time": 509.03744292259216, "HV": 0.5969726876775716}, "48": {"time": 518.2869629859924, "HV": 0.5990184060611188}, "49": {"time": 530.3179914951324, "HV": 0.5989120209835133}, "50": {"time": 541.0913391113281, "HV": 0.598455549872171}, "51": {"time": 550.2789578437805, "HV": 0.5985664023719988}, "52": {"time": 559.5453851222992, "HV": 0.5988577971003309}, "53": {"time": 572.245530128479, "HV": 0.5991000874628443}, "54": {"time": 582.7018625736237, "HV": 0.5989560575262924}, "55": {"time": 593.1360630989075, "HV": 0.5990768283775476}, "56": {"time": 604.2249848842621, "HV": 0.5995312873234815}, "57": {"time": 617.4147870540619, "HV": 0.5986451066120811}, "58": {"time": 628.3714771270752, "HV": 0.5984222100262051}, "59": {"time": 639.6461989879608, "HV": 0.599030397967679}, "60": {"time": 649.7899780273438, "HV": 0.5994718159699399}, "61": {"time": 663.287032365799, "HV": 0.5989134631428858}, "62": {"time": 673.3433821201324, "HV": 0.5998122209275843}, "63": {"time": 684.1910471916199, "HV": 0.6001127545660154}, "64": {"time": 693.3658442497253, "HV": 0.5995041584944454}, "65": {"time": 705.819993019104, "HV": 0.5992937123983088}, "66": {"time": 715.6708335876465, "HV": 0.600523384642239}, "67": {"time": 727.8959789276123, "HV": 0.600483449458532}, "68": {"time": 738.3828420639038, "HV": 0.5998604201540045}, "69": {"time": 749.3023037910461, "HV": 0.6004387245890259}, "70": {"time": 762.6737067699432, "HV": 0.6009796188130531}, "71": {"time": 772.584311246872, "HV": 0.6007131890785715}, "72": {"time": 784.1367642879486, "HV": 0.6007245639083596}, "73": {"time": 793.8094668388367, "HV": 0.600353378059962}, "74": {"time": 805.3243355751038, "HV": 0.6012292823209717}, "75": {"time": 816.8393306732178, "HV": 0.6009558410318206}, "76": {"time": 829.9792115688324, "HV": 0.6014786596880202}, "77": {"time": 840.3637092113495, "HV": 0.6007182189800513}, "78": {"time": 852.0246193408966, "HV": 0.601123655747857}, "79": {"time": 863.54478931427, "HV": 0.6001363422028785}, "80": {"time": 874.4382565021515, "HV": 0.6006677827657727}, "81": {"time": 887.0706834793091, "HV": 0.5988899816095082}, "82": {"time": 897.2928307056427, "HV": 0.5993412746113543}, "83": {"time": 908.0903623104095, "HV": 0.6004754957839825}}