{"0": {"time": 9.254730224609375, "HV": 0.49167603260467563}, "1": {"time": 36.73590898513794, "HV": 0.5122444211573008}, "2": {"time": 53.12034368515015, "HV": 0.5321234375123196}, "3": {"time": 71.37967848777771, "HV": 0.5391895220890323}, "4": {"time": 91.10390615463257, "HV": 0.5440988254161698}, "5": {"time": 108.61930131912231, "HV": 0.5526142653974295}, "6": {"time": 127.95016837120056, "HV": 0.5626518426744906}, "7": {"time": 148.61982917785645, "HV": 0.5659072293585801}, "8": {"time": 169.875305891037, "HV": 0.5694583710160859}, "9": {"time": 189.6775290966034, "HV": 0.5732207259916976}, "10": {"time": 211.56384682655334, "HV": 0.5749521997321674}, "11": {"time": 233.92987298965454, "HV": 0.5779520628566848}, "12": {"time": 255.61343097686768, "HV": 0.5812424021474866}, "13": {"time": 278.2850501537323, "HV": 0.5838450225223655}, "14": {"time": 298.9160592556, "HV": 0.5849389617413409}, "15": {"time": 322.05713963508606, "HV": 0.5872029796181113}, "16": {"time": 341.32197642326355, "HV": 0.5889134048984078}, "17": {"time": 359.5380849838257, "HV": 0.593152004330236}, "18": {"time": 383.21788787841797, "HV": 0.5949799468724276}, "19": {"time": 404.99021768569946, "HV": 0.599139223851228}, "20": {"time": 428.0670168399811, "HV": 0.6019130954151996}, "21": {"time": 451.84958577156067, "HV": 0.6049608421298761}, "22": {"time": 475.55321526527405, "HV": 0.6058105879843}, "23": {"time": 499.1187472343445, "HV": 0.6075226907115404}, "24": {"time": 519.2305886745453, "HV": 0.6085937983716283}, "25": {"time": 541.6342506408691, "HV": 0.6097243366467019}, "26": {"time": 564.09920835495, "HV": 0.6101108794789735}, "27": {"time": 585.9407670497894, "HV": 0.6100131248337219}, "28": {"time": 605.6013033390045, "HV": 0.6100765984532365}, "29": {"time": 627.0450546741486, "HV": 0.6106055252940219}, "30": {"time": 649.5106909275055, "HV": 0.6110503774429037}, "31": {"time": 671.4072020053864, "HV": 0.6113098078571974}, "32": {"time": 693.2856433391571, "HV": 0.6113058918706872}, "33": {"time": 716.863924741745, "HV": 0.611302515248674}, "34": {"time": 739.6964836120605, "HV": 0.6116281908288875}, "35": {"time": 762.1826674938202, "HV": 0.61178608529016}, "36": {"time": 785.0221056938171, "HV": 0.6126607716533927}, "37": {"time": 807.4120354652405, "HV": 0.6130568606490969}, "38": {"time": 829.159665107727, "HV": 0.6131035139157057}, "39": {"time": 850.7985565662384, "HV": 0.6138881868847686}, "40": {"time": 870.0741488933563, "HV": 0.61357859797193}, "41": {"time": 891.2615432739258, "HV": 0.615636456374197}, "42": {"time": 912.210499048233, "HV": 0.6167667327186228}, "43": {"time": 931.7521984577179, "HV": 0.6168781481775407}, "44": {"time": 952.8410310745239, "HV": 0.6174941912540344}, "45": {"time": 973.6237196922302, "HV": 0.6179069992046061}, "46": {"time": 995.8383882045746, "HV": 0.6180383785968075}, "47": {"time": 1020.921718120575, "HV": 0.6179963169971191}, "48": {"time": 1043.5813207626343, "HV": 0.6179393048699391}, "49": {"time": 1065.9508335590363, "HV": 0.6173478992615173}, "50": {"time": 1087.513568162918, "HV": 0.6177311853183473}}