{"0": {"time": 16.6757550239563, "HV": 0.30362231798463846}, "1": {"time": 59.00431680679321, "HV": 0.3201202421320586}, "2": {"time": 80.00900602340698, "HV": 0.3284417434124925}, "3": {"time": 98.53941130638123, "HV": 0.33114545326773}, "4": {"time": 115.99832844734192, "HV": 0.34241051463177574}}