{"0": {"time": 94.29856038093567, "HV": 0.19149791479533346}, "1": {"time": 190.1126310825348, "HV": 0.20761267841411535}, "2": {"time": 279.256165266037, "HV": 0.21350502890601591}, "3": {"time": 371.2848024368286, "HV": 0.22140636875421196}, "4": {"time": 462.72780871391296, "HV": 0.22185867284910343}, "5": {"time": 557.3885662555695, "HV": 0.22193588108287562}, "6": {"time": 651.8627631664276, "HV": 0.22357856661320105}, "7": {"time": 743.4496984481812, "HV": 0.22644063796039063}, "8": {"time": 837.3729708194733, "HV": 0.2265268054218387}, "9": {"time": 927.9315769672394, "HV": 0.2266567430950462}, "10": {"time": 1021.4974417686462, "HV": 0.22670186276411775}, "11": {"time": 1113.42494058609, "HV": 0.23072392586681018}, "12": {"time": 1205.1451380252838, "HV": 0.23083866678398368}}