{"0": {"time": 28.177082777023315, "HV": 0.3397448305701621}, "1": {"time": 102.01088309288025, "HV": 0.3469213049765686}, "2": {"time": 139.57775115966797, "HV": 0.35750989724129545}, "3": {"time": 177.93112325668335, "HV": 0.3613306627458156}, "4": {"time": 212.0246398448944, "HV": 0.36363074017088903}, "5": {"time": 254.89629530906677, "HV": 0.36599577743623185}, "6": {"time": 306.7633903026581, "HV": 0.36649366935111755}, "7": {"time": 358.1428916454315, "HV": 0.36830120971848557}, "8": {"time": 401.3038182258606, "HV": 0.3704937886464476}, "9": {"time": 440.58785605430603, "HV": 0.3720862966074324}, "10": {"time": 474.6054000854492, "HV": 0.3725069214374486}, "11": {"time": 517.6713421344757, "HV": 0.3727901467367942}, "12": {"time": 555.0491144657135, "HV": 0.3735461430796927}, "13": {"time": 590.3252005577087, "HV": 0.3739197819249462}, "14": {"time": 629.6765604019165, "HV": 0.37492089280948615}, "15": {"time": 670.0097048282623, "HV": 0.37589174926825586}, "16": {"time": 701.2031810283661, "HV": 0.3766844143056012}, "17": {"time": 738.4937536716461, "HV": 0.3775034433060312}, "18": {"time": 768.8341376781464, "HV": 0.3779834215475166}, "19": {"time": 807.3107779026031, "HV": 0.3783985588700244}, "20": {"time": 847.7058343887329, "HV": 0.3821436710717915}, "21": {"time": 882.3854608535767, "HV": 0.38247375916330045}, "22": {"time": 913.2516572475433, "HV": 0.39371383636050866}, "23": {"time": 948.6376514434814, "HV": 0.39396529223956356}, "24": {"time": 985.0119020938873, "HV": 0.39453803263109305}, "25": {"time": 1020.2250514030457, "HV": 0.3947656901193667}, "26": {"time": 1045.0963950157166, "HV": 0.3949843363611362}, "27": {"time": 1081.8100419044495, "HV": 0.3952635040300317}, "28": {"time": 1116.3579511642456, "HV": 0.39543434967135904}, "29": {"time": 1147.7573292255402, "HV": 0.3955396258654544}, "30": {"time": 1183.1920719146729, "HV": 0.39590786062047517}, "31": {"time": 1214.3834238052368, "HV": 0.3959142904766231}, "32": {"time": 1255.1922481060028, "HV": 0.3959594855050684}, "33": {"time": 1294.0272328853607, "HV": 0.3960450414012403}, "34": {"time": 1335.2444915771484, "HV": 0.3961335416027253}, "35": {"time": 1380.5051400661469, "HV": 0.3961604985883006}, "36": {"time": 1421.9750230312347, "HV": 0.3962431468713241}, "37": {"time": 1467.976178407669, "HV": 0.3962818514189611}, "38": {"time": 1507.667629957199, "HV": 0.39628099971595976}, "39": {"time": 1550.540734052658, "HV": 0.39628750112345845}, "40": {"time": 1585.711313009262, "HV": 0.39638329271241035}, "41": {"time": 1620.347609758377, "HV": 0.3978887392378793}, "42": {"time": 1651.416179895401, "HV": 0.39789974652065746}, "43": {"time": 1696.3000028133392, "HV": 0.39793213979720987}, "44": {"time": 1741.6324846744537, "HV": 0.39797630047442895}, "45": {"time": 1782.0998539924622, "HV": 0.39803257766351724}, "46": {"time": 1817.1125099658966, "HV": 0.39802262545001343}, "47": {"time": 1864.5563125610352, "HV": 0.3980936140073025}, "48": {"time": 1903.450343132019, "HV": 0.39810195439381146}, "49": {"time": 1940.8157665729523, "HV": 0.4116907807728152}, "50": {"time": 1976.2343997955322, "HV": 0.41168678570964884}}