{"0": {"time": 28.62159824371338, "HV": 0.3110299681509774}, "1": {"time": 56.62533259391785, "HV": 0.3302370663375225}, "2": {"time": 79.966472864151, "HV": 0.33281157866212496}, "3": {"time": 97.64865303039551, "HV": 0.33382780918927635}, "4": {"time": 115.14515614509583, "HV": 0.33445081086865114}, "5": {"time": 132.52560448646545, "HV": 0.33504902494589706}, "6": {"time": 149.83874607086182, "HV": 0.3360612358188749}, "7": {"time": 168.96269845962524, "HV": 0.33699782180299437}, "8": {"time": 187.02453994750977, "HV": 0.3371729072904859}, "9": {"time": 205.66409349441528, "HV": 0.3462584937106107}, "10": {"time": 223.62549090385437, "HV": 0.3464523565608177}, "11": {"time": 241.91999745368958, "HV": 0.34700537452548785}, "12": {"time": 259.6241104602814, "HV": 0.34832342811225314}, "13": {"time": 279.15117931365967, "HV": 0.3485823420825188}, "14": {"time": 298.358167886734, "HV": 0.34940167169813263}, "15": {"time": 318.2324917316437, "HV": 0.35015825309629534}, "16": {"time": 337.3828761577606, "HV": 0.35046510278861026}, "17": {"time": 356.32243490219116, "HV": 0.3508789077889053}, "18": {"time": 375.51238656044006, "HV": 0.3515461325168512}, "19": {"time": 394.74307775497437, "HV": 0.35198461609139203}, "20": {"time": 413.36597084999084, "HV": 0.3526127535184387}, "21": {"time": 432.1107528209686, "HV": 0.3528833600308669}, "22": {"time": 451.71272587776184, "HV": 0.35458687982238185}, "23": {"time": 469.8891978263855, "HV": 0.3546856307262572}, "24": {"time": 488.6465606689453, "HV": 0.3558980616935288}, "25": {"time": 506.71283650398254, "HV": 0.35603178780764627}, "26": {"time": 523.5002555847168, "HV": 0.35616575502394787}, "27": {"time": 542.9948098659515, "HV": 0.3565612273995704}, "28": {"time": 560.5446286201477, "HV": 0.3575637484048232}, "29": {"time": 578.7568264007568, "HV": 0.357823105156615}, "30": {"time": 598.9981184005737, "HV": 0.35802539308210607}}