{"0": {"time": 5.636598587036133, "HV": 0.5378831882440531}, "1": {"time": 13.614561319351196, "HV": 0.5512989822949368}, "2": {"time": 20.765472412109375, "HV": 0.566350046394333}, "3": {"time": 27.94585680961609, "HV": 0.5712509955160191}, "4": {"time": 34.89322781562805, "HV": 0.5733302969271841}, "5": {"time": 41.99863910675049, "HV": 0.5761584976774455}, "6": {"time": 49.433520793914795, "HV": 0.5798278039204088}, "7": {"time": 56.973344802856445, "HV": 0.583171268078303}, "8": {"time": 64.79172682762146, "HV": 0.5865997049481929}, "9": {"time": 72.38770484924316, "HV": 0.5876310977600288}, "10": {"time": 80.75690221786499, "HV": 0.5911832989997698}, "11": {"time": 88.81799411773682, "HV": 0.6033479976004633}, "12": {"time": 96.9183418750763, "HV": 0.6061112043363825}, "13": {"time": 104.96402168273926, "HV": 0.6068771241285416}, "14": {"time": 113.51959085464478, "HV": 0.6088750392436475}, "15": {"time": 121.43973112106323, "HV": 0.6105929870115173}, "16": {"time": 130.21136808395386, "HV": 0.6144402713010415}, "17": {"time": 137.93122696876526, "HV": 0.6165429401566065}, "18": {"time": 146.46250081062317, "HV": 0.6172615545766231}, "19": {"time": 155.73336267471313, "HV": 0.6182999776978961}, "20": {"time": 164.31125617027283, "HV": 0.6190780573240791}, "21": {"time": 172.86720371246338, "HV": 0.6196849386723675}, "22": {"time": 181.9321048259735, "HV": 0.6198516425921143}, "23": {"time": 191.01909971237183, "HV": 0.6203307545654031}, "24": {"time": 199.92358350753784, "HV": 0.6224119391400812}, "25": {"time": 208.6728892326355, "HV": 0.6230154320423602}, "26": {"time": 217.8494062423706, "HV": 0.6236099433407529}, "27": {"time": 226.7980661392212, "HV": 0.6248428345797779}, "28": {"time": 235.8809220790863, "HV": 0.6254701558499645}, "29": {"time": 244.75870323181152, "HV": 0.6260606959686756}, "30": {"time": 253.67867612838745, "HV": 0.6262513761859136}}