{"0": {"time": 16.142088890075684, "HV": 0.29872188214208933}, "1": {"time": 48.946353912353516, "HV": 0.30351792891543367}, "2": {"time": 68.62994575500488, "HV": 0.32472625886714246}, "3": {"time": 88.65853214263916, "HV": 0.32799234482019124}, "4": {"time": 107.32969117164612, "HV": 0.3313461899858886}, "5": {"time": 127.73117470741272, "HV": 0.33209303100051646}, "6": {"time": 148.76344919204712, "HV": 0.3324877862066422}, "7": {"time": 171.8979263305664, "HV": 0.33457261689551754}, "8": {"time": 196.3750307559967, "HV": 0.33509565972819055}, "9": {"time": 219.26295971870422, "HV": 0.33596146349558187}, "10": {"time": 242.6654498577118, "HV": 0.3375524513463348}, "11": {"time": 262.4242603778839, "HV": 0.33958934005005253}, "12": {"time": 287.17962098121643, "HV": 0.339737670648463}, "13": {"time": 307.42224526405334, "HV": 0.3402054468500651}, "14": {"time": 329.0243945121765, "HV": 0.3406855630409321}, "15": {"time": 350.1599192619324, "HV": 0.34091463984324316}, "16": {"time": 370.88126254081726, "HV": 0.3415214025466642}, "17": {"time": 400.5235049724579, "HV": 0.34192189875889445}, "18": {"time": 421.91595339775085, "HV": 0.3418743754262875}, "19": {"time": 443.74172592163086, "HV": 0.34229825528227675}, "20": {"time": 464.2344424724579, "HV": 0.34237703858277546}, "21": {"time": 487.04909682273865, "HV": 0.34247396475254405}, "22": {"time": 512.5368463993073, "HV": 0.3425096441851406}, "23": {"time": 533.842071056366, "HV": 0.3429642816809079}, "24": {"time": 556.6549394130707, "HV": 0.34319112150465036}, "25": {"time": 579.6894497871399, "HV": 0.34370612939907164}, "26": {"time": 601.5060517787933, "HV": 0.3480844848741308}, "27": {"time": 622.6762208938599, "HV": 0.35736385970333173}, "28": {"time": 645.3228995800018, "HV": 0.3574640150818734}, "29": {"time": 667.0774793624878, "HV": 0.3662904514094224}, "30": {"time": 687.4696750640869, "HV": 0.36641576815916466}, "31": {"time": 709.0926582813263, "HV": 0.3666534301250192}, "32": {"time": 728.4261522293091, "HV": 0.3668342438630483}, "33": {"time": 751.5182116031647, "HV": 0.36696959092832393}, "34": {"time": 775.3989515304565, "HV": 0.3669332146185977}, "35": {"time": 796.9544057846069, "HV": 0.36711458792234797}, "36": {"time": 818.7832617759705, "HV": 0.36781887330205026}, "37": {"time": 840.8180167675018, "HV": 0.36787143359095353}, "38": {"time": 860.1612017154694, "HV": 0.36809051390765607}, "39": {"time": 880.7612905502319, "HV": 0.36805899564833344}, "40": {"time": 900.9611296653748, "HV": 0.36810814799063435}}