{"0": {"time": 23.467352628707886, "HV": 0.2237630461368524}, "1": {"time": 49.147061586380005, "HV": 0.2389037345815403}, "2": {"time": 72.22725081443787, "HV": 0.2405572378317511}, "3": {"time": 96.09420585632324, "HV": 0.24416098329553765}, "4": {"time": 118.10567927360535, "HV": 0.24474124586357143}, "5": {"time": 142.18063306808472, "HV": 0.24514006179073877}, "6": {"time": 165.04504108428955, "HV": 0.24530191562412793}, "7": {"time": 188.70457315444946, "HV": 0.24549426252384265}, "8": {"time": 211.73304653167725, "HV": 0.24552491742008384}, "9": {"time": 236.47535371780396, "HV": 0.24557654387268385}, "10": {"time": 259.6370828151703, "HV": 0.24570828071025808}, "11": {"time": 281.447007894516, "HV": 0.24584616063593193}, "12": {"time": 303.5277569293976, "HV": 0.24588596087490577}, "13": {"time": 325.23087096214294, "HV": 0.2479362941532944}, "14": {"time": 348.2122919559479, "HV": 0.24802313553566702}, "15": {"time": 370.32874822616577, "HV": 0.24805879738453146}, "16": {"time": 392.41609930992126, "HV": 0.24806565314118956}, "17": {"time": 415.26589131355286, "HV": 0.24812027454176722}, "18": {"time": 437.3994565010071, "HV": 0.24823495521319072}, "19": {"time": 459.270201921463, "HV": 0.24827881899765236}, "20": {"time": 482.6737654209137, "HV": 0.2495816403535625}, "21": {"time": 507.7400588989258, "HV": 0.24962249759744443}, "22": {"time": 533.4955983161926, "HV": 0.2497006677545091}, "23": {"time": 556.6006934642792, "HV": 0.24977242330742172}, "24": {"time": 579.6460905075073, "HV": 0.24974525069762382}, "25": {"time": 603.8571312427521, "HV": 0.24988801940530508}, "26": {"time": 626.0099506378174, "HV": 0.24962061241395445}, "27": {"time": 650.3408217430115, "HV": 0.25010270351287234}, "28": {"time": 676.6297600269318, "HV": 0.2502534224959111}, "29": {"time": 699.2459373474121, "HV": 0.2501544697618218}, "30": {"time": 722.0061485767365, "HV": 0.25020952941940483}, "31": {"time": 745.036191701889, "HV": 0.2502933846335102}, "32": {"time": 771.0113472938538, "HV": 0.2503332657165692}, "33": {"time": 794.3820736408234, "HV": 0.25021707532201026}, "34": {"time": 817.4494605064392, "HV": 0.2502325143787809}, "35": {"time": 842.2819588184357, "HV": 0.2502636735698511}, "36": {"time": 865.8496611118317, "HV": 0.25022320674721193}, "37": {"time": 889.7815823554993, "HV": 0.24995847175018432}, "38": {"time": 914.3436696529388, "HV": 0.2500799261454958}, "39": {"time": 937.4952220916748, "HV": 0.2500939547033958}, "40": {"time": 962.0533797740936, "HV": 0.2500244411277649}, "41": {"time": 987.4988343715668, "HV": 0.2501416047777315}, "42": {"time": 1012.0772681236267, "HV": 0.25014346200557924}, "43": {"time": 1036.017503976822, "HV": 0.25009893960781243}, "44": {"time": 1060.0002987384796, "HV": 0.25016836665250924}, "45": {"time": 1083.990086555481, "HV": 0.25008189842032114}, "46": {"time": 1106.96883893013, "HV": 0.24994641921527735}, "47": {"time": 1131.6381254196167, "HV": 0.2501012201902247}, "48": {"time": 1155.8930351734161, "HV": 0.2500426858505274}, "49": {"time": 1178.7855508327484, "HV": 0.2501491909929097}, "50": {"time": 1203.1335110664368, "HV": 0.250050643470227}}