{"0": {"time": 7.252184629440308, "HV": 0.5245143958721761}, "1": {"time": 25.84890866279602, "HV": 0.545634490659433}, "2": {"time": 39.82612466812134, "HV": 0.5613810492545916}, "3": {"time": 56.47019863128662, "HV": 0.5683535436748137}, "4": {"time": 74.623051404953, "HV": 0.5755707812738833}, "5": {"time": 91.88059091567993, "HV": 0.5806452170757878}, "6": {"time": 107.05514216423035, "HV": 0.5836252856849113}, "7": {"time": 123.3601427078247, "HV": 0.5871645305570339}, "8": {"time": 139.3288176059723, "HV": 0.5902247613374819}, "9": {"time": 156.27710247039795, "HV": 0.5918268868527314}, "10": {"time": 172.66232085227966, "HV": 0.593787791633968}, "11": {"time": 192.1759979724884, "HV": 0.594860865273499}, "12": {"time": 209.52012467384338, "HV": 0.6023336178742865}, "13": {"time": 228.51001071929932, "HV": 0.6061922812879059}, "14": {"time": 247.28624653816223, "HV": 0.6084386780787442}, "15": {"time": 263.7175726890564, "HV": 0.6098427764372989}, "16": {"time": 279.85263085365295, "HV": 0.6109503032910495}, "17": {"time": 297.1605839729309, "HV": 0.6118839576424687}, "18": {"time": 313.66813135147095, "HV": 0.6143052281213783}, "19": {"time": 330.3151319026947, "HV": 0.6157634566860306}, "20": {"time": 344.82384395599365, "HV": 0.6159431743367151}, "21": {"time": 362.42454290390015, "HV": 0.6164892506137836}, "22": {"time": 382.13540744781494, "HV": 0.61756781940056}, "23": {"time": 398.84946298599243, "HV": 0.6183059600626385}, "24": {"time": 416.68454027175903, "HV": 0.6189573458465369}, "25": {"time": 432.23287081718445, "HV": 0.6194546747792204}, "26": {"time": 447.50003933906555, "HV": 0.6198722330884693}, "27": {"time": 462.52417373657227, "HV": 0.6209265260474367}, "28": {"time": 478.10001158714294, "HV": 0.6210927516145455}, "29": {"time": 496.0035729408264, "HV": 0.6206623072065064}, "30": {"time": 510.73840045928955, "HV": 0.622307491383263}, "31": {"time": 527.5097782611847, "HV": 0.6222154308492135}, "32": {"time": 543.5806844234467, "HV": 0.6231448796482357}, "33": {"time": 559.1016652584076, "HV": 0.6235151184434273}, "34": {"time": 575.32222032547, "HV": 0.6237055650223025}, "35": {"time": 589.5475766658783, "HV": 0.6240308625772428}, "36": {"time": 603.3020482063293, "HV": 0.6245842612103161}, "37": {"time": 619.9663844108582, "HV": 0.6245893084102427}, "38": {"time": 636.1232628822327, "HV": 0.6250486568441413}, "39": {"time": 654.4249475002289, "HV": 0.6253739741210309}, "40": {"time": 669.5688169002533, "HV": 0.6262906228461116}, "41": {"time": 686.851536989212, "HV": 0.6265033021511639}, "42": {"time": 704.921332359314, "HV": 0.6268653257940395}, "43": {"time": 721.0402777194977, "HV": 0.6270264487463912}, "44": {"time": 739.0029263496399, "HV": 0.6270524700625919}, "45": {"time": 757.4919099807739, "HV": 0.6275713560538494}, "46": {"time": 774.3476951122284, "HV": 0.626754959557092}, "47": {"time": 791.8681838512421, "HV": 0.6275803356395164}, "48": {"time": 810.258777141571, "HV": 0.627525147354465}, "49": {"time": 828.6743083000183, "HV": 0.6277781532329614}, "50": {"time": 844.3553950786591, "HV": 0.6278116521321646}}