{"0": {"time": 21.209737300872803, "HV": 0.2632753466807044}, "1": {"time": 42.99421691894531, "HV": 0.2655088974190191}, "2": {"time": 64.06427931785583, "HV": 0.26608998160815905}, "3": {"time": 85.52893948554993, "HV": 0.26671580533863726}, "4": {"time": 107.72961282730103, "HV": 0.26774787404405576}, "5": {"time": 130.0981957912445, "HV": 0.2679031180188442}, "6": {"time": 152.69968008995056, "HV": 0.2682994192866854}, "7": {"time": 174.01258754730225, "HV": 0.26910254038484505}, "8": {"time": 195.48681211471558, "HV": 0.2691882886335097}, "9": {"time": 218.60000276565552, "HV": 0.26923620422585964}, "10": {"time": 239.6098713874817, "HV": 0.2692884586850622}, "11": {"time": 260.08661794662476, "HV": 0.26940947886765015}, "12": {"time": 281.06492495536804, "HV": 0.2695767838283378}, "13": {"time": 300.7760624885559, "HV": 0.26970501047014206}, "14": {"time": 321.47999715805054, "HV": 0.2697541135879433}, "15": {"time": 341.7597932815552, "HV": 0.2697778237423361}, "16": {"time": 362.96088433265686, "HV": 0.26982872328799423}, "17": {"time": 382.589967250824, "HV": 0.26977770812856616}, "18": {"time": 402.8630521297455, "HV": 0.2697919185989516}, "19": {"time": 424.0899889469147, "HV": 0.2697995706235048}, "20": {"time": 444.854056596756, "HV": 0.26986132746919755}, "21": {"time": 465.5633010864258, "HV": 0.26984730016945996}, "22": {"time": 487.28634762763977, "HV": 0.26995608063461574}, "23": {"time": 507.77582454681396, "HV": 0.26991447143027286}, "24": {"time": 528.9858226776123, "HV": 0.2699625751834496}, "25": {"time": 549.7521240711212, "HV": 0.2700170408760051}, "26": {"time": 572.6979694366455, "HV": 0.2701422031509668}, "27": {"time": 593.4931869506836, "HV": 0.27012980316112134}, "28": {"time": 614.5472829341888, "HV": 0.27017352338422423}, "29": {"time": 636.3699109554291, "HV": 0.27019972290614624}, "30": {"time": 656.2302761077881, "HV": 0.2703540158343873}, "31": {"time": 678.0820908546448, "HV": 0.2703852997036191}, "32": {"time": 698.6141359806061, "HV": 0.27041923867065115}, "33": {"time": 719.0077891349792, "HV": 0.27038110629198736}, "34": {"time": 739.3366589546204, "HV": 0.2705202237889314}, "35": {"time": 760.2480022907257, "HV": 0.2705052798488709}, "36": {"time": 781.3117473125458, "HV": 0.2704925128854054}, "37": {"time": 802.547559261322, "HV": 0.27053429887174485}, "38": {"time": 824.5743205547333, "HV": 0.27055428131664605}, "39": {"time": 844.7529804706573, "HV": 0.2705607661349154}, "40": {"time": 865.9489295482635, "HV": 0.27049622263458734}, "41": {"time": 888.0614686012268, "HV": 0.27057301899447916}, "42": {"time": 909.3524799346924, "HV": 0.27061013368538284}, "43": {"time": 930.4969348907471, "HV": 0.27056483390771624}, "44": {"time": 951.7163980007172, "HV": 0.27068756337796085}, "45": {"time": 973.7908108234406, "HV": 0.27069488104858475}, "46": {"time": 994.2809820175171, "HV": 0.27076227266245134}, "47": {"time": 1016.189245223999, "HV": 0.27073189489146693}, "48": {"time": 1037.111125946045, "HV": 0.2707560298469558}, "49": {"time": 1058.6764233112335, "HV": 0.2707887011544454}, "50": {"time": 1081.0011320114136, "HV": 0.27081903705559857}}