{"0": {"time": 8.523597002029419, "HV": 0.4573987198814948}, "1": {"time": 32.27446413040161, "HV": 0.49524745110930996}, "2": {"time": 48.45064449310303, "HV": 0.5247177323001638}, "3": {"time": 67.05698347091675, "HV": 0.5361945914454358}, "4": {"time": 83.05340242385864, "HV": 0.5442780842939547}, "5": {"time": 102.16485142707825, "HV": 0.5486201366420007}, "6": {"time": 119.2160701751709, "HV": 0.5530194477900255}, "7": {"time": 136.19495940208435, "HV": 0.5584307408751525}, "8": {"time": 153.32675457000732, "HV": 0.5631563286793788}, "9": {"time": 169.2788906097412, "HV": 0.5657648077240859}, "10": {"time": 186.6752815246582, "HV": 0.5689840546561965}, "11": {"time": 202.43015313148499, "HV": 0.5720092673933547}, "12": {"time": 218.90051937103271, "HV": 0.574501676979096}, "13": {"time": 235.5671079158783, "HV": 0.5764362406877458}, "14": {"time": 249.80796813964844, "HV": 0.5778141925195206}, "15": {"time": 266.34108781814575, "HV": 0.5791031328463724}, "16": {"time": 283.54157042503357, "HV": 0.5804074326033493}, "17": {"time": 298.10127997398376, "HV": 0.5806882032419773}, "18": {"time": 313.17971873283386, "HV": 0.5817841826879255}, "19": {"time": 329.7548179626465, "HV": 0.582295852624368}, "20": {"time": 346.40607810020447, "HV": 0.5835967055735389}, "21": {"time": 361.2765393257141, "HV": 0.5841448066341638}, "22": {"time": 376.6475749015808, "HV": 0.5846496957094881}, "23": {"time": 392.8219804763794, "HV": 0.5854433125987651}, "24": {"time": 408.9594864845276, "HV": 0.5856993400741066}, "25": {"time": 424.6206512451172, "HV": 0.5857110711459143}, "26": {"time": 441.43822860717773, "HV": 0.5864521174357717}, "27": {"time": 457.41890025138855, "HV": 0.5863955175936202}, "28": {"time": 473.32930183410645, "HV": 0.5870220610840723}, "29": {"time": 490.25018072128296, "HV": 0.587673292379467}, "30": {"time": 506.46858167648315, "HV": 0.5863192718769885}, "31": {"time": 523.6017622947693, "HV": 0.5876065955412297}, "32": {"time": 542.7510929107666, "HV": 0.5877650015189368}, "33": {"time": 557.106796503067, "HV": 0.587486821544992}, "34": {"time": 574.1951775550842, "HV": 0.587750334450196}, "35": {"time": 591.0785858631134, "HV": 0.5881420473257793}, "36": {"time": 609.2375979423523, "HV": 0.5884630760502734}, "37": {"time": 626.5190300941467, "HV": 0.5885895507622178}, "38": {"time": 643.7181873321533, "HV": 0.5890605208894351}, "39": {"time": 658.642641544342, "HV": 0.5894722714292296}, "40": {"time": 676.8071372509003, "HV": 0.5890094226494208}, "41": {"time": 691.126718044281, "HV": 0.5895257400274906}, "42": {"time": 705.9258172512054, "HV": 0.589885915681682}, "43": {"time": 722.7964427471161, "HV": 0.5899951420066438}, "44": {"time": 740.311883687973, "HV": 0.5900187008932714}, "45": {"time": 755.9512493610382, "HV": 0.5901215386695998}, "46": {"time": 772.4832243919373, "HV": 0.5904555097448524}, "47": {"time": 788.9996588230133, "HV": 0.5910023139479408}, "48": {"time": 805.1329936981201, "HV": 0.5909324359408052}, "49": {"time": 822.4503881931305, "HV": 0.5910468248912969}, "50": {"time": 840.4304683208466, "HV": 0.5909036316950014}}