{"0": {"time": 5.408888816833496, "HV": 0.4908970354834865}, "1": {"time": 13.503073930740356, "HV": 0.5170240456187911}, "2": {"time": 18.62391972541809, "HV": 0.5292730135158411}, "3": {"time": 24.465496063232422, "HV": 0.5435199148007744}, "4": {"time": 31.16833519935608, "HV": 0.5503983388261862}, "5": {"time": 37.22844052314758, "HV": 0.5554014734434536}, "6": {"time": 46.39404225349426, "HV": 0.5616820209043072}, "7": {"time": 54.0530309677124, "HV": 0.5640345172777197}, "8": {"time": 61.00254774093628, "HV": 0.5731170728798436}, "9": {"time": 68.72602772712708, "HV": 0.5768455817779663}, "10": {"time": 76.06081914901733, "HV": 0.5798081504238216}, "11": {"time": 84.08673524856567, "HV": 0.5823570961622324}, "12": {"time": 91.47374939918518, "HV": 0.5838629776039886}, "13": {"time": 98.76840662956238, "HV": 0.5886785107008132}, "14": {"time": 106.95159983634949, "HV": 0.5897096997422303}, "15": {"time": 113.4147036075592, "HV": 0.5911968839503198}, "16": {"time": 121.57390117645264, "HV": 0.5928980712566588}, "17": {"time": 128.82070112228394, "HV": 0.5964067769862984}, "18": {"time": 134.73138689994812, "HV": 0.5989918306161717}, "19": {"time": 143.56723070144653, "HV": 0.5994160522902664}, "20": {"time": 150.92207551002502, "HV": 0.6016303514514567}, "21": {"time": 159.88320469856262, "HV": 0.6024278879998156}, "22": {"time": 168.45035576820374, "HV": 0.6020246069278342}, "23": {"time": 175.66008257865906, "HV": 0.6043319157361515}, "24": {"time": 183.8490035533905, "HV": 0.6037757745151309}, "25": {"time": 191.79628109931946, "HV": 0.60661395178708}, "26": {"time": 199.633553981781, "HV": 0.6068266742831304}, "27": {"time": 206.55351734161377, "HV": 0.6053378753933101}, "28": {"time": 214.5679566860199, "HV": 0.6071756629348347}, "29": {"time": 221.84434938430786, "HV": 0.6079119474482694}, "30": {"time": 229.29000854492188, "HV": 0.610236324673983}, "31": {"time": 237.35392308235168, "HV": 0.6092371862209622}, "32": {"time": 245.6510980129242, "HV": 0.6109377702460878}, "33": {"time": 251.95915269851685, "HV": 0.6109231673722635}, "34": {"time": 260.46063232421875, "HV": 0.6100959201029199}, "35": {"time": 268.2650089263916, "HV": 0.6120292170613455}, "36": {"time": 274.78715205192566, "HV": 0.6129025071061127}, "37": {"time": 282.29112553596497, "HV": 0.613565949166269}, "38": {"time": 289.57768177986145, "HV": 0.6139826792819465}, "39": {"time": 297.2903587818146, "HV": 0.6147183206344231}, "40": {"time": 304.4273397922516, "HV": 0.6140756833554124}, "41": {"time": 311.3748950958252, "HV": 0.6139713683217941}, "42": {"time": 319.6956686973572, "HV": 0.6133106647666074}, "43": {"time": 326.2727015018463, "HV": 0.6144661914376536}, "44": {"time": 333.27564907073975, "HV": 0.6148228362889282}, "45": {"time": 339.17072463035583, "HV": 0.6145513116000066}, "46": {"time": 346.623877286911, "HV": 0.615428062194523}, "47": {"time": 355.0143213272095, "HV": 0.6146605982994787}, "48": {"time": 361.72532320022583, "HV": 0.6145233504423321}, "49": {"time": 369.2493908405304, "HV": 0.6168780459593678}, "50": {"time": 378.5155327320099, "HV": 0.6180654493228468}, "51": {"time": 387.06862783432007, "HV": 0.6181197081970566}, "52": {"time": 394.0980887413025, "HV": 0.6182552727096015}, "53": {"time": 401.07332587242126, "HV": 0.6201930571426051}, "54": {"time": 408.50032448768616, "HV": 0.6201068412695272}, "55": {"time": 415.815012216568, "HV": 0.621117159972824}, "56": {"time": 425.0617780685425, "HV": 0.6207721955225988}, "57": {"time": 432.1492145061493, "HV": 0.6207703452340798}, "58": {"time": 438.20537972450256, "HV": 0.6215604697323746}, "59": {"time": 446.5672492980957, "HV": 0.6208956891302938}, "60": {"time": 454.64642429351807, "HV": 0.6228925962809772}, "61": {"time": 465.0288393497467, "HV": 0.6218484036556808}, "62": {"time": 472.4307324886322, "HV": 0.6227505616799217}, "63": {"time": 479.15111923217773, "HV": 0.6226113929156638}, "64": {"time": 485.58425116539, "HV": 0.622871594046702}, "65": {"time": 493.49964332580566, "HV": 0.6222073443872929}, "66": {"time": 503.1599922180176, "HV": 0.6241167645512505}, "67": {"time": 510.7122702598572, "HV": 0.6243522958025798}, "68": {"time": 518.8996095657349, "HV": 0.624643491743381}, "69": {"time": 526.4238486289978, "HV": 0.625016879459559}, "70": {"time": 533.6000375747681, "HV": 0.6246620528675273}, "71": {"time": 544.3055417537689, "HV": 0.624691712758276}, "72": {"time": 551.2065136432648, "HV": 0.6238376989574133}, "73": {"time": 559.0272378921509, "HV": 0.6242259416185222}, "74": {"time": 566.1493451595306, "HV": 0.6242693072739675}, "75": {"time": 574.037661075592, "HV": 0.624606484830548}, "76": {"time": 582.0405187606812, "HV": 0.626748867421654}, "77": {"time": 588.5231137275696, "HV": 0.6264972912102126}, "78": {"time": 598.438708782196, "HV": 0.628017906231474}, "79": {"time": 605.9669721126556, "HV": 0.6299790396368864}, "80": {"time": 612.7089288234711, "HV": 0.6301598258320464}, "81": {"time": 619.3128008842468, "HV": 0.6305081915317222}, "82": {"time": 626.3616654872894, "HV": 0.6315754998659918}, "83": {"time": 633.9804606437683, "HV": 0.6317770411686955}, "84": {"time": 641.9876914024353, "HV": 0.6330675693335084}, "85": {"time": 648.732382774353, "HV": 0.635057941724392}, "86": {"time": 658.439945936203, "HV": 0.6356550905599991}, "87": {"time": 665.7655870914459, "HV": 0.6362711754627975}, "88": {"time": 672.2636604309082, "HV": 0.6374170989477427}, "89": {"time": 679.1078152656555, "HV": 0.63828583981914}, "90": {"time": 686.4393050670624, "HV": 0.6375423761836595}, "91": {"time": 694.7217617034912, "HV": 0.6390554905426716}, "92": {"time": 701.8351154327393, "HV": 0.6386329980637323}, "93": {"time": 709.8175168037415, "HV": 0.6382479938371717}, "94": {"time": 716.4463140964508, "HV": 0.638955862868044}, "95": {"time": 723.483113527298, "HV": 0.6372670347344039}, "96": {"time": 730.9067692756653, "HV": 0.6369818382379088}, "97": {"time": 736.8236064910889, "HV": 0.6382301096141808}, "98": {"time": 745.3233797550201, "HV": 0.6405984060321129}, "99": {"time": 751.0952441692352, "HV": 0.6409085903013634}, "100": {"time": 756.6085741519928, "HV": 0.6422199267175375}, "101": {"time": 762.0855624675751, "HV": 0.6420413907483887}, "102": {"time": 767.33513712883, "HV": 0.6411639104479682}, "103": {"time": 772.8282155990601, "HV": 0.6417072670826989}, "104": {"time": 778.9267666339874, "HV": 0.6435905112057239}, "105": {"time": 785.368084192276, "HV": 0.6429393199929354}, "106": {"time": 791.9213049411774, "HV": 0.6424085970799421}, "107": {"time": 799.1318056583405, "HV": 0.6429234555737616}, "108": {"time": 806.5041146278381, "HV": 0.6438151224498443}, "109": {"time": 813.3654758930206, "HV": 0.6441243607468614}, "110": {"time": 818.2456514835358, "HV": 0.6440914875255024}, "111": {"time": 823.8103380203247, "HV": 0.644760110487431}, "112": {"time": 830.35076379776, "HV": 0.64476255361358}, "113": {"time": 840.1571750640869, "HV": 0.6440289791586408}, "114": {"time": 846.9494531154633, "HV": 0.6439365224613741}, "115": {"time": 853.1022891998291, "HV": 0.6430561509097856}, "116": {"time": 859.3907704353333, "HV": 0.6437471986455525}, "117": {"time": 865.4981098175049, "HV": 0.644588518261601}, "118": {"time": 871.8038828372955, "HV": 0.6440147796121901}, "119": {"time": 879.2341895103455, "HV": 0.6440403397795256}, "120": {"time": 885.6936950683594, "HV": 0.6441684107117686}, "121": {"time": 892.6932010650635, "HV": 0.6442536230152069}, "122": {"time": 899.579745054245, "HV": 0.645152063890322}, "123": {"time": 905.0823903083801, "HV": 0.6441634397048669}}