{"0": {"time": 17.22347402572632, "HV": 0.29291196410155934}, "1": {"time": 51.16966223716736, "HV": 0.33600966219194833}, "2": {"time": 70.20666790008545, "HV": 0.3448006345853202}, "3": {"time": 86.74151611328125, "HV": 0.35178502946496554}, "4": {"time": 107.64346957206726, "HV": 0.35682673769289175}, "5": {"time": 128.50971817970276, "HV": 0.3595195661003689}, "6": {"time": 147.4385221004486, "HV": 0.3617360399097442}, "7": {"time": 166.41608810424805, "HV": 0.362512513979601}, "8": {"time": 185.66805052757263, "HV": 0.36320544301048496}, "9": {"time": 204.20849609375, "HV": 0.36405143346719665}, "10": {"time": 221.20291566848755, "HV": 0.36444555426857805}, "11": {"time": 242.52636981010437, "HV": 0.3653270156609801}, "12": {"time": 260.03317165374756, "HV": 0.3653703328336763}, "13": {"time": 279.6836965084076, "HV": 0.3657677029808284}, "14": {"time": 296.3235890865326, "HV": 0.3661150075113131}, "15": {"time": 315.64151525497437, "HV": 0.36625979867396463}, "16": {"time": 334.27918124198914, "HV": 0.36808906089875193}, "17": {"time": 352.6108069419861, "HV": 0.3685125204788688}, "18": {"time": 371.2452549934387, "HV": 0.36849836480753956}, "19": {"time": 389.89592242240906, "HV": 0.36872555315687294}, "20": {"time": 408.36277747154236, "HV": 0.36908818217656175}, "21": {"time": 425.50341415405273, "HV": 0.369118012453095}, "22": {"time": 444.5452470779419, "HV": 0.3693888145354356}, "23": {"time": 462.46360969543457, "HV": 0.3698232843936603}, "24": {"time": 480.3976364135742, "HV": 0.3701023472609926}, "25": {"time": 500.2845003604889, "HV": 0.3705229002256546}, "26": {"time": 518.3417875766754, "HV": 0.3707900584429455}, "27": {"time": 537.3023583889008, "HV": 0.3709579826532437}, "28": {"time": 556.1296694278717, "HV": 0.37133017879212066}, "29": {"time": 572.9803586006165, "HV": 0.37154735886529666}, "30": {"time": 589.0215353965759, "HV": 0.3715028900497468}, "31": {"time": 605.0236766338348, "HV": 0.3784843350772649}, "32": {"time": 623.2676727771759, "HV": 0.37918986246419684}, "33": {"time": 643.9594171047211, "HV": 0.37947829186494486}, "34": {"time": 660.1785390377045, "HV": 0.39524051186729586}, "35": {"time": 678.4926640987396, "HV": 0.3955122036738512}, "36": {"time": 697.3832168579102, "HV": 0.39629181564320337}, "37": {"time": 715.3153297901154, "HV": 0.39655286129412726}, "38": {"time": 733.8643481731415, "HV": 0.39656696364007066}, "39": {"time": 750.464791059494, "HV": 0.39662507607805825}, "40": {"time": 767.3225045204163, "HV": 0.39685355220435914}, "41": {"time": 786.5978422164917, "HV": 0.39689393117444144}, "42": {"time": 805.3262391090393, "HV": 0.39686679915368106}, "43": {"time": 824.6892547607422, "HV": 0.3969246592112478}, "44": {"time": 842.0669448375702, "HV": 0.39704709361451823}, "45": {"time": 859.6619443893433, "HV": 0.3971758777705646}, "46": {"time": 878.8213710784912, "HV": 0.39721778143327025}, "47": {"time": 897.6133859157562, "HV": 0.3973014457997406}, "48": {"time": 914.5584604740143, "HV": 0.39735047944196955}}