{"0": {"time": 9.45234203338623, "HV": 0.442898263315155}, "1": {"time": 19.209731101989746, "HV": 0.4916287985704835}, "2": {"time": 27.695260286331177, "HV": 0.5114266295868681}, "3": {"time": 36.02790641784668, "HV": 0.5187935069522116}, "4": {"time": 44.635149240493774, "HV": 0.5217439976137869}, "5": {"time": 54.46086263656616, "HV": 0.5316601306604618}, "6": {"time": 64.25184845924377, "HV": 0.5378920259573596}, "7": {"time": 72.75664710998535, "HV": 0.5445852717699162}, "8": {"time": 82.43978071212769, "HV": 0.5482197284425832}, "9": {"time": 91.71789193153381, "HV": 0.5535918431271629}, "10": {"time": 101.57215642929077, "HV": 0.5553992520047863}, "11": {"time": 111.1740083694458, "HV": 0.5557273821020551}, "12": {"time": 120.29430437088013, "HV": 0.5644215440613913}, "13": {"time": 130.17532110214233, "HV": 0.5671738283088714}, "14": {"time": 138.98076510429382, "HV": 0.5696142814374064}, "15": {"time": 149.03153347969055, "HV": 0.571473595616288}, "16": {"time": 158.74924278259277, "HV": 0.5726499996928222}, "17": {"time": 168.23498725891113, "HV": 0.5735405782167152}, "18": {"time": 178.2590696811676, "HV": 0.5763021305481593}, "19": {"time": 188.78320932388306, "HV": 0.5772076465004837}, "20": {"time": 199.07235956192017, "HV": 0.5791181340871104}, "21": {"time": 208.98037767410278, "HV": 0.580050392729476}, "22": {"time": 219.53099608421326, "HV": 0.5824525510536434}, "23": {"time": 229.7237012386322, "HV": 0.5831570271571297}, "24": {"time": 239.87555289268494, "HV": 0.5836074146156612}, "25": {"time": 250.22679710388184, "HV": 0.5855179140838938}, "26": {"time": 261.5156729221344, "HV": 0.5863629940995357}, "27": {"time": 273.49083065986633, "HV": 0.5869713039908447}, "28": {"time": 283.5785686969757, "HV": 0.5877317177797156}, "29": {"time": 293.9895431995392, "HV": 0.5884717917072303}, "30": {"time": 304.5865430831909, "HV": 0.5900431780751791}}