{"0": {"time": 3.351238489151001, "HV": 0.41010324492574746}, "1": {"time": 8.595292091369629, "HV": 0.44482604713631474}, "2": {"time": 13.808773756027222, "HV": 0.4468880572294271}, "3": {"time": 19.448246717453003, "HV": 0.449066235068366}, "4": {"time": 24.671733856201172, "HV": 0.4509884373348509}, "5": {"time": 30.036729097366333, "HV": 0.45745615755718505}, "6": {"time": 36.04389023780823, "HV": 0.46771399638071787}, "7": {"time": 42.143659591674805, "HV": 0.46943377840389133}, "8": {"time": 47.793631076812744, "HV": 0.4729886904830149}, "9": {"time": 53.038498640060425, "HV": 0.4767144449897559}, "10": {"time": 58.969757318496704, "HV": 0.4784547520438396}, "11": {"time": 64.82454895973206, "HV": 0.4798568150563238}, "12": {"time": 70.86303281784058, "HV": 0.4818428733402463}, "13": {"time": 76.70012664794922, "HV": 0.48303626731293675}, "14": {"time": 82.68754720687866, "HV": 0.4852161969509932}, "15": {"time": 88.65586376190186, "HV": 0.48743654463842484}, "16": {"time": 95.16788339614868, "HV": 0.4877414712825978}, "17": {"time": 101.71430921554565, "HV": 0.4895353835041423}, "18": {"time": 107.84987211227417, "HV": 0.4924516380754527}, "19": {"time": 114.20020318031311, "HV": 0.49384123781519623}, "20": {"time": 121.03163433074951, "HV": 0.4950406867889801}, "21": {"time": 127.76204657554626, "HV": 0.496396141009602}, "22": {"time": 134.58319520950317, "HV": 0.4969349013308234}, "23": {"time": 141.225989818573, "HV": 0.49921059892281217}, "24": {"time": 147.1275315284729, "HV": 0.5003043369835575}, "25": {"time": 153.59663677215576, "HV": 0.5007758284465357}, "26": {"time": 160.40023112297058, "HV": 0.5012354460781014}, "27": {"time": 167.2595443725586, "HV": 0.5019848210501369}, "28": {"time": 173.59227752685547, "HV": 0.5035306408714499}, "29": {"time": 180.35059762001038, "HV": 0.5043166952763187}, "30": {"time": 186.76558089256287, "HV": 0.5047847226481785}}