{"0": {"time": 2.574537754058838, "HV": 0.3239151214865453}, "1": {"time": 10.183300256729126, "HV": 0.4063998733148443}, "2": {"time": 16.54714560508728, "HV": 0.42439753821411175}, "3": {"time": 23.294618606567383, "HV": 0.4349890727581113}, "4": {"time": 31.007627248764038, "HV": 0.4494758812732812}, "5": {"time": 38.85609459877014, "HV": 0.45751827437560844}, "6": {"time": 47.42477822303772, "HV": 0.4622904656384723}, "7": {"time": 55.09955072402954, "HV": 0.46813852423453306}, "8": {"time": 63.267889976501465, "HV": 0.46951652331608096}, "9": {"time": 71.22013401985168, "HV": 0.4770603579255858}, "10": {"time": 79.8573944568634, "HV": 0.4780474176501311}, "11": {"time": 87.20381164550781, "HV": 0.4810110320872356}, "12": {"time": 94.85653924942017, "HV": 0.48357556051991996}, "13": {"time": 102.66040253639221, "HV": 0.4866108126429959}, "14": {"time": 110.5131504535675, "HV": 0.4896222256641186}, "15": {"time": 118.83461999893188, "HV": 0.49039989941891754}, "16": {"time": 126.46277570724487, "HV": 0.4930480726087817}, "17": {"time": 134.7946331501007, "HV": 0.49405010668698734}, "18": {"time": 143.31981873512268, "HV": 0.49540964815549077}, "19": {"time": 151.87689852714539, "HV": 0.49756010640064846}, "20": {"time": 160.41707348823547, "HV": 0.49843765174107335}, "21": {"time": 169.13309931755066, "HV": 0.49949298692112726}, "22": {"time": 176.96984767913818, "HV": 0.5001024264610449}, "23": {"time": 185.99649930000305, "HV": 0.5013164855483633}, "24": {"time": 194.42364764213562, "HV": 0.5016321087731443}, "25": {"time": 203.0346245765686, "HV": 0.5031195992824313}, "26": {"time": 212.2966709136963, "HV": 0.5038586599334551}, "27": {"time": 220.25117993354797, "HV": 0.5044344696939065}, "28": {"time": 227.69365286827087, "HV": 0.5048370682535904}, "29": {"time": 236.58539175987244, "HV": 0.5053936618627614}, "30": {"time": 246.49377393722534, "HV": 0.5053240664900494}, "31": {"time": 255.10572028160095, "HV": 0.5056949620485509}, "32": {"time": 264.08256244659424, "HV": 0.5058280902565493}, "33": {"time": 272.20912528038025, "HV": 0.5061349465020413}, "34": {"time": 281.9174528121948, "HV": 0.5062335649837617}, "35": {"time": 290.79470801353455, "HV": 0.5060988026422417}, "36": {"time": 300.89031434059143, "HV": 0.5062202602544056}, "37": {"time": 309.35335755348206, "HV": 0.5064741478338571}, "38": {"time": 319.56764245033264, "HV": 0.5067510813752911}, "39": {"time": 327.9817419052124, "HV": 0.5075007758597649}, "40": {"time": 336.64341497421265, "HV": 0.5076763802370096}, "41": {"time": 345.61757349967957, "HV": 0.5081773346121278}, "42": {"time": 355.8741502761841, "HV": 0.5082394272735675}, "43": {"time": 365.1236162185669, "HV": 0.5085218361458836}, "44": {"time": 375.5894012451172, "HV": 0.5086448981191775}, "45": {"time": 383.16328954696655, "HV": 0.5087317016956732}, "46": {"time": 390.9665880203247, "HV": 0.5089071660602171}, "47": {"time": 400.5787787437439, "HV": 0.5085927412259241}, "48": {"time": 409.153813123703, "HV": 0.5088423482787476}, "49": {"time": 418.19838309288025, "HV": 0.5087150237354245}, "50": {"time": 426.33057618141174, "HV": 0.5088055884398615}}