{"0": {"time": 6.031857967376709, "HV": 0.5257347889692119}, "1": {"time": 21.892035722732544, "HV": 0.5550446330369235}, "2": {"time": 34.05955362319946, "HV": 0.5639027614313753}, "3": {"time": 44.38933730125427, "HV": 0.5738116993905322}, "4": {"time": 55.39916682243347, "HV": 0.5853603938867562}, "5": {"time": 68.7997133731842, "HV": 0.5948880799228808}, "6": {"time": 80.50450110435486, "HV": 0.6001058757649682}, "7": {"time": 92.92857146263123, "HV": 0.6076239291265458}, "8": {"time": 105.45353293418884, "HV": 0.6124073984007692}, "9": {"time": 117.2750244140625, "HV": 0.6197741080670602}, "10": {"time": 130.00663256645203, "HV": 0.6245038203910405}, "11": {"time": 143.28853964805603, "HV": 0.6264066763003435}, "12": {"time": 157.19090247154236, "HV": 0.6303837175137652}, "13": {"time": 168.20878767967224, "HV": 0.633095471976119}, "14": {"time": 181.32832980155945, "HV": 0.6352346282022138}, "15": {"time": 194.35444283485413, "HV": 0.6417780407073124}, "16": {"time": 206.62254190444946, "HV": 0.6466521527101202}, "17": {"time": 220.42699360847473, "HV": 0.6494017026362643}, "18": {"time": 231.09757041931152, "HV": 0.6519275055394326}, "19": {"time": 243.5200138092041, "HV": 0.6530408334985832}, "20": {"time": 255.48800921440125, "HV": 0.6547236610329135}, "21": {"time": 267.2862229347229, "HV": 0.6559190255613774}, "22": {"time": 279.16755509376526, "HV": 0.6562389886558428}, "23": {"time": 290.0851833820343, "HV": 0.6567711200885968}, "24": {"time": 301.30095887184143, "HV": 0.6569524083248199}, "25": {"time": 314.4521963596344, "HV": 0.6577818267537888}, "26": {"time": 327.6376929283142, "HV": 0.6574922656505132}, "27": {"time": 342.68401169776917, "HV": 0.6581917561694485}, "28": {"time": 354.81400775909424, "HV": 0.6586439019215653}, "29": {"time": 368.11144518852234, "HV": 0.6587134157837836}, "30": {"time": 379.88029527664185, "HV": 0.6588128377426017}, "31": {"time": 392.62694454193115, "HV": 0.6593494960693452}, "32": {"time": 403.949191570282, "HV": 0.6598935058809238}, "33": {"time": 415.70699071884155, "HV": 0.6601174106287215}, "34": {"time": 429.78965067863464, "HV": 0.6606574539962066}, "35": {"time": 440.745658159256, "HV": 0.6608336593505469}, "36": {"time": 452.79921650886536, "HV": 0.6615182910970904}, "37": {"time": 466.20634293556213, "HV": 0.6616034838439303}, "38": {"time": 480.44761061668396, "HV": 0.6618558294105723}, "39": {"time": 494.65479040145874, "HV": 0.6614650122822825}, "40": {"time": 507.9291615486145, "HV": 0.6617746688906931}, "41": {"time": 520.3556904792786, "HV": 0.6618847552638748}, "42": {"time": 532.9561951160431, "HV": 0.6620799012401896}, "43": {"time": 546.0023069381714, "HV": 0.6627585985852241}, "44": {"time": 558.3502657413483, "HV": 0.6634201698624203}, "45": {"time": 573.3939304351807, "HV": 0.663462456606719}, "46": {"time": 586.9229862689972, "HV": 0.6634504181325729}, "47": {"time": 599.4562494754791, "HV": 0.664005855220388}, "48": {"time": 612.9934256076813, "HV": 0.6641609431765092}, "49": {"time": 625.1393053531647, "HV": 0.6637823352603492}, "50": {"time": 638.0593211650848, "HV": 0.6641674767508526}}