{"0": {"time": 16.1212055683136, "HV": 0.30915572922329215}, "1": {"time": 48.18300437927246, "HV": 0.32745236331067806}, "2": {"time": 67.60006594657898, "HV": 0.32938027936628433}, "3": {"time": 88.5761227607727, "HV": 0.33365594557638206}, "4": {"time": 108.3886935710907, "HV": 0.34819724580229855}, "5": {"time": 127.32322931289673, "HV": 0.3609408678494401}, "6": {"time": 146.2520191669464, "HV": 0.36240154593224744}, "7": {"time": 167.50247883796692, "HV": 0.36547378066233427}, "8": {"time": 189.28620266914368, "HV": 0.3659163626130976}, "9": {"time": 212.34060525894165, "HV": 0.36756206884282516}, "10": {"time": 232.9462640285492, "HV": 0.3684524680465923}, "11": {"time": 251.38859033584595, "HV": 0.36866444975004187}, "12": {"time": 273.12861490249634, "HV": 0.36878915694455644}, "13": {"time": 293.28981018066406, "HV": 0.37039123646548544}, "14": {"time": 313.6003589630127, "HV": 0.3705673774876235}, "15": {"time": 331.5890076160431, "HV": 0.37120869980321136}, "16": {"time": 351.75715017318726, "HV": 0.37157706278681274}, "17": {"time": 370.80799102783203, "HV": 0.3716550783336485}, "18": {"time": 390.2399435043335, "HV": 0.38080230569878537}, "19": {"time": 409.38426065444946, "HV": 0.3815611969136403}, "20": {"time": 430.29601192474365, "HV": 0.38914929706924717}, "21": {"time": 449.7093665599823, "HV": 0.38992242806241284}, "22": {"time": 468.2044804096222, "HV": 0.3905674808626478}, "23": {"time": 487.38555431365967, "HV": 0.39079596788675325}, "24": {"time": 505.94553661346436, "HV": 0.4059179235765126}, "25": {"time": 524.2733256816864, "HV": 0.40592515755612973}, "26": {"time": 544.6761665344238, "HV": 0.40631636072291843}, "27": {"time": 563.3764119148254, "HV": 0.41562669318832385}, "28": {"time": 581.7212886810303, "HV": 0.4159143619491973}, "29": {"time": 598.3636894226074, "HV": 0.4160505121410062}, "30": {"time": 617.3984718322754, "HV": 0.4161161483136442}, "31": {"time": 634.2279658317566, "HV": 0.415998363137782}, "32": {"time": 651.2220325469971, "HV": 0.41628647342731395}, "33": {"time": 669.5043823719025, "HV": 0.41648886919121464}, "34": {"time": 687.3982722759247, "HV": 0.4165751833396144}, "35": {"time": 703.73872423172, "HV": 0.4167962007257948}, "36": {"time": 721.4712533950806, "HV": 0.416857197881778}, "37": {"time": 740.6136543750763, "HV": 0.4171182948114142}, "38": {"time": 757.9186825752258, "HV": 0.4171034851985423}, "39": {"time": 774.5429210662842, "HV": 0.4174415749011799}, "40": {"time": 795.4934885501862, "HV": 0.4175223290197457}, "41": {"time": 815.7698359489441, "HV": 0.4176947316775395}, "42": {"time": 833.4272408485413, "HV": 0.41770401609827035}, "43": {"time": 851.1364228725433, "HV": 0.41779928929818194}, "44": {"time": 870.3123159408569, "HV": 0.4179165932797931}, "45": {"time": 888.0056259632111, "HV": 0.4181138023696034}, "46": {"time": 908.0938246250153, "HV": 0.418122614641915}}