{"0": {"time": 5.113487482070923, "HV": 0.3789786984953496}, "1": {"time": 13.013963460922241, "HV": 0.3885856411038842}, "2": {"time": 19.722235202789307, "HV": 0.39865280684844095}, "3": {"time": 26.578426599502563, "HV": 0.4001884723930239}, "4": {"time": 33.05833458900452, "HV": 0.4031815933517138}, "5": {"time": 39.59976291656494, "HV": 0.40512609517180453}, "6": {"time": 45.928040742874146, "HV": 0.4078292711722051}, "7": {"time": 52.11252498626709, "HV": 0.41243400539210906}, "8": {"time": 58.35481905937195, "HV": 0.41297584516253105}, "9": {"time": 65.13405179977417, "HV": 0.41397087841626545}, "10": {"time": 71.9132468700409, "HV": 0.41460574771183745}, "11": {"time": 78.96951818466187, "HV": 0.41801602027971696}, "12": {"time": 86.14377927780151, "HV": 0.4200884110745866}, "13": {"time": 93.02655935287476, "HV": 0.42067034596674774}, "14": {"time": 99.94289565086365, "HV": 0.4211697840240725}, "15": {"time": 106.57413697242737, "HV": 0.4230068592698661}, "16": {"time": 114.12651777267456, "HV": 0.4294501448406357}, "17": {"time": 121.46066856384277, "HV": 0.43154742188623835}, "18": {"time": 129.55865025520325, "HV": 0.4382140909317487}, "19": {"time": 137.30645298957825, "HV": 0.4391151730905477}, "20": {"time": 145.69883608818054, "HV": 0.43971493866597294}, "21": {"time": 154.22363185882568, "HV": 0.4424158104880861}, "22": {"time": 162.35934114456177, "HV": 0.4435182459036344}, "23": {"time": 170.9020824432373, "HV": 0.4441635740979424}, "24": {"time": 178.9913763999939, "HV": 0.4446807560799777}, "25": {"time": 187.7430009841919, "HV": 0.44493534116839484}, "26": {"time": 197.1145293712616, "HV": 0.4451854435485914}, "27": {"time": 205.1282832622528, "HV": 0.44554823334131977}, "28": {"time": 213.41378355026245, "HV": 0.44607980389138624}, "29": {"time": 221.78020668029785, "HV": 0.4464308431909795}, "30": {"time": 229.23223423957825, "HV": 0.44644697684629003}}