{"0": {"time": 6.100781679153442, "HV": 0.2597250673475654}, "1": {"time": 17.95099425315857, "HV": 0.2729175829575626}, "2": {"time": 28.37529945373535, "HV": 0.2752408195942401}, "3": {"time": 39.853617906570435, "HV": 0.2774628261535272}, "4": {"time": 53.78273630142212, "HV": 0.2828212517951363}, "5": {"time": 68.59953474998474, "HV": 0.2836794338154}, "6": {"time": 81.40394353866577, "HV": 0.284274404832517}, "7": {"time": 96.41045331954956, "HV": 0.2858903285916807}, "8": {"time": 109.06833553314209, "HV": 0.2870381084607118}, "9": {"time": 121.91825008392334, "HV": 0.2880536018741334}, "10": {"time": 133.1555426120758, "HV": 0.2900972053719256}, "11": {"time": 144.62335991859436, "HV": 0.29261163484065816}, "12": {"time": 154.94202423095703, "HV": 0.2931471040227279}, "13": {"time": 166.51999354362488, "HV": 0.2939813719086132}, "14": {"time": 181.65950870513916, "HV": 0.2942972063853987}, "15": {"time": 194.522465467453, "HV": 0.29458573082373063}, "16": {"time": 207.55127716064453, "HV": 0.29671782377694267}, "17": {"time": 222.35277366638184, "HV": 0.2970964408747718}, "18": {"time": 235.78770852088928, "HV": 0.2972442927065803}, "19": {"time": 250.55213737487793, "HV": 0.2988212991720112}, "20": {"time": 265.5967791080475, "HV": 0.2990328383591003}, "21": {"time": 278.1151638031006, "HV": 0.29944737915401787}, "22": {"time": 288.0448489189148, "HV": 0.2995744108852948}, "23": {"time": 299.1679196357727, "HV": 0.29946451904365845}, "24": {"time": 308.9607334136963, "HV": 0.30013118893639523}, "25": {"time": 319.53805780410767, "HV": 0.3037544440353219}, "26": {"time": 329.6197819709778, "HV": 0.30382370483686577}, "27": {"time": 340.25330114364624, "HV": 0.3038603430172757}, "28": {"time": 351.3085517883301, "HV": 0.303837464137565}, "29": {"time": 362.0032720565796, "HV": 0.30379304077307867}, "30": {"time": 374.05922508239746, "HV": 0.303882414394836}, "31": {"time": 384.19450664520264, "HV": 0.30398550661028034}, "32": {"time": 395.34878301620483, "HV": 0.3039072891913131}, "33": {"time": 406.6173505783081, "HV": 0.30387630553329303}, "34": {"time": 417.0688910484314, "HV": 0.3039265819358865}, "35": {"time": 428.0915324687958, "HV": 0.30394823764623025}, "36": {"time": 438.5767595767975, "HV": 0.31693925363348924}, "37": {"time": 449.6838324069977, "HV": 0.31695774220307443}, "38": {"time": 459.63317918777466, "HV": 0.31701925529644415}, "39": {"time": 470.84653759002686, "HV": 0.3169572939226061}, "40": {"time": 480.2186245918274, "HV": 0.31708565342112865}, "41": {"time": 492.24227380752563, "HV": 0.3170022841435036}, "42": {"time": 502.9996304512024, "HV": 0.31700814922454446}, "43": {"time": 513.3546845912933, "HV": 0.31703074922012414}, "44": {"time": 524.0757019519806, "HV": 0.31731230301722757}, "45": {"time": 535.188628911972, "HV": 0.31723647754210793}, "46": {"time": 546.7705824375153, "HV": 0.31712988101033573}, "47": {"time": 557.8174042701721, "HV": 0.31727753368968664}, "48": {"time": 567.9933319091797, "HV": 0.31727577388063266}, "49": {"time": 578.6203989982605, "HV": 0.31738772623547845}, "50": {"time": 589.0828878879547, "HV": 0.31729927526205726}, "51": {"time": 600.9093053340912, "HV": 0.3173503051655382}, "52": {"time": 611.2818033695221, "HV": 0.31740184302867175}, "53": {"time": 621.2295658588409, "HV": 0.31742115715512104}, "54": {"time": 633.3617177009583, "HV": 0.3172594940041451}, "55": {"time": 644.1032066345215, "HV": 0.3173801059719917}, "56": {"time": 654.5978472232819, "HV": 0.3174292812780344}, "57": {"time": 665.2659587860107, "HV": 0.3174438026562833}, "58": {"time": 675.4653017520905, "HV": 0.3174306392617389}, "59": {"time": 688.3335802555084, "HV": 0.31732185320186296}, "60": {"time": 698.7252581119537, "HV": 0.31744338325514243}, "61": {"time": 710.8143994808197, "HV": 0.31742620603278915}, "62": {"time": 723.7050681114197, "HV": 0.3174708563368978}, "63": {"time": 734.9587788581848, "HV": 0.31748120120399875}, "64": {"time": 746.655112028122, "HV": 0.31743173212298925}, "65": {"time": 760.9554905891418, "HV": 0.3174768015820246}, "66": {"time": 772.1255922317505, "HV": 0.3175129486689757}, "67": {"time": 784.4772779941559, "HV": 0.3174959344749382}, "68": {"time": 795.4732511043549, "HV": 0.3175571996631293}, "69": {"time": 805.7635774612427, "HV": 0.31756627456072983}, "70": {"time": 817.0819621086121, "HV": 0.31757754794264975}, "71": {"time": 828.3288559913635, "HV": 0.3175556182762259}, "72": {"time": 842.6719419956207, "HV": 0.3175912578829128}, "73": {"time": 855.4352114200592, "HV": 0.3176430312108436}, "74": {"time": 868.2504777908325, "HV": 0.3176844336572737}, "75": {"time": 882.3700182437897, "HV": 0.3177080769769841}, "76": {"time": 896.8147203922272, "HV": 0.3177124689090299}, "77": {"time": 908.2860953807831, "HV": 0.3175964766809399}}