{"0": {"time": 22.39287757873535, "HV": 0.4757491541726435}, "1": {"time": 40.2878155708313, "HV": 0.48550920671040587}, "2": {"time": 50.0375497341156, "HV": 0.4965998258548764}, "3": {"time": 58.14237999916077, "HV": 0.5079693169443804}, "4": {"time": 64.51739978790283, "HV": 0.5167559793351129}, "5": {"time": 74.1455295085907, "HV": 0.519091176379343}, "6": {"time": 85.35442042350769, "HV": 0.5313968060829903}, "7": {"time": 96.33166456222534, "HV": 0.5373488376304517}, "8": {"time": 107.77354788780212, "HV": 0.5458487704127193}, "9": {"time": 118.62437844276428, "HV": 0.5480637637786387}, "10": {"time": 130.53073525428772, "HV": 0.5516124557642181}, "11": {"time": 142.15576243400574, "HV": 0.5514987140046663}, "12": {"time": 153.78554463386536, "HV": 0.5523735554320462}, "13": {"time": 166.0552635192871, "HV": 0.5537629877297332}, "14": {"time": 178.1360890865326, "HV": 0.5547997404146138}, "15": {"time": 191.5886037349701, "HV": 0.5554160801370948}, "16": {"time": 203.85443949699402, "HV": 0.5563445942448279}, "17": {"time": 216.87078166007996, "HV": 0.5567681920898541}, "18": {"time": 230.55432748794556, "HV": 0.5604687708381727}, "19": {"time": 243.00574159622192, "HV": 0.5613179322963184}, "20": {"time": 255.56815814971924, "HV": 0.5619000595675354}}