{"0": {"time": 5.368663549423218, "HV": 0.49853899964901394}, "1": {"time": 14.171038627624512, "HV": 0.5265577761285825}, "2": {"time": 23.174033403396606, "HV": 0.5409684931828871}, "3": {"time": 32.32407093048096, "HV": 0.5544408309819386}, "4": {"time": 42.53824996948242, "HV": 0.5622825059687369}, "5": {"time": 53.208983182907104, "HV": 0.5681229126784433}, "6": {"time": 63.44667458534241, "HV": 0.569650325809026}, "7": {"time": 74.23446345329285, "HV": 0.5761062741191615}, "8": {"time": 85.4987370967865, "HV": 0.5796509796033955}, "9": {"time": 96.77253746986389, "HV": 0.5840322214933683}, "10": {"time": 108.39379811286926, "HV": 0.5875089101280834}}