{"0": {"time": 10.79836630821228, "HV": 0.272578670480409}, "1": {"time": 23.818157196044922, "HV": 0.2747101556930161}, "2": {"time": 35.494277477264404, "HV": 0.2792491275142324}, "3": {"time": 45.42450308799744, "HV": 0.279692356125882}, "4": {"time": 54.38937258720398, "HV": 0.28062298675974817}, "5": {"time": 63.64552569389343, "HV": 0.2857786744498277}, "6": {"time": 73.7913408279419, "HV": 0.2866398978247833}, "7": {"time": 83.45709943771362, "HV": 0.28967699457785906}, "8": {"time": 92.80547308921814, "HV": 0.29476658303018977}, "9": {"time": 102.56225538253784, "HV": 0.2953078226025667}, "10": {"time": 112.15153121948242, "HV": 0.29605657934644464}, "11": {"time": 122.29429697990417, "HV": 0.2961296565441505}, "12": {"time": 132.1808180809021, "HV": 0.2982954844569576}, "13": {"time": 142.08661031723022, "HV": 0.29925761410002755}, "14": {"time": 152.12322211265564, "HV": 0.29926118346905684}, "15": {"time": 162.04233384132385, "HV": 0.30055988434522807}, "16": {"time": 171.83991622924805, "HV": 0.3045632479475596}, "17": {"time": 182.3188226222992, "HV": 0.3052567413900013}, "18": {"time": 192.83626890182495, "HV": 0.3053438946882861}, "19": {"time": 203.11427807807922, "HV": 0.30560021417323413}, "20": {"time": 214.82748579978943, "HV": 0.3058802877062302}, "21": {"time": 225.78407764434814, "HV": 0.306122662328434}, "22": {"time": 236.2712025642395, "HV": 0.30650378887436613}, "23": {"time": 246.58654356002808, "HV": 0.3065385982124212}, "24": {"time": 256.8860926628113, "HV": 0.30662261690098597}, "25": {"time": 267.80865573883057, "HV": 0.306811317995332}, "26": {"time": 278.6686704158783, "HV": 0.30697535691577416}, "27": {"time": 289.951313495636, "HV": 0.30701342373157736}, "28": {"time": 300.30388736724854, "HV": 0.307059570385973}, "29": {"time": 311.2123930454254, "HV": 0.3071371858092993}, "30": {"time": 322.3636555671692, "HV": 0.30717092770713483}}