{"0": {"time": 28.634029865264893, "HV": 0.34059952256203174}, "1": {"time": 108.95293188095093, "HV": 0.3449480235364931}, "2": {"time": 155.9472062587738, "HV": 0.3641252314971325}, "3": {"time": 199.32651472091675, "HV": 0.3702724312658928}, "4": {"time": 238.53715348243713, "HV": 0.3744822193433498}, "5": {"time": 290.41055059432983, "HV": 0.37733128417122985}, "6": {"time": 335.74845838546753, "HV": 0.3781336753050617}, "7": {"time": 379.9414882659912, "HV": 0.3798105109846447}, "8": {"time": 427.73109793663025, "HV": 0.3803186842349713}, "9": {"time": 474.6199860572815, "HV": 0.38083904985014094}, "10": {"time": 521.549243927002, "HV": 0.3811505192897976}, "11": {"time": 561.8876955509186, "HV": 0.38172363961316924}, "12": {"time": 608.8252806663513, "HV": 0.38197234497344845}, "13": {"time": 648.4294693470001, "HV": 0.3823633814495664}, "14": {"time": 687.7671239376068, "HV": 0.38300635243417486}, "15": {"time": 727.2659106254578, "HV": 0.38347438473376094}, "16": {"time": 765.3035118579865, "HV": 0.3841832714292418}, "17": {"time": 804.3702244758606, "HV": 0.38451864848934064}, "18": {"time": 841.1667606830597, "HV": 0.3857556165185621}, "19": {"time": 875.8189809322357, "HV": 0.3868646701796094}, "20": {"time": 908.7242748737335, "HV": 0.3877304043450832}, "21": {"time": 941.4863996505737, "HV": 0.3881237858138225}, "22": {"time": 974.2140762805939, "HV": 0.39154240425483866}, "23": {"time": 1010.5237593650818, "HV": 0.3917435794862494}, "24": {"time": 1048.8021411895752, "HV": 0.3922210210546322}, "25": {"time": 1087.7670872211456, "HV": 0.3926430782086347}, "26": {"time": 1124.7107248306274, "HV": 0.39276570762724017}, "27": {"time": 1161.6056067943573, "HV": 0.39323472130707926}, "28": {"time": 1194.0161483287811, "HV": 0.39350089817703937}, "29": {"time": 1232.422441482544, "HV": 0.3938222538254471}, "30": {"time": 1266.719833612442, "HV": 0.3941841617049536}, "31": {"time": 1294.0303511619568, "HV": 0.3943133889504728}, "32": {"time": 1329.8208167552948, "HV": 0.3945031441513136}, "33": {"time": 1363.9483058452606, "HV": 0.3945523566935575}, "34": {"time": 1397.1971035003662, "HV": 0.3946051190584123}, "35": {"time": 1425.9945485591888, "HV": 0.3948702209720014}, "36": {"time": 1462.8483984470367, "HV": 0.39494517778513594}, "37": {"time": 1495.072546005249, "HV": 0.39501729496572574}, "38": {"time": 1527.9918024539948, "HV": 0.3952546214200126}, "39": {"time": 1563.1597127914429, "HV": 0.3956455750921158}, "40": {"time": 1596.1453068256378, "HV": 0.3960187636311103}, "41": {"time": 1629.597328901291, "HV": 0.39619002831827427}, "42": {"time": 1661.7389767169952, "HV": 0.39631413814564614}, "43": {"time": 1693.1527452468872, "HV": 0.3963434952113269}, "44": {"time": 1731.2226366996765, "HV": 0.3965141539224054}, "45": {"time": 1759.487060546875, "HV": 0.3965242139306766}, "46": {"time": 1791.4860095977783, "HV": 0.39655737628123383}, "47": {"time": 1824.65700507164, "HV": 0.39675123138862267}, "48": {"time": 1860.9048528671265, "HV": 0.3967673459672154}, "49": {"time": 1893.3737752437592, "HV": 0.3967823853239266}, "50": {"time": 1924.2462682724, "HV": 0.39680964102604094}}