{"0": {"time": 5.268820285797119, "HV": 0.38957151472678664}, "1": {"time": 20.900227308273315, "HV": 0.40584091121775}, "2": {"time": 31.005276679992676, "HV": 0.41453220555463366}, "3": {"time": 41.1237154006958, "HV": 0.4177346822314736}, "4": {"time": 51.1317253112793, "HV": 0.42169531868527066}, "5": {"time": 61.70456576347351, "HV": 0.4260881922529962}, "6": {"time": 72.89511442184448, "HV": 0.43156641860667055}, "7": {"time": 85.02840328216553, "HV": 0.4359502318454237}, "8": {"time": 97.53154921531677, "HV": 0.44017138963510455}, "9": {"time": 110.68774509429932, "HV": 0.4456808751586627}, "10": {"time": 122.72122359275818, "HV": 0.44730126515233226}, "11": {"time": 136.28775691986084, "HV": 0.45009201065084165}, "12": {"time": 148.06467413902283, "HV": 0.451565743626578}, "13": {"time": 161.37110114097595, "HV": 0.4534865475594159}, "14": {"time": 176.18685460090637, "HV": 0.4540606795019351}, "15": {"time": 190.29875802993774, "HV": 0.4551981283085639}, "16": {"time": 203.52771162986755, "HV": 0.4555861872205076}, "17": {"time": 216.174476146698, "HV": 0.4560995652706227}, "18": {"time": 228.52581787109375, "HV": 0.45691280358085695}, "19": {"time": 241.6010982990265, "HV": 0.45741298793433033}, "20": {"time": 255.65845346450806, "HV": 0.45781361060975134}, "21": {"time": 268.1678116321564, "HV": 0.4579289928470368}, "22": {"time": 279.94541454315186, "HV": 0.45830919153567}, "23": {"time": 294.7349200248718, "HV": 0.45889472647299884}, "24": {"time": 307.62614703178406, "HV": 0.4591704364193002}, "25": {"time": 321.4296748638153, "HV": 0.459728535327752}, "26": {"time": 335.27299070358276, "HV": 0.4595256464447184}, "27": {"time": 347.7154655456543, "HV": 0.4599992850873025}, "28": {"time": 361.876092672348, "HV": 0.46054357053256073}, "29": {"time": 375.5707325935364, "HV": 0.4607455712255266}, "30": {"time": 388.15831422805786, "HV": 0.4610536912294251}, "31": {"time": 401.7124218940735, "HV": 0.4613724895000188}, "32": {"time": 414.6455624103546, "HV": 0.46283402477521685}, "33": {"time": 427.6849615573883, "HV": 0.4632226586240962}, "34": {"time": 441.8489830493927, "HV": 0.4634125230727839}, "35": {"time": 454.62435603141785, "HV": 0.46355395539044253}, "36": {"time": 468.180468082428, "HV": 0.46358338494399853}, "37": {"time": 480.3077161312103, "HV": 0.463920772883309}, "38": {"time": 491.53900361061096, "HV": 0.4637402452796455}, "39": {"time": 503.40128469467163, "HV": 0.46399659603393806}, "40": {"time": 515.3015248775482, "HV": 0.4639478600021917}, "41": {"time": 528.8351678848267, "HV": 0.4641215838255234}, "42": {"time": 542.3277013301849, "HV": 0.46459147994054617}, "43": {"time": 554.2595546245575, "HV": 0.4645437889496913}, "44": {"time": 567.3418378829956, "HV": 0.4646068128061136}, "45": {"time": 581.8528819084167, "HV": 0.4664749551169355}, "46": {"time": 593.7901577949524, "HV": 0.4662928759389191}, "47": {"time": 609.9578020572662, "HV": 0.46643747644660366}, "48": {"time": 623.5660133361816, "HV": 0.466913497167757}, "49": {"time": 637.2629654407501, "HV": 0.46676461440184824}, "50": {"time": 650.9296505451202, "HV": 0.46708797687269543}}