{"0": {"time": 6.817500114440918, "HV": 0.5361573758192597}, "1": {"time": 15.228254795074463, "HV": 0.5426741961581308}, "2": {"time": 23.589786052703857, "HV": 0.5465742011860606}, "3": {"time": 30.80531883239746, "HV": 0.5557032465403254}, "4": {"time": 37.3486213684082, "HV": 0.5686309388020504}, "5": {"time": 44.391181230545044, "HV": 0.5738710473612398}, "6": {"time": 52.04791855812073, "HV": 0.5839526368856671}, "7": {"time": 59.95568323135376, "HV": 0.5936991127689267}, "8": {"time": 67.78935146331787, "HV": 0.5951630147137755}, "9": {"time": 75.33587670326233, "HV": 0.6020863813965436}, "10": {"time": 82.90935111045837, "HV": 0.6047970025414418}, "11": {"time": 90.2242066860199, "HV": 0.6062482554984311}, "12": {"time": 98.32717990875244, "HV": 0.607654371085696}, "13": {"time": 106.68407964706421, "HV": 0.6108603705585495}, "14": {"time": 115.3957211971283, "HV": 0.6121551247973434}, "15": {"time": 123.34861183166504, "HV": 0.6142298588283392}, "16": {"time": 132.9114282131195, "HV": 0.6150825237427283}, "17": {"time": 141.30365562438965, "HV": 0.617917350416258}, "18": {"time": 149.23533153533936, "HV": 0.6222231994373818}, "19": {"time": 157.46967697143555, "HV": 0.625071560454155}, "20": {"time": 165.26954698562622, "HV": 0.6255442647229128}, "21": {"time": 173.55440473556519, "HV": 0.6264203692285231}, "22": {"time": 182.45730137825012, "HV": 0.627892931352209}, "23": {"time": 191.26600456237793, "HV": 0.6281142196104038}, "24": {"time": 199.94539046287537, "HV": 0.6291361555403149}, "25": {"time": 208.29862689971924, "HV": 0.6295260443707211}, "26": {"time": 217.35193061828613, "HV": 0.6302262748990233}, "27": {"time": 225.80730390548706, "HV": 0.6305121130702538}, "28": {"time": 234.9311625957489, "HV": 0.6309886653896675}, "29": {"time": 243.0466320514679, "HV": 0.6317759310644541}, "30": {"time": 251.70901894569397, "HV": 0.6320177980892753}}