{"0": {"time": 4.45380163192749, "HV": 0.502675669651737}, "1": {"time": 11.84586477279663, "HV": 0.5518962474245654}, "2": {"time": 18.26617670059204, "HV": 0.5631714388532928}, "3": {"time": 24.443451404571533, "HV": 0.5818477034484004}, "4": {"time": 29.746944189071655, "HV": 0.5944714981769477}, "5": {"time": 36.167680978775024, "HV": 0.606582098422403}, "6": {"time": 43.0032114982605, "HV": 0.6134656911319828}, "7": {"time": 48.79951453208923, "HV": 0.6148697506532064}, "8": {"time": 55.42230296134949, "HV": 0.6185073849457202}, "9": {"time": 61.10848259925842, "HV": 0.6214481602501417}, "10": {"time": 67.548259973526, "HV": 0.6255590735697023}}