{"0": {"time": 3.6672873497009277, "HV": 0.32577713853320805}, "1": {"time": 7.9623048305511475, "HV": 0.3621765893870874}, "2": {"time": 11.879314184188843, "HV": 0.3920426260956945}, "3": {"time": 16.05073618888855, "HV": 0.39599958884557274}, "4": {"time": 20.09863042831421, "HV": 0.3997637409097425}, "5": {"time": 24.516137838363647, "HV": 0.4038621700985996}, "6": {"time": 28.908881187438965, "HV": 0.4097976516353238}, "7": {"time": 33.53237199783325, "HV": 0.41777694952462124}, "8": {"time": 38.17829608917236, "HV": 0.4198039607992073}, "9": {"time": 42.69061899185181, "HV": 0.4251256338211883}, "10": {"time": 47.30343532562256, "HV": 0.4272298223334115}, "11": {"time": 51.70207095146179, "HV": 0.42869295852272515}, "12": {"time": 55.71274542808533, "HV": 0.43105321961475457}, "13": {"time": 60.139259338378906, "HV": 0.43268002033739394}, "14": {"time": 64.31511878967285, "HV": 0.43439671236201405}, "15": {"time": 69.48853278160095, "HV": 0.4356850953608428}, "16": {"time": 73.83592319488525, "HV": 0.43545871867858066}, "17": {"time": 79.25021839141846, "HV": 0.4362875087434351}, "18": {"time": 84.8784875869751, "HV": 0.43756115168988524}, "19": {"time": 89.87418413162231, "HV": 0.44216457313485785}, "20": {"time": 94.51675534248352, "HV": 0.4424855796847313}, "21": {"time": 99.79264307022095, "HV": 0.44276494601330796}, "22": {"time": 104.25134515762329, "HV": 0.443686552860342}, "23": {"time": 109.11554670333862, "HV": 0.4430232403970662}, "24": {"time": 114.31739497184753, "HV": 0.44419186732634286}, "25": {"time": 119.01996564865112, "HV": 0.4478768424845751}, "26": {"time": 124.52780151367188, "HV": 0.4473544325283533}, "27": {"time": 129.15260076522827, "HV": 0.4473767575952019}, "28": {"time": 133.4605748653412, "HV": 0.44750706204026536}, "29": {"time": 138.03108644485474, "HV": 0.4483044812479446}, "30": {"time": 144.47277641296387, "HV": 0.44829233852520245}, "31": {"time": 148.8915514945984, "HV": 0.4478607471401765}, "32": {"time": 153.86637568473816, "HV": 0.4483433177992183}, "33": {"time": 159.35405588150024, "HV": 0.44854903173118754}, "34": {"time": 164.98853039741516, "HV": 0.4484477655239042}, "35": {"time": 169.65369367599487, "HV": 0.44912381315602456}, "36": {"time": 174.31579899787903, "HV": 0.4491973406557104}, "37": {"time": 179.11779618263245, "HV": 0.4491810496598484}, "38": {"time": 184.01882767677307, "HV": 0.44916033724422805}, "39": {"time": 188.79724597930908, "HV": 0.44959320277183085}, "40": {"time": 193.67607927322388, "HV": 0.449371003754298}, "41": {"time": 198.66402435302734, "HV": 0.4495433980320122}, "42": {"time": 204.4484579563141, "HV": 0.45058427425681863}, "43": {"time": 209.7525269985199, "HV": 0.45123511300279895}, "44": {"time": 215.20043206214905, "HV": 0.45127857161723767}, "45": {"time": 221.9896469116211, "HV": 0.4511862293124761}, "46": {"time": 227.81328773498535, "HV": 0.4513893569411437}, "47": {"time": 233.53438019752502, "HV": 0.4515486978808325}, "48": {"time": 238.93961334228516, "HV": 0.4520025792815915}, "49": {"time": 244.17502760887146, "HV": 0.45235329084444575}, "50": {"time": 249.71542859077454, "HV": 0.4529387138156139}, "51": {"time": 255.12956500053406, "HV": 0.45303148257958825}, "52": {"time": 260.23621892929077, "HV": 0.4528259898824291}, "53": {"time": 265.9017581939697, "HV": 0.4529073969100471}, "54": {"time": 271.80999732017517, "HV": 0.4526581803826374}, "55": {"time": 276.4484062194824, "HV": 0.45225740854587193}, "56": {"time": 281.1962659358978, "HV": 0.45251685361011196}, "57": {"time": 286.6811647415161, "HV": 0.4531285809353427}, "58": {"time": 292.3746666908264, "HV": 0.45333933478194827}, "59": {"time": 298.7594816684723, "HV": 0.45375027888473685}, "60": {"time": 303.77305793762207, "HV": 0.4545563101731641}, "61": {"time": 308.48208117485046, "HV": 0.45489084974930566}, "62": {"time": 313.64519333839417, "HV": 0.4546534449154801}, "63": {"time": 319.0538582801819, "HV": 0.45519531802853597}, "64": {"time": 324.1639142036438, "HV": 0.4557495592423231}, "65": {"time": 330.57053542137146, "HV": 0.45623878489986003}, "66": {"time": 335.3795323371887, "HV": 0.456456087463755}, "67": {"time": 339.9914104938507, "HV": 0.4565130119287663}, "68": {"time": 344.9805896282196, "HV": 0.4564788149894687}, "69": {"time": 350.8644063472748, "HV": 0.45660073098640597}, "70": {"time": 355.80930948257446, "HV": 0.45694040314279505}, "71": {"time": 361.39906764030457, "HV": 0.45733656847685017}, "72": {"time": 365.90519189834595, "HV": 0.45743089454241376}, "73": {"time": 372.4473912715912, "HV": 0.4578863511061782}, "74": {"time": 377.8895192146301, "HV": 0.4577144481114549}, "75": {"time": 382.7653777599335, "HV": 0.45828120876153855}, "76": {"time": 387.36741518974304, "HV": 0.4588908441044065}, "77": {"time": 392.23748111724854, "HV": 0.4593131008882544}, "78": {"time": 396.5453188419342, "HV": 0.45967440257616293}, "79": {"time": 401.31549191474915, "HV": 0.4596733957263865}, "80": {"time": 407.35442662239075, "HV": 0.459657235760357}, "81": {"time": 411.9870777130127, "HV": 0.4595953940464721}, "82": {"time": 416.5471441745758, "HV": 0.45971135471480146}, "83": {"time": 421.7604639530182, "HV": 0.4596776448436708}, "84": {"time": 426.59969091415405, "HV": 0.45965577219363557}, "85": {"time": 432.01539373397827, "HV": 0.45999802057370737}, "86": {"time": 436.2880554199219, "HV": 0.45981667770998974}, "87": {"time": 441.29113245010376, "HV": 0.4597076794516661}, "88": {"time": 447.60074257850647, "HV": 0.45954956502335836}, "89": {"time": 452.0992338657379, "HV": 0.4595738674892804}, "90": {"time": 456.9274926185608, "HV": 0.45944886301263393}, "91": {"time": 461.5993695259094, "HV": 0.4592020877754283}, "92": {"time": 467.0216429233551, "HV": 0.4595010711216507}, "93": {"time": 472.4346606731415, "HV": 0.45955866579362953}, "94": {"time": 478.491019487381, "HV": 0.4593924277197287}, "95": {"time": 483.9773368835449, "HV": 0.45966075783402005}, "96": {"time": 490.06621956825256, "HV": 0.4581415606660248}, "97": {"time": 496.0596215724945, "HV": 0.4584558056489343}, "98": {"time": 502.1728265285492, "HV": 0.45883407365294976}, "99": {"time": 508.43699765205383, "HV": 0.45829155528202925}, "100": {"time": 513.9629147052765, "HV": 0.45882162774716295}, "101": {"time": 520.1036612987518, "HV": 0.45919193572821854}, "102": {"time": 526.78653383255, "HV": 0.4595649923260996}, "103": {"time": 534.2664833068848, "HV": 0.45955500962760876}, "104": {"time": 540.8107004165649, "HV": 0.4598484189081163}, "105": {"time": 546.2890009880066, "HV": 0.45954847362495144}, "106": {"time": 552.3300576210022, "HV": 0.45972629916443347}, "107": {"time": 557.5321624279022, "HV": 0.46008324491086244}, "108": {"time": 563.7531225681305, "HV": 0.4599638408655879}, "109": {"time": 568.4070727825165, "HV": 0.45931505487517316}, "110": {"time": 572.6601183414459, "HV": 0.45963795601495455}, "111": {"time": 579.455513715744, "HV": 0.45954681438159634}, "112": {"time": 584.9213545322418, "HV": 0.4597847163088492}, "113": {"time": 589.1113488674164, "HV": 0.459919640433515}, "114": {"time": 593.9576768875122, "HV": 0.4600385204917932}, "115": {"time": 599.8387944698334, "HV": 0.45964521659885027}, "116": {"time": 605.9502625465393, "HV": 0.45981867081913486}, "117": {"time": 610.7665877342224, "HV": 0.46015538631338465}, "118": {"time": 615.9922933578491, "HV": 0.45956994755972796}, "119": {"time": 620.8380861282349, "HV": 0.4598530106860569}, "120": {"time": 625.6152393817902, "HV": 0.45981154092139387}, "121": {"time": 632.1513676643372, "HV": 0.45969834059869125}, "122": {"time": 637.8102860450745, "HV": 0.45981143986473516}, "123": {"time": 643.7524325847626, "HV": 0.4596008569334673}, "124": {"time": 650.4689991474152, "HV": 0.4597887453193988}, "125": {"time": 656.1769466400146, "HV": 0.45970278655664587}, "126": {"time": 661.1276874542236, "HV": 0.45922107198558826}, "127": {"time": 666.9003500938416, "HV": 0.45969912497103355}, "128": {"time": 671.541501045227, "HV": 0.4596820533673145},