{"0": {"time": 4.112864017486572, "HV": 0.4695944959304411}, "1": {"time": 12.857280969619751, "HV": 0.5444117409241156}, "2": {"time": 18.29357600212097, "HV": 0.5560530823980214}, "3": {"time": 24.76612162590027, "HV": 0.5706174536840405}, "4": {"time": 31.86606240272522, "HV": 0.5763612004777063}, "5": {"time": 39.32313919067383, "HV": 0.5820646625395196}, "6": {"time": 46.46299600601196, "HV": 0.5846072102662148}, "7": {"time": 54.84802842140198, "HV": 0.585573765640663}, "8": {"time": 64.67897629737854, "HV": 0.589281501311249}, "9": {"time": 73.49410796165466, "HV": 0.5913270411696783}, "10": {"time": 82.96248626708984, "HV": 0.597513221611323}, "11": {"time": 94.17923426628113, "HV": 0.6019515480794166}, "12": {"time": 102.80488133430481, "HV": 0.6053166306834731}, "13": {"time": 111.00696897506714, "HV": 0.6085300452933813}, "14": {"time": 120.34234929084778, "HV": 0.6123281937643812}, "15": {"time": 129.20000457763672, "HV": 0.614892112505782}, "16": {"time": 139.04065608978271, "HV": 0.6159678761241949}, "17": {"time": 148.5530276298523, "HV": 0.6163981254586217}, "18": {"time": 156.34182596206665, "HV": 0.6198284700541485}, "19": {"time": 164.1975998878479, "HV": 0.620400970503961}, "20": {"time": 174.30714440345764, "HV": 0.6205128073845398}, "21": {"time": 183.05625796318054, "HV": 0.6239951882582275}, "22": {"time": 191.50659012794495, "HV": 0.6255676279966123}, "23": {"time": 199.82534885406494, "HV": 0.6270419258387692}, "24": {"time": 208.58903574943542, "HV": 0.6278398167714347}, "25": {"time": 216.59023070335388, "HV": 0.6286893309948101}, "26": {"time": 226.7788269519806, "HV": 0.6317220247929718}, "27": {"time": 234.57476949691772, "HV": 0.6337665940740619}, "28": {"time": 244.30210900306702, "HV": 0.6344576481096518}, "29": {"time": 251.50414514541626, "HV": 0.633504286455829}, "30": {"time": 261.35986065864563, "HV": 0.634405492157953}, "31": {"time": 269.70389699935913, "HV": 0.6341321912051695}, "32": {"time": 279.94361639022827, "HV": 0.6340234236953658}, "33": {"time": 288.32869601249695, "HV": 0.6343754071375513}, "34": {"time": 298.0174560546875, "HV": 0.6360197484059575}, "35": {"time": 306.6262617111206, "HV": 0.6357603116378641}, "36": {"time": 315.00243282318115, "HV": 0.637255833160966}, "37": {"time": 325.512597322464, "HV": 0.6386783269812197}, "38": {"time": 335.12505888938904, "HV": 0.6387971341478792}, "39": {"time": 342.2863919734955, "HV": 0.6388602948604911}, "40": {"time": 352.1294403076172, "HV": 0.6396139977581234}, "41": {"time": 360.21189761161804, "HV": 0.6414516746263657}, "42": {"time": 368.6555218696594, "HV": 0.6423100354843415}, "43": {"time": 376.5837905406952, "HV": 0.6425119719163332}, "44": {"time": 383.8257477283478, "HV": 0.6431629999863727}, "45": {"time": 390.3553247451782, "HV": 0.6425426200951856}, "46": {"time": 400.6671802997589, "HV": 0.6431972720564785}, "47": {"time": 408.29535698890686, "HV": 0.6415889634246748}, "48": {"time": 415.6056537628174, "HV": 0.643448691582702}, "49": {"time": 422.41967582702637, "HV": 0.6433753414129255}, "50": {"time": 432.8460502624512, "HV": 0.6439143642576888}, "51": {"time": 440.27501916885376, "HV": 0.6431867804117493}, "52": {"time": 447.3600673675537, "HV": 0.6445241990747139}, "53": {"time": 454.0514407157898, "HV": 0.6460247079408006}, "54": {"time": 463.28085374832153, "HV": 0.6472534991446108}, "55": {"time": 470.72154474258423, "HV": 0.6475256677049354}, "56": {"time": 478.6131839752197, "HV": 0.6467454659871201}, "57": {"time": 486.7406566143036, "HV": 0.6467141613011662}, "58": {"time": 494.0203957557678, "HV": 0.647522682246977}, "59": {"time": 504.72130036354065, "HV": 0.6474108287245554}, "60": {"time": 512.9627513885498, "HV": 0.6467265146438956}, "61": {"time": 520.1829926967621, "HV": 0.647653539279518}, "62": {"time": 528.173136472702, "HV": 0.6474113045787172}, "63": {"time": 535.4216163158417, "HV": 0.6468374480475415}, "64": {"time": 545.0364906787872, "HV": 0.6464112511895004}, "65": {"time": 554.013667345047, "HV": 0.6478628656746592}, "66": {"time": 561.74675989151, "HV": 0.6485472625555789}, "67": {"time": 569.8538222312927, "HV": 0.6472909160835563}, "68": {"time": 578.7873783111572, "HV": 0.6496684714412552}, "69": {"time": 589.7036232948303, "HV": 0.6500635904634836}, "70": {"time": 598.5470843315125, "HV": 0.6502208025517003}, "71": {"time": 606.2634291648865, "HV": 0.6494695111961295}, "72": {"time": 615.0130023956299, "HV": 0.6489299514628841}, "73": {"time": 622.9094898700714, "HV": 0.6496856879981889}, "74": {"time": 632.1879048347473, "HV": 0.6502347421486505}, "75": {"time": 644.5871648788452, "HV": 0.6497027033287076}, "76": {"time": 652.6378543376923, "HV": 0.6501572248097639}, "77": {"time": 661.5766746997833, "HV": 0.6503191353895238}, "78": {"time": 670.3304793834686, "HV": 0.6501435177553521}, "79": {"time": 677.9178485870361, "HV": 0.6495639641379293}, "80": {"time": 685.9852561950684, "HV": 0.6501760769756787}, "81": {"time": 692.6643736362457, "HV": 0.6500451061308163}, "82": {"time": 704.3539023399353, "HV": 0.6510798387515829}, "83": {"time": 712.7085328102112, "HV": 0.6509796223580891}, "84": {"time": 720.3010034561157, "HV": 0.6518293030090994}, "85": {"time": 728.2710149288177, "HV": 0.6512107878256963}, "86": {"time": 736.2784950733185, "HV": 0.6510390986450733}, "87": {"time": 744.0851609706879, "HV": 0.650594442327937}, "88": {"time": 751.381677865982, "HV": 0.6502528803891672}, "89": {"time": 763.7265243530273, "HV": 0.6498350135519766}, "90": {"time": 771.9224305152893, "HV": 0.6507344601440542}, "91": {"time": 780.1987726688385, "HV": 0.6513969469164091}, "92": {"time": 787.935738325119, "HV": 0.6514561327538222}, "93": {"time": 794.850508928299, "HV": 0.6526890653412291}, "94": {"time": 801.8727056980133, "HV": 0.6523079201050754}, "95": {"time": 809.0359244346619, "HV": 0.6525135545892172}, "96": {"time": 816.0985794067383, "HV": 0.6518098287892033}, "97": {"time": 823.443683385849, "HV": 0.6510961343088624}, "98": {"time": 835.1178188323975, "HV": 0.6526813508642909}, "99": {"time": 842.1307561397552, "HV": 0.6516741778197737}, "100": {"time": 849.4995527267456, "HV": 0.652477703356424}, "101": {"time": 855.9011609554291, "HV": 0.6530878698825388}, "102": {"time": 863.1815760135651, "HV": 0.6538089789909365}, "103": {"time": 870.9435665607452, "HV": 0.6538061350741372}, "104": {"time": 877.8955714702606, "HV": 0.6540941793237507}, "105": {"time": 885.6631412506104, "HV": 0.6523532257537088}, "106": {"time": 892.4308569431305, "HV": 0.6534846640291989}, "107": {"time": 898.9059002399445, "HV": 0.6545307194437238}, "108": {"time": 906.7553658485413, "HV": 0.6539831719426522}}