{"0": {"time": 6.212773323059082, "HV": 0.4855103875973267}, "1": {"time": 14.370622158050537, "HV": 0.4976161777318317}, "2": {"time": 22.27213406562805, "HV": 0.52222080100699}, "3": {"time": 29.291632652282715, "HV": 0.5278612963029854}, "4": {"time": 37.276381731033325, "HV": 0.5322391533290307}, "5": {"time": 44.792980670928955, "HV": 0.5411106573781653}, "6": {"time": 52.314268827438354, "HV": 0.5478408153147563}, "7": {"time": 59.39743685722351, "HV": 0.5490612494519189}, "8": {"time": 68.23380708694458, "HV": 0.5509212761121397}, "9": {"time": 75.77751350402832, "HV": 0.5540329327417247}, "10": {"time": 84.17528939247131, "HV": 0.5554718810051709}, "11": {"time": 92.61278510093689, "HV": 0.5578461812367166}, "12": {"time": 101.14894008636475, "HV": 0.5584206585129963}, "13": {"time": 109.53978085517883, "HV": 0.5594900713379378}, "14": {"time": 118.02660775184631, "HV": 0.5595931574521462}, "15": {"time": 126.04962706565857, "HV": 0.5614230701082916}, "16": {"time": 134.59519147872925, "HV": 0.5630403764508788}, "17": {"time": 143.33424639701843, "HV": 0.5634552336502031}, "18": {"time": 151.38154292106628, "HV": 0.5641799436628304}, "19": {"time": 160.3193395137787, "HV": 0.5642409414455459}, "20": {"time": 169.240736246109, "HV": 0.5654509272949594}, "21": {"time": 177.78544783592224, "HV": 0.5655393044084494}, "22": {"time": 186.23319673538208, "HV": 0.5668563645112378}, "23": {"time": 195.33485436439514, "HV": 0.5676857245786326}, "24": {"time": 203.2724986076355, "HV": 0.5679552514725168}, "25": {"time": 211.8269350528717, "HV": 0.5680494371419822}, "26": {"time": 220.99405932426453, "HV": 0.5684598885190714}, "27": {"time": 230.0233461856842, "HV": 0.5685484020363782}, "28": {"time": 240.0360071659088, "HV": 0.5696117679304494}, "29": {"time": 249.13753581047058, "HV": 0.5701401322352367}, "30": {"time": 258.72113156318665, "HV": 0.5706293066070782}}