{"0": {"time": 26.26945686340332, "HV": 0.31911751390684145}, "1": {"time": 52.35726308822632, "HV": 0.32733753991658876}, "2": {"time": 68.84294152259827, "HV": 0.3350770898658465}, "3": {"time": 87.1120388507843, "HV": 0.3376245342378718}, "4": {"time": 104.38459730148315, "HV": 0.34133890175629844}, "5": {"time": 123.62638306617737, "HV": 0.3424360349313004}, "6": {"time": 141.02658009529114, "HV": 0.3507517126073252}, "7": {"time": 159.24170994758606, "HV": 0.3535639822855935}, "8": {"time": 177.94580698013306, "HV": 0.35439525332422095}, "9": {"time": 196.07728099822998, "HV": 0.3545168064846995}, "10": {"time": 214.55001735687256, "HV": 0.35464677369578373}, "11": {"time": 232.88011288642883, "HV": 0.35476423419277575}, "12": {"time": 251.0594825744629, "HV": 0.3555400537426885}, "13": {"time": 270.6576735973358, "HV": 0.3556562509251436}, "14": {"time": 289.6153221130371, "HV": 0.3559316756963161}, "15": {"time": 308.42786741256714, "HV": 0.35924980253527583}, "16": {"time": 326.8158118724823, "HV": 0.3610316737215024}, "17": {"time": 345.76678252220154, "HV": 0.3613737795251944}, "18": {"time": 364.1856575012207, "HV": 0.3617278547291871}, "19": {"time": 383.1362683773041, "HV": 0.3623555358898886}, "20": {"time": 403.05496430397034, "HV": 0.3870003130042986}, "21": {"time": 422.11392426490784, "HV": 0.3871261430135534}, "22": {"time": 439.9903120994568, "HV": 0.387406489960401}, "23": {"time": 458.35327768325806, "HV": 0.3877646102710046}, "24": {"time": 476.2781717777252, "HV": 0.38840667642702936}, "25": {"time": 495.64008140563965, "HV": 0.3899434012425224}, "26": {"time": 513.3943486213684, "HV": 0.390726650345101}, "27": {"time": 532.7144598960876, "HV": 0.3912624372936068}, "28": {"time": 551.0816361904144, "HV": 0.3918126363405124}, "29": {"time": 568.9017541408539, "HV": 0.3920112939314592}, "30": {"time": 587.2527074813843, "HV": 0.3922343682133079}}