{"0": {"time": 5.554715871810913, "HV": 0.4388108233620548}, "1": {"time": 15.523920059204102, "HV": 0.46265591178638876}, "2": {"time": 23.40393900871277, "HV": 0.481450132574592}, "3": {"time": 30.452085256576538, "HV": 0.4984455207497063}, "4": {"time": 38.1237154006958, "HV": 0.5074872073699699}, "5": {"time": 47.09300875663757, "HV": 0.5170727478572892}, "6": {"time": 55.88668727874756, "HV": 0.5264584809887527}, "7": {"time": 63.47963356971741, "HV": 0.5367035832292288}, "8": {"time": 70.69164943695068, "HV": 0.5487464339835464}, "9": {"time": 79.43988180160522, "HV": 0.5547828387844909}, "10": {"time": 87.77463173866272, "HV": 0.5578222150021197}}