{"0": {"time": 6.777380704879761, "HV": 0.5180623823405001}, "1": {"time": 24.682413816452026, "HV": 0.5522730712425672}, "2": {"time": 38.160035371780396, "HV": 0.5604752602938069}, "3": {"time": 52.80665373802185, "HV": 0.5843082190097133}, "4": {"time": 67.0991108417511, "HV": 0.5887788637560036}, "5": {"time": 82.30411624908447, "HV": 0.6061879769962272}, "6": {"time": 95.60185289382935, "HV": 0.6130321531953762}, "7": {"time": 111.55169677734375, "HV": 0.6201737679021619}, "8": {"time": 126.41224765777588, "HV": 0.6235147799001877}, "9": {"time": 143.1863193511963, "HV": 0.6272551145944341}, "10": {"time": 159.20066952705383, "HV": 0.6287887706310773}, "11": {"time": 175.44889450073242, "HV": 0.6308923374674358}, "12": {"time": 192.27076721191406, "HV": 0.6327198782674169}, "13": {"time": 208.09704661369324, "HV": 0.6364656017130758}, "14": {"time": 224.75385856628418, "HV": 0.6376834202015694}, "15": {"time": 239.78579211235046, "HV": 0.6386078497022658}, "16": {"time": 253.73853588104248, "HV": 0.6391696287060765}, "17": {"time": 269.5381302833557, "HV": 0.6405003510860805}, "18": {"time": 284.7033817768097, "HV": 0.6421705538665247}, "19": {"time": 298.5006718635559, "HV": 0.6434839514962211}, "20": {"time": 312.8451328277588, "HV": 0.6444375198379397}, "21": {"time": 325.7742040157318, "HV": 0.6454326951687541}, "22": {"time": 342.4728741645813, "HV": 0.6453205936207735}, "23": {"time": 357.18026208877563, "HV": 0.6455855580121119}, "24": {"time": 372.092839717865, "HV": 0.6463132916421306}, "25": {"time": 385.53668093681335, "HV": 0.6465009716315063}, "26": {"time": 398.7886366844177, "HV": 0.6463983825432034}, "27": {"time": 414.9738390445709, "HV": 0.646614925868047}, "28": {"time": 430.5085060596466, "HV": 0.646919911929366}, "29": {"time": 444.67247438430786, "HV": 0.6472185133030888}, "30": {"time": 459.8480169773102, "HV": 0.6473637857488017}, "31": {"time": 477.028418302536, "HV": 0.648214838954922}, "32": {"time": 492.3790488243103, "HV": 0.6482568813606906}, "33": {"time": 506.958815574646, "HV": 0.6487028126882591}, "34": {"time": 523.4150083065033, "HV": 0.6486266705378315}, "35": {"time": 538.6284952163696, "HV": 0.6489050332197255}, "36": {"time": 555.4605362415314, "HV": 0.6488512008430851}, "37": {"time": 572.1159646511078, "HV": 0.6492464614202399}, "38": {"time": 588.0688376426697, "HV": 0.6492983946213462}, "39": {"time": 605.188581943512, "HV": 0.6497215650415551}, "40": {"time": 621.3572890758514, "HV": 0.6499188829887481}, "41": {"time": 637.0741364955902, "HV": 0.6503490532237526}, "42": {"time": 651.5950887203217, "HV": 0.6506055235328891}, "43": {"time": 668.0142769813538, "HV": 0.6508184421469471}, "44": {"time": 685.3837194442749, "HV": 0.6511918188466879}, "45": {"time": 703.7035164833069, "HV": 0.6512549165250365}, "46": {"time": 717.5853390693665, "HV": 0.6515811908819531}, "47": {"time": 736.1915059089661, "HV": 0.6520171493369031}, "48": {"time": 753.3557448387146, "HV": 0.6523454403786737}, "49": {"time": 767.9566252231598, "HV": 0.6523619468101576}, "50": {"time": 782.5713505744934, "HV": 0.6522111581674556}}