{"0": {"time": 8.007894039154053, "HV": 0.4705789060439586}, "1": {"time": 17.66631531715393, "HV": 0.48028671586789795}, "2": {"time": 25.410680294036865, "HV": 0.4876707469285352}, "3": {"time": 33.0298707485199, "HV": 0.489648588878288}, "4": {"time": 41.32051396369934, "HV": 0.5050670485276321}, "5": {"time": 49.83107852935791, "HV": 0.5101746985210158}, "6": {"time": 59.380207777023315, "HV": 0.5159458358344049}, "7": {"time": 68.92004466056824, "HV": 0.5187947790287809}, "8": {"time": 78.063401222229, "HV": 0.5217375270321932}, "9": {"time": 87.93827795982361, "HV": 0.5283943334490722}, "10": {"time": 97.43360757827759, "HV": 0.5294148117942769}, "11": {"time": 106.51532173156738, "HV": 0.5344985808222052}, "12": {"time": 116.74214816093445, "HV": 0.5370334212365876}, "13": {"time": 126.324059009552, "HV": 0.5398076145834915}, "14": {"time": 135.40592074394226, "HV": 0.5405994946624011}, "15": {"time": 144.72401118278503, "HV": 0.54793317272778}, "16": {"time": 153.31076335906982, "HV": 0.550564601660849}, "17": {"time": 161.53570866584778, "HV": 0.5542933061656796}, "18": {"time": 169.45904326438904, "HV": 0.5583750675673859}, "19": {"time": 179.08105993270874, "HV": 0.5592576183480811}, "20": {"time": 188.39357233047485, "HV": 0.5617062739816533}, "21": {"time": 197.73910212516785, "HV": 0.5638590424051529}, "22": {"time": 206.54634714126587, "HV": 0.5652030538472068}, "23": {"time": 216.345547914505, "HV": 0.5666304416762533}, "24": {"time": 225.90432333946228, "HV": 0.567729214050268}, "25": {"time": 235.64492869377136, "HV": 0.5685682904585478}, "26": {"time": 245.06070065498352, "HV": 0.5692172174667851}, "27": {"time": 254.34627556800842, "HV": 0.5712267703642986}, "28": {"time": 263.40168380737305, "HV": 0.5736648116629279}, "29": {"time": 272.9323220252991, "HV": 0.5762677073408577}, "30": {"time": 282.9436800479889, "HV": 0.5767409707577197}}