{"0": {"time": 10.429807662963867, "HV": 0.26489597874439175}, "1": {"time": 36.898019552230835, "HV": 0.27465034696516216}, "2": {"time": 49.81654095649719, "HV": 0.2856899609173502}, "3": {"time": 63.4629020690918, "HV": 0.2934373236171877}, "4": {"time": 78.98838520050049, "HV": 0.2953482443940732}, "5": {"time": 94.8455457687378, "HV": 0.2987220311715313}, "6": {"time": 111.04938316345215, "HV": 0.2990957197908759}, "7": {"time": 125.19958281517029, "HV": 0.300559333322357}, "8": {"time": 139.21304869651794, "HV": 0.3049270163150596}, "9": {"time": 153.50560903549194, "HV": 0.30529089131118253}, "10": {"time": 166.79717564582825, "HV": 0.30938627822804105}, "11": {"time": 176.71842408180237, "HV": 0.3095168623600575}, "12": {"time": 189.6265926361084, "HV": 0.31344937897273545}, "13": {"time": 201.42035746574402, "HV": 0.31697031285357596}, "14": {"time": 213.93700790405273, "HV": 0.31707410087417043}, "15": {"time": 224.84963130950928, "HV": 0.31710965495357957}, "16": {"time": 236.78348350524902, "HV": 0.31718221862882257}, "17": {"time": 250.85763335227966, "HV": 0.31720199722171705}, "18": {"time": 263.4852011203766, "HV": 0.31720278730806645}, "19": {"time": 276.01111674308777, "HV": 0.3173280553055233}, "20": {"time": 291.2748775482178, "HV": 0.31741132061226507}, "21": {"time": 303.85952734947205, "HV": 0.3174337480884697}, "22": {"time": 317.09123826026917, "HV": 0.3174636705808567}, "23": {"time": 331.0431876182556, "HV": 0.3174767462628703}, "24": {"time": 344.13204073905945, "HV": 0.31748557655908616}, "25": {"time": 357.68036127090454, "HV": 0.31752452817832977}, "26": {"time": 371.1645166873932, "HV": 0.3175113287016689}, "27": {"time": 385.36240696907043, "HV": 0.3175209292740971}, "28": {"time": 399.5323066711426, "HV": 0.31750908630084945}, "29": {"time": 413.3544111251831, "HV": 0.31753973799871654}, "30": {"time": 429.6700003147125, "HV": 0.31757563358490803}, "31": {"time": 443.19540095329285, "HV": 0.3209339188936849}, "32": {"time": 458.2695903778076, "HV": 0.3210076047198654}, "33": {"time": 471.67030930519104, "HV": 0.3209874971797224}, "34": {"time": 488.83718943595886, "HV": 0.3209696771326642}, "35": {"time": 503.6602647304535, "HV": 0.3260514769930214}, "36": {"time": 519.4715828895569, "HV": 0.32607868710086513}, "37": {"time": 530.6813328266144, "HV": 0.32605672326163654}, "38": {"time": 544.9202604293823, "HV": 0.3261322944880252}, "39": {"time": 558.7348515987396, "HV": 0.3262226630676179}, "40": {"time": 574.1350820064545, "HV": 0.3262095399876724}, "41": {"time": 590.1238968372345, "HV": 0.3262119076777105}, "42": {"time": 603.2851405143738, "HV": 0.3262342165844315}, "43": {"time": 617.6824498176575, "HV": 0.3262306139784331}, "44": {"time": 632.8812441825867, "HV": 0.32621997804445496}, "45": {"time": 650.9088265895844, "HV": 0.3262621508868132}, "46": {"time": 666.8698778152466, "HV": 0.3262934059186286}, "47": {"time": 680.0786714553833, "HV": 0.3262974061188965}, "48": {"time": 691.8383660316467, "HV": 0.3262956618610603}, "49": {"time": 705.1858060359955, "HV": 0.32630137841314477}, "50": {"time": 720.1611249446869, "HV": 0.3263349195381505}}