{"0": {"time": 28.96911382675171, "HV": 0.30786182089931047}, "1": {"time": 107.6874451637268, "HV": 0.3342560119527958}, "2": {"time": 139.34406113624573, "HV": 0.343613137027687}, "3": {"time": 169.15684628486633, "HV": 0.3470270031839584}, "4": {"time": 209.9081482887268, "HV": 0.35002497855419057}, "5": {"time": 246.0306556224823, "HV": 0.3509841677912767}, "6": {"time": 279.6583421230316, "HV": 0.35264953585829567}, "7": {"time": 320.19285893440247, "HV": 0.35335565051941586}, "8": {"time": 358.3111627101898, "HV": 0.3557871282915928}, "9": {"time": 394.806720495224, "HV": 0.35661973478990044}, "10": {"time": 434.20633721351624, "HV": 0.35728632810127603}, "11": {"time": 464.98376655578613, "HV": 0.35811406848642113}, "12": {"time": 505.4570429325104, "HV": 0.35849258235016473}, "13": {"time": 534.6747002601624, "HV": 0.372943329186044}, "14": {"time": 564.5092830657959, "HV": 0.3736505632156286}, "15": {"time": 594.3248744010925, "HV": 0.3738666759812065}, "16": {"time": 622.6990432739258, "HV": 0.37429089783875913}, "17": {"time": 649.5493874549866, "HV": 0.39406539603749663}, "18": {"time": 683.4069888591766, "HV": 0.39421381485486695}, "19": {"time": 721.3871893882751, "HV": 0.3944179458622479}, "20": {"time": 758.5401153564453, "HV": 0.39474576932380423}, "21": {"time": 798.1730442047119, "HV": 0.3948508546641559}, "22": {"time": 831.7842774391174, "HV": 0.39492054670470605}, "23": {"time": 863.6169583797455, "HV": 0.3950498771506056}, "24": {"time": 897.6736063957214, "HV": 0.39517122209374034}, "25": {"time": 928.2731676101685, "HV": 0.3952945954619378}, "26": {"time": 957.2140364646912, "HV": 0.3952536582364532}, "27": {"time": 993.8032395839691, "HV": 0.3953368073454808}, "28": {"time": 1030.4580903053284, "HV": 0.3955497086158053}, "29": {"time": 1064.9312686920166, "HV": 0.3956092165677979}, "30": {"time": 1112.7210538387299, "HV": 0.39568590208980775}, "31": {"time": 1154.122267484665, "HV": 0.3957819836698535}, "32": {"time": 1194.7676753997803, "HV": 0.3958471596822034}, "33": {"time": 1237.88010764122, "HV": 0.3959021275389283}, "34": {"time": 1282.3542940616608, "HV": 0.39599666684844753}, "35": {"time": 1324.1945791244507, "HV": 0.39603624136313265}, "36": {"time": 1368.3708927631378, "HV": 0.3960290343677064}, "37": {"time": 1406.4756100177765, "HV": 0.3960665166957541}, "38": {"time": 1452.9774827957153, "HV": 0.39611659758341894}, "39": {"time": 1497.2799587249756, "HV": 0.3961023665404837}, "40": {"time": 1536.3945875167847, "HV": 0.3961553318513072}, "41": {"time": 1579.3989369869232, "HV": 0.39615493336918123}, "42": {"time": 1630.94140791893, "HV": 0.3961495474488242}, "43": {"time": 1674.5726935863495, "HV": 0.3962200792996377}, "44": {"time": 1718.8237671852112, "HV": 0.39623265429025856}, "45": {"time": 1771.6519100666046, "HV": 0.39624883674970546}, "46": {"time": 1816.1318168640137, "HV": 0.3962430033920128}, "47": {"time": 1859.0782754421234, "HV": 0.3962462294920691}, "48": {"time": 1902.633288383484, "HV": 0.3962226682143798}, "49": {"time": 1946.729995250702, "HV": 0.3962032811232471}, "50": {"time": 1988.6273164749146, "HV": 0.3962098564983794}}