{"0": {"time": 319.05217719078064, "HV": 0.45918488617180797}, "1": {"time": 1637.354454278946, "HV": 0.4527758407671144}, "2": {"time": 2667.6781373023987, "HV": 0.45233495979463423}, "3": {"time": 3613.668437242508, "HV": 0.4546047746245099}, "4": {"time": 4599.837871551514, "HV": 0.45701890386946187}, "5": {"time": 5668.121677398682, "HV": 0.5035531619446663}}