{"0": {"time": 181.24039912223816, "HV": 0.5011759920411586}, "1": {"time": 814.2052624225616, "HV": 0.2523796213512781}, "2": {"time": 1554.5087621212006, "HV": 0.5046273655653314}, "3": {"time": 2100.1529216766357, "HV": 0.5200026348130031}, "4": {"time": 2650.6986882686615, "HV": 0.48059646412250706}, "5": {"time": 3321.3485028743744, "HV": 0.4265737736854414}, "6": {"time": 4065.4871537685394, "HV": 0.3925887740495822}, "7": {"time": 4956.747270107269, "HV": 0.38732877690631234}, "8": {"time": 5839.398834466934, "HV": 0.32070796787424866}}