{"0": {"time": 642.4544415473938, "HV": 0.2935713210056129}, "1": {"time": 3048.518848180771, "HV": 0.30393193567739435}, "2": {"time": 4451.548004627228, "HV": 0.3128927546142296}, "3": {"time": 5707.001686811447, "HV": 0.31604762983953516}}