{"0": {"time": 748.9925966262817, "HV": 0.4886795971020122}, "1": {"time": 3246.32342672348, "HV": 0.5130065448728056}, "2": {"time": 5290.063296318054, "HV": 0.5319981490400918}, "3": {"time": 7345.334597587585, "HV": 0.5403236668579507}}