{"0": {"time": 769.862856388092, "HV": 0.5908341713454625}, "1": {"time": 3120.8730103969574, "HV": 0.6069821246810748}, "2": {"time": 5093.236485242844, "HV": 0.361332051225547}, "3": {"time": 6415.937207937241, "HV": 0.361332051225547}}