{"0": {"time": 302.6304099559784, "HV": 0.5899752532836402}, "1": {"time": 1399.5799491405487, "HV": 0.597120838809281}, "2": {"time": 2361.749895811081, "HV": 0.6050051098506667}, "3": {"time": 3461.208750963211, "HV": 0.6125558392290426}}