{"0": {"time": 78.65750074386597, "HV": 0.5492427942275803}, "1": {"time": 382.5992376804352, "HV": 0.5869327442472705}, "2": {"time": 658.8005208969116, "HV": 0.5933719553439804}, "3": {"time": 979.2819843292236, "HV": 0.4052912417578449}, "4": {"time": 1303.870526790619, "HV": 0.4125057789636851}, "5": {"time": 1654.0651695728302, "HV": 0.4092975528511209}, "6": {"time": 1986.0756306648254, "HV": 0.3599343064695517}, "7": {"time": 2316.7017562389374, "HV": 0.3500385793118339}, "8": {"time": 2602.038404941559, "HV": 0.3418592113912465}, "9": {"time": 2931.727454662323, "HV": 0.3155985440945537}, "10": {"time": 3269.091236114502, "HV": 0.3129447934157823}}