{"0": {"time": 270.2070641517639, "HV": 0.5197038240412863}, "1": {"time": 972.1373264789581, "HV": 0.5355143290228093}, "2": {"time": 1666.98490691185, "HV": 0.505476856777002}, "3": {"time": 2461.4859545230865, "HV": 0.47859518894631625}, "4": {"time": 3076.9594616889954, "HV": 0.4222961722207388}, "5": {"time": 3665.89208650589, "HV": 0.40956410763473616}, "6": {"time": 4208.269849538803, "HV": 0.2868898307968648}, "7": {"time": 4852.16047167778, "HV": 0.18714490291748123}, "8": {"time": 5401.148563861847, "HV": 0.3639807114487787}, "9": {"time": 6055.4221448898315, "HV": 0.48598683507311247}, "10": {"time": 6724.265238046646, "HV": 0.2213737145907078}}