{"0": {"time": 752.9537637233734, "HV": 0.3070814599150806}, "1": {"time": 3475.201721429825, "HV": 0.34291659240679373}}