{"0": {"time": 1192.3958234786987, "HV": 0.31895312509002155}, "1": {"time": 5931.06693482399, "HV": 0.32247287672757996}}