{"0": {"time": 51.57272291183472, "HV": 0.48879083925981626}, "1": {"time": 175.63320755958557, "HV": 0.5011558461583676}, "2": {"time": 327.18570137023926, "HV": 0.5362859233808341}, "3": {"time": 490.2114245891571, "HV": 0.41204833048984946}, "4": {"time": 633.819552898407, "HV": 0.41013702987236866}, "5": {"time": 788.2580361366272, "HV": 0.33618565414292195}, "6": {"time": 900.657665014267, "HV": 0.336652168491586}, "7": {"time": 1035.6040194034576, "HV": 0.33277062573016586}, "8": {"time": 1159.4198834896088, "HV": 0.2984816376855966}, "9": {"time": 1276.1312074661255, "HV": 0.25902819752473033}, "10": {"time": 1391.92098402977, "HV": 0.29514554044395774}, "11": {"time": 1532.7031421661377, "HV": 0.17288512033067976}, "12": {"time": 1642.26358294487, "HV": 0.3907272839935548}, "13": {"time": 1762.1832704544067, "HV": 0.48922275449913893}, "14": {"time": 1875.1341195106506, "HV": 0.2068334562218699}, "15": {"time": 1951.0138309001923, "HV": 0.12289189147219769}, "16": {"time": 2031.715772151947, "HV": 0.12289189147219769}, "17": {"time": 2114.8322365283966, "HV": 0.12289189147219769}, "18": {"time": 2187.221117258072, "HV": 0.12289189147219769}, "19": {"time": 2279.4732389450073, "HV": 0.12289189147219769}, "20": {"time": 2367.031707763672, "HV": 0.12289189147219769}, "21": {"time": 2443.277235031128, "HV": 0.12289189147219769}, "22": {"time": 2525.6792442798615, "HV": 0.12289189147219769}, "23": {"time": 2609.751049757004, "HV": 0.12289189147219769}, "24": {"time": 2678.7805228233337, "HV": 0.12289189147219769}, "25": {"time": 2768.01474237442, "HV": 0.12289189147219769}, "26": {"time": 2850.6860365867615, "HV": 0.12289189147219769}, "27": {"time": 2946.601624727249, "HV": 0.12289189147219769}, "28": {"time": 3019.5934126377106, "HV": 0.12289189147219769}, "29": {"time": 3094.9842188358307, "HV": 0.12289189147219769}, "30": {"time": 3174.1680903434753, "HV": 0.12289189147219769}, "31": {"time": 3255.733266353607, "HV": 0.12289189147219769}, "32": {"time": 3335.97060918808, "HV": 0.12289189147219769}, "33": {"time": 3407.59543633461, "HV": 0.12289189147219769}, "34": {"time": 3503.161988258362, "HV": 0.12289189147219769}, "35": {"time": 3583.6146528720856, "HV": 0.12289189147219769}, "36": {"time": 3679.439671754837, "HV": 0.12289189147219769}, "37": {"time": 3749.5419425964355, "HV": 0.12289189147219769}, "38": {"time": 3828.7836849689484, "HV": 0.12289189147219769}, "39": {"time": 3900.862959384918, "HV": 0.12289189147219769}, "40": {"time": 3985.801657676697, "HV": 0.12289189147219769}, "41": {"time": 4078.757252931595, "HV": 0.12289189147219769}, "42": {"time": 4163.471880912781, "HV": 0.12289189147219769}, "43": {"time": 4239.238929986954, "HV": 0.12289189147219769}, "44": {"time": 4305.497121334076, "HV": 0.12289189147219769}, "45": {"time": 4391.12334728241, "HV": 0.12289189147219769}, "46": {"time": 4479.198916435242, "HV": 0.12289189147219769}, "47": {"time": 4570.884359836578, "HV": 0.12289189147219769}, "48": {"time": 4678.072016716003, "HV": 0.12289189147219769}, "49": {"time": 4758.498973369598, "HV": 0.12289189147219769}, "50": {"time": 4858.170770406723, "HV": 0.12289189147219769}, "51": {"time": 4942.525266885757, "HV": 0.12289189147219769}, "52": {"time": 5022.535236120224, "HV": 0.12289189147219769}, "53": {"time": 5104.3489735126495, "HV": 0.12289189147219769}, "54": {"time": 5187.807170391083, "HV": 0.12289189147219769}, "55": {"time": 5285.690534830093, "HV": 0.12289189147219769}, "56": {"time": 5363.67165184021, "HV": 0.12289189147219769}, "57": {"time": 5451.926708221436, "HV": 0.12289189147219769}, "58": {"time": 5552.74368429184, "HV": 0.12289189147219769}, "59": {"time": 5639.955538272858, "HV": 0.12289189147219769}, "60": {"time": 5726.114431619644, "HV": 0.12289189147219769}, "61": {"time": 5811.734270811081, "HV": 0.12289189147219769}, "62": {"time": 5908.230241775513, "HV": 0.12289189147219769}, "63": {"time": 6006.4868178367615, "HV": 0.12289189147219769}, "64": {"time": 6077.1523978710175, "HV": 0.12289189147219769}, "65": {"time": 6158.227978467941, "HV": 0.12289189147219769}, "66": {"time": 6254.101078271866, "HV": 0.12289189147219769}, "67": {"time": 6341.630697727203, "HV": 0.12289189147219769}, "68": {"time": 6428.99940943718, "HV": 0.12289189147219769}, "69": {"time": 6512.245253801346, "HV": 0.12289189147219769}, "70": {"time": 6589.784337520599, "HV": 0.12289189147219769}, "71": {"time": 6690.470659971237, "HV": 0.12289189147219769}}