{"0": {"time": 129.8150806427002, "HV": 0.4917260596462694}, "1": {"time": 601.649484872818, "HV": 0.27570523722216184}, "2": {"time": 1340.6911418437958, "HV": 0.27570523722216184}, "3": {"time": 1990.8176577091217, "HV": 0.27570523722216184}, "4": {"time": 2652.60445189476, "HV": 0.5042861480791484}, "5": {"time": 3086.6391937732697, "HV": 0.524122621349346}}