{"0": {"time": 546.6451222896576, "HV": 0.31360605197592467}, "1": {"time": 2031.8699350357056, "HV": 0.32333918928699523}, "2": {"time": 2792.6073966026306, "HV": 0.3284979873672018}, "3": {"time": 3369.4899117946625, "HV": 0.33372188807478326}, "4": {"time": 4594.669727325439, "HV": 0.35017761717742135}, "5": {"time": 5638.740733385086, "HV": 0.3522161540742572}, "6": {"time": 6986.329192638397, "HV": 0.3544718970554881}}