{"0": {"time": 251.49548959732056, "HV": 0.5325843255963653}, "1": {"time": 856.3315238952637, "HV": 0.5707234674974534}, "2": {"time": 1447.4206802845001, "HV": 0.5874062821965305}, "3": {"time": 2104.3314929008484, "HV": 0.4875865646567951}, "4": {"time": 2817.0495076179504, "HV": 0.440731891862875}, "5": {"time": 3513.5601489543915, "HV": 0.5824417014886282}, "6": {"time": 4242.5381145477295, "HV": 0.4036633971359491}, "7": {"time": 4905.851526498795, "HV": 0.3568530516316996}, "8": {"time": 5518.768293380737, "HV": 0.40256387997161075}, "9": {"time": 6030.555597305298, "HV": 0.2897754471171179}, "10": {"time": 6594.249053478241, "HV": 0.2284161412364822}, "11": {"time": 7172.142855882645, "HV": 0.22166450155531836}}