{"0": {"time": 403.87677478790283, "HV": 0.30890246659069953}, "1": {"time": 1956.3048160076141, "HV": 0.32284666258999944}, "2": {"time": 2667.7786073684692, "HV": 0.32747840320244076}, "3": {"time": 3463.970137357712, "HV": 0.3402906501002974}}