{"0": {"time": 168.7496349811554, "HV": 0.5631002913184836}, "1": {"time": 651.133446931839, "HV": 0.6046289177688136}, "2": {"time": 1009.8780138492584, "HV": 0.5791787221801428}, "3": {"time": 1521.1786525249481, "HV": 0.5906717804614601}, "4": {"time": 1936.2979843616486, "HV": 0.5557265038976291}, "5": {"time": 2346.0281352996826, "HV": 0.5836193273170915}, "6": {"time": 2811.3566262722015, "HV": 0.4697198660084375}, "7": {"time": 3287.333428144455, "HV": 0.4129138843316544}, "8": {"time": 3716.933616399765, "HV": 0.4249926333070446}, "9": {"time": 4133.058514356613, "HV": 0.40230154563589055}, "10": {"time": 4495.02080655098, "HV": 0.3156364835086254}, "11": {"time": 4778.3849494457245, "HV": 0.2958042580837619}, "12": {"time": 5192.33184337616, "HV": 0.29750887426042566}, "13": {"time": 5556.526845932007, "HV": 0.46227841170754014}, "14": {"time": 5970.069451093674, "HV": 0.29233520298545257}, "15": {"time": 6343.996104001999, "HV": 0.290475627869931}, "16": {"time": 6723.379770517349, "HV": 0.2904893361856597}}