{"0": {"time": 395.39881348609924, "HV": 0.5464344440615964}, "1": {"time": 1780.348438501358, "HV": 0.5822845422961646}, "2": {"time": 2840.833633184433, "HV": 0.6089787882788642}, "3": {"time": 3779.027642250061, "HV": 0.6155005370130829}}