{"0": {"time": 252.329185962677, "HV": 0.31243027384544453}, "1": {"time": 871.3655695915222, "HV": 0.33091817935956963}, "2": {"time": 1202.687204837799, "HV": 0.3449944273618068}, "3": {"time": 1754.2112770080566, "HV": 0.35195647807400693}, "4": {"time": 2235.1449134349823, "HV": 0.3592296782522721}, "5": {"time": 2725.7318997383118, "HV": 0.34446538795013093}, "6": {"time": 3395.33650970459, "HV": 0.33341462159522867}, "7": {"time": 4067.071998357773, "HV": 0.32921385016413357}, "8": {"time": 4803.0318558216095, "HV": 0.3328460443383963}, "9": {"time": 5491.61400270462, "HV": 0.34121562905822556}, "10": {"time": 6044.716384887695, "HV": 0.3588198701922183}, "11": {"time": 6373.183195114136, "HV": 0.3628047547083145}, "12": {"time": 6689.2113580703735, "HV": 0.342812872738224}}