{"0": {"time": 307.33990478515625, "HV": 0.591830244885}, "1": {"time": 1736.3544545173645, "HV": 0.431932501749363}, "2": {"time": 2781.274413585663, "HV": 0.3565354665284398}, "3": {"time": 3693.2933979034424, "HV": 0.3565354665284398}}