{"0": {"time": 315.0018584728241, "HV": 0.566625408568274}, "1": {"time": 1530.4602327346802, "HV": 0.5922420262888402}, "2": {"time": 2565.055598258972, "HV": 0.6030846746287597}, "3": {"time": 3683.9944133758545, "HV": 0.6176749380091299}}