{"0": {"time": 78.06255865097046, "HV": 0.45831809493526}, "1": {"time": 283.1068046092987, "HV": 0.4842592048362977}, "2": {"time": 464.9928832054138, "HV": 0.45166793509485315}, "3": {"time": 677.428008556366, "HV": 0.5129094210708207}, "4": {"time": 857.0937941074371, "HV": 0.47737997300549695}, "5": {"time": 1061.7376220226288, "HV": 0.48078863503372576}, "6": {"time": 1258.7377302646637, "HV": 0.38733380332318024}, "7": {"time": 1492.7562081813812, "HV": 0.4730084967744179}, "8": {"time": 1726.7579636573792, "HV": 0.37685173026852425}, "9": {"time": 1937.00172829628, "HV": 0.3008536045915761}, "10": {"time": 2157.5130162239075, "HV": 0.5096927776567431}, "11": {"time": 2366.7597959041595, "HV": 0.34887477438187803}, "12": {"time": 2594.9350736141205, "HV": 0.29698458830779306}, "13": {"time": 2850.012162923813, "HV": 0.4240850344301681}, "14": {"time": 3075.045853614807, "HV": 0.3189970188790151}, "15": {"time": 3297.8767368793488, "HV": 0.2860951665315691}, "16": {"time": 3513.85764837265, "HV": 0.2897048862308363}, "17": {"time": 3726.9074943065643, "HV": 0.474267433644429}, "18": {"time": 3942.101692199707, "HV": 0.36443527259157665}, "19": {"time": 4114.076931476593, "HV": 0.28083462430177514}, "20": {"time": 4323.53370141983, "HV": 0.2371761932970791}, "21": {"time": 4563.262816905975, "HV": 0.2371761932970791}, "22": {"time": 4784.458372354507, "HV": 0.2371761932970791}, "23": {"time": 5034.240060329437, "HV": 0.2371761932970791}, "24": {"time": 5217.08354473114, "HV": 0.2371761932970791}, "25": {"time": 5454.679846763611, "HV": 0.2371761932970791}, "26": {"time": 5676.628489017487, "HV": 0.2371761932970791}, "27": {"time": 5896.921321392059, "HV": 0.2371761932970791}, "28": {"time": 6127.625191450119, "HV": 0.2371761932970791}, "29": {"time": 6352.409344911575, "HV": 0.23771394462115658}, "30": {"time": 6581.224362611771, "HV": 0.23771394462115658}, "31": {"time": 6808.879733800888, "HV": 0.23771394462115658}}