{"0": {"time": 979.2580535411835, "HV": 0.2912887267026761}, "1": {"time": 4824.127975940704, "HV": 0.31013415183299947}}