{"0": {"time": 458.43174386024475, "HV": 0.5390647550812656}, "1": {"time": 2191.3405854701996, "HV": 0.36288648558037206}, "2": {"time": 3272.614268541336, "HV": 0.5535908360970546}}