{"0": {"time": 334.63468074798584, "HV": 0.5794294669510851}, "1": {"time": 1368.654957294464, "HV": 0.6053320293076185}, "2": {"time": 2087.1458423137665, "HV": 0.631190140559797}, "3": {"time": 2864.2402033805847, "HV": 0.6426112033175108}, "4": {"time": 3866.513900756836, "HV": 0.5865928356417909}}