{"0": {"time": 219.32266330718994, "HV": 0.5869855422604463}, "1": {"time": 710.840500831604, "HV": 0.5150323460685826}, "2": {"time": 989.8990371227264, "HV": 0.5177565842952498}, "3": {"time": 1332.490519285202, "HV": 0.5202377972277136}, "4": {"time": 1676.821725845337, "HV": 0.49147093036218703}, "5": {"time": 2126.8077535629272, "HV": 0.47801638154159115}, "6": {"time": 2536.2588794231415, "HV": 0.4753697312119416}, "7": {"time": 2993.0775249004364, "HV": 0.5647314503980646}, "8": {"time": 3439.078080892563, "HV": 0.47264134398424595}, "9": {"time": 3839.41681599617, "HV": 0.5553881173409816}, "10": {"time": 4364.771079301834, "HV": 0.4847215989114627}, "11": {"time": 4840.198024272919, "HV": 0.47349954215293577}, "12": {"time": 5302.7885999679565, "HV": 0.47350036980745547}, "13": {"time": 5661.067511320114, "HV": 0.47353025442742386}, "14": {"time": 6073.449932575226, "HV": 0.4729288479312722}, "15": {"time": 6455.564170598984, "HV": 0.5941515484321336}, "16": {"time": 6921.575678110123, "HV": 0.6131312333813839}}