{"0": {"time": 3.610750198364258, "HV": 0.4329710391731714}, "1": {"time": 23.709981679916382, "HV": 0.45781522543541653}, "2": {"time": 183.44128036499023, "HV": 0.38685984336024426}, "3": {"time": 205.78290343284607, "HV": 0.3682436312199697}, "4": {"time": 237.45503735542297, "HV": 0.26349863641901694}, "5": {"time": 295.39755845069885, "HV": 0.24597552443634157}, "6": {"time": 361.71510338783264, "HV": 0.23588263704877263}, "7": {"time": 436.58804965019226, "HV": 0.22703375827557426}, "8": {"time": 603.983359336853, "HV": 0.22703375827557426}}