{"0": {"time": 7.1574132442474365, "HV": 0.5036648147827509}, "1": {"time": 45.30727791786194, "HV": 0.5451239255183439}, "2": {"time": 97.21687030792236, "HV": 0.4775282581283027}, "3": {"time": 142.49309706687927, "HV": 0.35577306684320587}, "4": {"time": 173.67365837097168, "HV": 0.3504204515597489}, "5": {"time": 209.7879581451416, "HV": 0.3508391731730604}, "6": {"time": 248.6024055480957, "HV": 0.3404339673176872}, "7": {"time": 283.3079466819763, "HV": 0.35359364955158007}, "8": {"time": 336.03007650375366, "HV": 0.3191393886152189}, "9": {"time": 376.9637084007263, "HV": 0.49353352184536187}, "10": {"time": 446.4327187538147, "HV": 0.3557233479529231}, "11": {"time": 487.3040726184845, "HV": 0.3202601906189333}, "12": {"time": 524.7455523014069, "HV": 0.33970505241077165}, "13": {"time": 579.2506091594696, "HV": 0.2691410092749024}, "14": {"time": 618.7061364650726, "HV": 0.26960543736233644}}