{"0": {"time": 6.1676177978515625, "HV": 0.46514714987848954}, "1": {"time": 21.848739624023438, "HV": 0.44875253955266975}, "2": {"time": 60.54265117645264, "HV": 0.27233802477104063}, "3": {"time": 115.09623217582703, "HV": 0.27233802477104063}, "4": {"time": 145.45315599441528, "HV": 0.27233802477104063}, "5": {"time": 186.38104724884033, "HV": 0.4901828767498908}, "6": {"time": 207.51348853111267, "HV": 0.5038637105382171}, "7": {"time": 226.11495399475098, "HV": 0.5434822589448016}, "8": {"time": 243.96322536468506, "HV": 0.5138627765878013}, "9": {"time": 266.2030756473541, "HV": 0.4624997148976108}, "10": {"time": 296.16502356529236, "HV": 0.3706608990195416}, "11": {"time": 315.2135877609253, "HV": 0.3609734727437666}, "12": {"time": 333.88559341430664, "HV": 0.3490141019986181}, "13": {"time": 348.29123735427856, "HV": 0.36877517770389323}, "14": {"time": 368.5101532936096, "HV": 0.25881740808388193}, "15": {"time": 385.49146819114685, "HV": 0.22914988242059242}, "16": {"time": 404.2335150241852, "HV": 0.20028427436855004}, "17": {"time": 422.3530287742615, "HV": 0.47021209121027674}, "18": {"time": 441.4207410812378, "HV": 0.35894736846275027}, "19": {"time": 461.4341073036194, "HV": 0.23838757053030718}, "20": {"time": 484.9622657299042, "HV": 0.19923080506434587}, "21": {"time": 511.5162351131439, "HV": 0.19923080506434587}, "22": {"time": 533.7212471961975, "HV": 0.19923080506434587}, "23": {"time": 553.1666235923767, "HV": 0.19923080506434587}, "24": {"time": 575.5928056240082, "HV": 0.19923080506434587}, "25": {"time": 593.7746431827545, "HV": 0.4920940608813087}, "26": {"time": 610.473301410675, "HV": 0.4120006638055056}, "27": {"time": 627.6240427494049, "HV": 0.28882985986087545}, "28": {"time": 645.3051280975342, "HV": 0.24024809180229106}, "29": {"time": 658.2855665683746, "HV": 0.40310372073308554}, "30": {"time": 674.5862832069397, "HV": 0.2301345793844068}, "31": {"time": 691.06396484375, "HV": 0.2263507661975782}, "32": {"time": 703.8516826629639, "HV": 0.2515461135569069}, "33": {"time": 720.2536089420319, "HV": 0.22640429140580987}, "34": {"time": 736.4654755592346, "HV": 0.23035127176187292}, "35": {"time": 754.9348537921906, "HV": 0.21572066594759523}, "36": {"time": 769.991054058075, "HV": 0.46701040825957985}, "37": {"time": 786.7867655754089, "HV": 0.26572621397720797}, "38": {"time": 804.5282638072968, "HV": 0.2219633681029363}, "39": {"time": 823.3623685836792, "HV": 0.20747599518157586}, "40": {"time": 840.3945500850677, "HV": 0.2074827195385146}, "41": {"time": 863.6875030994415, "HV": 0.20025118349782967}, "42": {"time": 885.7108027935028, "HV": 0.20025118349782967}, "43": {"time": 901.8430199623108, "HV": 0.26727574892083616}}