{"0": {"time": 7.368786334991455, "HV": 0.5048924393860554}, "1": {"time": 44.78039264678955, "HV": 0.5584194949936331}, "2": {"time": 133.3284387588501, "HV": 0.571711904736669}, "3": {"time": 176.43279719352722, "HV": 0.5839058226522721}, "4": {"time": 209.71680307388306, "HV": 0.5823741692987254}, "5": {"time": 246.4108600616455, "HV": 0.5411551266097744}, "6": {"time": 283.195209980011, "HV": 0.4304230597179245}, "7": {"time": 322.31684732437134, "HV": 0.37631222711229273}, "8": {"time": 357.6811249256134, "HV": 0.36162749507376796}, "9": {"time": 397.22617077827454, "HV": 0.354038687178612}, "10": {"time": 440.0881986618042, "HV": 0.34568680832791865}, "11": {"time": 482.8110520839691, "HV": 0.3457892668242034}, "12": {"time": 521.8085100650787, "HV": 0.33384137417747706}, "13": {"time": 564.2834496498108, "HV": 0.3087286976152311}, "14": {"time": 602.5533649921417, "HV": 0.30748144355142853}}