{"0": {"time": 5.008702278137207, "HV": 0.4908970354834865}, "1": {"time": 17.493011713027954, "HV": 0.5305768358239924}, "2": {"time": 27.951648473739624, "HV": 0.542489499566238}, "3": {"time": 41.77629017829895, "HV": 0.5527809880390357}, "4": {"time": 54.01523041725159, "HV": 0.5308530832037814}, "5": {"time": 65.85126519203186, "HV": 0.4050085002996851}, "6": {"time": 80.19059920310974, "HV": 0.31033070341910496}, "7": {"time": 92.20302891731262, "HV": 0.41753687922513216}, "8": {"time": 106.83439302444458, "HV": 0.30662155713872263}, "9": {"time": 118.73892068862915, "HV": 0.44520540320962465}, "10": {"time": 132.36197471618652, "HV": 0.29846900826984557}, "11": {"time": 153.64689707756042, "HV": 0.2827386721575378}, "12": {"time": 166.23655033111572, "HV": 0.46690257128810386}, "13": {"time": 181.56168937683105, "HV": 0.3507998063364022}, "14": {"time": 196.0211534500122, "HV": 0.3287265054714009}, "15": {"time": 213.54451656341553, "HV": 0.28083613189693896}, "16": {"time": 231.79391860961914, "HV": 0.2045709720065487}, "17": {"time": 243.2233190536499, "HV": 0.3889114672613607}, "18": {"time": 256.68124175071716, "HV": 0.3258405498512718}, "19": {"time": 271.3673896789551, "HV": 0.2752239804723246}, "20": {"time": 284.73593044281006, "HV": 0.316006977618826}, "21": {"time": 297.48668336868286, "HV": 0.31707389965984917}, "22": {"time": 313.4545729160309, "HV": 0.21558159649409955}, "23": {"time": 332.9285316467285, "HV": 0.21558159649409955}, "24": {"time": 352.3731806278229, "HV": 0.2155913839626934}, "25": {"time": 366.7402584552765, "HV": 0.2155913839626934}, "26": {"time": 385.2504301071167, "HV": 0.21415042398143116}, "27": {"time": 407.1495065689087, "HV": 0.21415042398143116}, "28": {"time": 424.6251039505005, "HV": 0.21415042398143116}, "29": {"time": 439.9835069179535, "HV": 0.21415042398143116}, "30": {"time": 455.7594165802002, "HV": 0.21415042398143116}, "31": {"time": 469.2179546356201, "HV": 0.21415042398143116}, "32": {"time": 482.6080574989319, "HV": 0.21415042398143116}, "33": {"time": 495.7647502422333, "HV": 0.21415042398143116}, "34": {"time": 510.99562644958496, "HV": 0.21415042398143116}, "35": {"time": 524.1535618305206, "HV": 0.54201834033237}, "36": {"time": 540.4739825725555, "HV": 0.26230584058252154}, "37": {"time": 560.6374359130859, "HV": 0.2330866933327388}, "38": {"time": 575.5078542232513, "HV": 0.23317328935360115}, "39": {"time": 593.842866897583, "HV": 0.23318876893812018}, "40": {"time": 607.6614165306091, "HV": 0.23322398499351354}, "41": {"time": 621.650096654892, "HV": 0.21520567239666857}, "42": {"time": 632.7172844409943, "HV": 0.4115926243058474}, "43": {"time": 650.3374826908112, "HV": 0.5402233790948179}, "44": {"time": 667.041939496994, "HV": 0.522729898124635}, "45": {"time": 681.2554578781128, "HV": 0.3294026496118289}, "46": {"time": 695.4616317749023, "HV": 0.2742785535492903}, "47": {"time": 709.1594989299774, "HV": 0.27481179958197766}, "48": {"time": 721.0758059024811, "HV": 0.49451696744538326}, "49": {"time": 735.8218281269073, "HV": 0.3294215961200768}, "50": {"time": 748.3607776165009, "HV": 0.27218460218444385}, "51": {"time": 763.0122458934784, "HV": 0.2726984935599364}, "52": {"time": 776.4410424232483, "HV": 0.2676808688221262}, "53": {"time": 789.3676948547363, "HV": 0.25591275888298487}, "54": {"time": 807.0412204265594, "HV": 0.25593006275628216}, "55": {"time": 823.2641994953156, "HV": 0.25389118008323663}, "56": {"time": 839.570695400238, "HV": 0.25389118008323663}, "57": {"time": 853.7229783535004, "HV": 0.25389578646075367}, "58": {"time": 866.8812925815582, "HV": 0.22574478851213273}, "59": {"time": 882.1226904392242, "HV": 0.22574478851213273}, "60": {"time": 895.5440928936005, "HV": 0.22574478851213273}, "61": {"time": 913.7739531993866, "HV": 0.22312167607135786}}