{"0": {"time": 4.320486545562744, "HV": 0.4896421508945199}, "1": {"time": 17.09097957611084, "HV": 0.30412508241619435}, "2": {"time": 41.33663201332092, "HV": 0.2632546259833699}, "3": {"time": 75.52375626564026, "HV": 0.2632546259833699}, "4": {"time": 100.87207627296448, "HV": 0.2632546259833699}, "5": {"time": 132.80342173576355, "HV": 0.2632546259833699}, "6": {"time": 154.34352350234985, "HV": 0.2632546259833699}, "7": {"time": 175.13932943344116, "HV": 0.2632546259833699}, "8": {"time": 192.50253868103027, "HV": 0.2632546259833699}, "9": {"time": 206.39527130126953, "HV": 0.2632546259833699}, "10": {"time": 225.21705508232117, "HV": 0.2632546259833699}, "11": {"time": 240.98832869529724, "HV": 0.2632546259833699}, "12": {"time": 257.37116599082947, "HV": 0.2632546259833699}, "13": {"time": 274.43918895721436, "HV": 0.2632546259833699}, "14": {"time": 287.72175645828247, "HV": 0.2632546259833699}, "15": {"time": 304.8066656589508, "HV": 0.2632546259833699}, "16": {"time": 318.55994153022766, "HV": 0.4990900032300796}, "17": {"time": 330.7113718986511, "HV": 0.43736337806984515}, "18": {"time": 341.6625909805298, "HV": 0.3395293574527355}, "19": {"time": 354.43823885917664, "HV": 0.29612863140585166}, "20": {"time": 367.04917311668396, "HV": 0.2937733034992974}, "21": {"time": 379.9912676811218, "HV": 0.292527394410063}, "22": {"time": 393.28568291664124, "HV": 0.2729261370594076}, "23": {"time": 405.84899973869324, "HV": 0.3146049726174826}, "24": {"time": 417.9466145038605, "HV": 0.1979413503735831}, "25": {"time": 429.80026865005493, "HV": 0.3241560171708092}, "26": {"time": 442.57906007766724, "HV": 0.23879843536113465}, "27": {"time": 455.81245970726013, "HV": 0.1687190966949801}, "28": {"time": 466.8572337627411, "HV": 0.4896774851900051}, "29": {"time": 480.474173784256, "HV": 0.5048607015729576}, "30": {"time": 493.91242384910583, "HV": 0.3135273762647677}, "31": {"time": 504.5071802139282, "HV": 0.20694872827469596}, "32": {"time": 523.4250960350037, "HV": 0.17827356907489}, "33": {"time": 535.6216235160828, "HV": 0.17849808823354318}, "34": {"time": 548.1946468353271, "HV": 0.24293584428684778}, "35": {"time": 559.2236711978912, "HV": 0.4503003757122893}, "36": {"time": 575.0132527351379, "HV": 0.2336222382052388}, "37": {"time": 586.7760610580444, "HV": 0.23379037804303532}, "38": {"time": 601.1696465015411, "HV": 0.17383547002362293}, "39": {"time": 622.135169506073, "HV": 0.15975492652640388}, "40": {"time": 642.8596167564392, "HV": 0.15743445220599553}, "41": {"time": 666.5973002910614, "HV": 0.15743445220599553}, "42": {"time": 687.2822318077087, "HV": 0.15743445220599553}, "43": {"time": 701.6702649593353, "HV": 0.15743445220599553}, "44": {"time": 718.6241481304169, "HV": 0.15743445220599553}, "45": {"time": 739.1142508983612, "HV": 0.15743445220599553}, "46": {"time": 754.1572601795197, "HV": 0.15743445220599553}, "47": {"time": 768.9166858196259, "HV": 0.15743445220599553}, "48": {"time": 783.9924807548523, "HV": 0.15743445220599553}, "49": {"time": 796.7172424793243, "HV": 0.15743445220599553}, "50": {"time": 811.1165654659271, "HV": 0.15743445220599553}, "51": {"time": 825.9616324901581, "HV": 0.15743445220599553}, "52": {"time": 840.1941752433777, "HV": 0.15743445220599553}, "53": {"time": 854.5818614959717, "HV": 0.15743445220599553}, "54": {"time": 870.0145411491394, "HV": 0.15743445220599553}, "55": {"time": 884.6508967876434, "HV": 0.15743445220599553}, "56": {"time": 897.9443838596344, "HV": 0.15743445220599553}, "57": {"time": 912.307746887207, "HV": 0.15743445220599553}}