{"0": {"time": 3.9995899200439453, "HV": 0.32577713853320805}, "1": {"time": 14.011284589767456, "HV": 0.3674884329777817}, "2": {"time": 24.18156886100769, "HV": 0.412190758229609}, "3": {"time": 34.433730602264404, "HV": 0.41717406451651573}, "4": {"time": 44.11913180351257, "HV": 0.3086770595806231}, "5": {"time": 59.51601457595825, "HV": 0.2628906138542834}, "6": {"time": 72.11006879806519, "HV": 0.21789560083659998}, "7": {"time": 93.17300796508789, "HV": 0.2196568991785512}, "8": {"time": 112.97124242782593, "HV": 0.21966739895964957}, "9": {"time": 128.57964277267456, "HV": 0.2196684194078099}, "10": {"time": 144.28965783119202, "HV": 0.21566789704087336}, "11": {"time": 163.62610912322998, "HV": 0.21199972961791752}, "12": {"time": 189.34772419929504, "HV": 0.21265089956580957}, "13": {"time": 209.46460270881653, "HV": 0.21265089956580957}, "14": {"time": 226.50753831863403, "HV": 0.21265089956580957}, "15": {"time": 243.10178232192993, "HV": 0.21265089956580957}, "16": {"time": 257.158490896225, "HV": 0.21265089956580957}, "17": {"time": 272.8164520263672, "HV": 0.21096854833616538}, "18": {"time": 295.07994389533997, "HV": 0.21096854833616538}, "19": {"time": 313.6267054080963, "HV": 0.21096854833616538}, "20": {"time": 333.2999725341797, "HV": 0.21096854833616538}, "21": {"time": 344.06247115135193, "HV": 0.28034021262386166}, "22": {"time": 360.723815202713, "HV": 0.21097029049794186}, "23": {"time": 380.6871633529663, "HV": 0.21097474926401527}, "24": {"time": 395.9923131465912, "HV": 0.21097474926401527}, "25": {"time": 405.7088451385498, "HV": 0.2578759821096663}, "26": {"time": 424.77468824386597, "HV": 0.2139678409918121}, "27": {"time": 440.02638268470764, "HV": 0.21022121211393235}, "28": {"time": 465.52900862693787, "HV": 0.21022121211393235}, "29": {"time": 484.8437623977661, "HV": 0.20794714640311668}, "30": {"time": 506.99634051322937, "HV": 0.20794714640311668}, "31": {"time": 529.5445387363434, "HV": 0.20794714640311668}, "32": {"time": 540.2152194976807, "HV": 0.3571397580552287}, "33": {"time": 551.1442320346832, "HV": 0.31463962677629315}, "34": {"time": 565.5588960647583, "HV": 0.22272336679195037}, "35": {"time": 584.8061351776123, "HV": 0.20998350049002376}, "36": {"time": 609.3811550140381, "HV": 0.20998350049002376}, "37": {"time": 630.9360687732697, "HV": 0.20998350049002376}, "38": {"time": 656.2744784355164, "HV": 0.20798909569446772}, "39": {"time": 667.387298822403, "HV": 0.36781068119170085}, "40": {"time": 679.9970853328705, "HV": 0.2501935812439863}, "41": {"time": 695.2334041595459, "HV": 0.22685860475930233}, "42": {"time": 709.5118272304535, "HV": 0.2115560029624168}, "43": {"time": 737.2528512477875, "HV": 0.20998607027036628}, "44": {"time": 764.2784647941589, "HV": 0.20882427430580822}, "45": {"time": 800.4622106552124, "HV": 0.20882427430580822}, "46": {"time": 822.5661680698395, "HV": 0.20882427430580822}, "47": {"time": 844.7552921772003, "HV": 0.20882427430580822}, "48": {"time": 861.4568464756012, "HV": 0.20882427430580822}, "49": {"time": 877.2999460697174, "HV": 0.20882427430580822}, "50": {"time": 893.678026676178, "HV": 0.20882427430580822}, "51": {"time": 908.7006993293762, "HV": 0.21009180830240384}}