{"0": {"time": 28.36228895187378, "HV": 0.3265402012617406}, "1": {"time": 146.46677017211914, "HV": 0.339587861445955}, "2": {"time": 598.2002656459808, "HV": 0.3447050169574551}, "3": {"time": 778.4246647357941, "HV": 0.36478865107945935}}