{"0": {"time": 2.064856767654419, "HV": 0.42443764982342663}, "1": {"time": 9.610194206237793, "HV": 0.32522795969140106}, "2": {"time": 46.50989079475403, "HV": 0.19825402597846986}, "3": {"time": 89.10482668876648, "HV": 0.4457702196603987}, "4": {"time": 103.21929168701172, "HV": 0.4564549264165222}, "5": {"time": 114.33232808113098, "HV": 0.4626219382003708}, "6": {"time": 126.95483064651489, "HV": 0.3009369005448377}, "7": {"time": 136.78180694580078, "HV": 0.21212214146728167}, "8": {"time": 150.0435562133789, "HV": 0.20166004630566423}, "9": {"time": 166.69982767105103, "HV": 0.20166347270577148}, "10": {"time": 186.3264033794403, "HV": 0.19824389006921464}, "11": {"time": 194.4177486896515, "HV": 0.2026991534148575}, "12": {"time": 203.7246115207672, "HV": 0.1992857320561705}, "13": {"time": 227.7119381427765, "HV": 0.1992857320561705}, "14": {"time": 247.12679719924927, "HV": 0.1967471976211991}, "15": {"time": 275.50458097457886, "HV": 0.1928021297603215}, "16": {"time": 304.2884957790375, "HV": 0.1928021297603215}, "17": {"time": 325.2232949733734, "HV": 0.1928021297603215}, "18": {"time": 345.48514580726624, "HV": 0.1928021297603215}, "19": {"time": 366.90887093544006, "HV": 0.1928021297603215}, "20": {"time": 374.6732692718506, "HV": 0.3878274480968794}, "21": {"time": 386.91005277633667, "HV": 0.20790661061371016}, "22": {"time": 397.6917517185211, "HV": 0.19674832823216165}, "23": {"time": 420.9618260860443, "HV": 0.19674832823216165}, "24": {"time": 444.83864641189575, "HV": 0.19479542636012295}, "25": {"time": 473.80470418930054, "HV": 0.19479542636012295}, "26": {"time": 494.2842261791229, "HV": 0.193221586427431}, "27": {"time": 532.6298711299896, "HV": 0.193221586427431}, "28": {"time": 561.8966784477234, "HV": 0.193221586427431}, "29": {"time": 592.0549147129059, "HV": 0.193221586427431}, "30": {"time": 612.6626524925232, "HV": 0.193221586427431}, "31": {"time": 633.234917640686, "HV": 0.193221586427431}, "32": {"time": 651.0084452629089, "HV": 0.193221586427431}, "33": {"time": 674.7609310150146, "HV": 0.193221586427431}, "34": {"time": 692.0292983055115, "HV": 0.193221586427431}, "35": {"time": 708.7516958713531, "HV": 0.193221586427431}, "36": {"time": 721.1386163234711, "HV": 0.193221586427431}, "37": {"time": 733.5115830898285, "HV": 0.193221586427431}, "38": {"time": 744.1107888221741, "HV": 0.193221586427431}, "39": {"time": 759.0969622135162, "HV": 0.193221586427431}, "40": {"time": 769.6569232940674, "HV": 0.193221586427431}, "41": {"time": 782.3913285732269, "HV": 0.193221586427431}, "42": {"time": 794.2230124473572, "HV": 0.193221586427431}, "43": {"time": 806.3873369693756, "HV": 0.193221586427431}, "44": {"time": 818.0323626995087, "HV": 0.193221586427431}, "45": {"time": 828.663792848587, "HV": 0.193221586427431}, "46": {"time": 839.6922180652618, "HV": 0.193221586427431}, "47": {"time": 850.5049638748169, "HV": 0.193221586427431}, "48": {"time": 863.1232588291168, "HV": 0.193221586427431}, "49": {"time": 873.9364738464355, "HV": 0.193221586427431}, "50": {"time": 883.3864030838013, "HV": 0.193221586427431}, "51": {"time": 893.8987169265747, "HV": 0.193221586427431}, "52": {"time": 904.5571765899658, "HV": 0.193221586427431}}