{"0": {"time": 6.331940650939941, "HV": 0.2597250673475654}, "1": {"time": 23.61767864227295, "HV": 0.2715023610962848}, "2": {"time": 59.44765114784241, "HV": 0.2746197117810386}, "3": {"time": 86.43963313102722, "HV": 0.27869124129159917}, "4": {"time": 113.74020147323608, "HV": 0.24522348525033005}, "5": {"time": 139.1883900165558, "HV": 0.27561697001556623}, "6": {"time": 159.67186760902405, "HV": 0.2828440959311949}, "7": {"time": 180.66824054718018, "HV": 0.28371709280878216}, "8": {"time": 199.7852132320404, "HV": 0.2793186452862931}, "9": {"time": 216.6635673046112, "HV": 0.26736054441361184}, "10": {"time": 234.94782972335815, "HV": 0.2556190195633915}, "11": {"time": 260.0147159099579, "HV": 0.239936910199864}, "12": {"time": 298.36495184898376, "HV": 0.239936910199864}, "13": {"time": 336.84184288978577, "HV": 0.239936910199864}, "14": {"time": 366.627418756485, "HV": 0.239936910199864}, "15": {"time": 398.95386695861816, "HV": 0.239936910199864}, "16": {"time": 427.07933282852173, "HV": 0.239936910199864}, "17": {"time": 451.48418736457825, "HV": 0.26650703399153675}, "18": {"time": 478.04570269584656, "HV": 0.2738629534108951}, "19": {"time": 501.1976933479309, "HV": 0.27895990112816765}, "20": {"time": 532.68066239357, "HV": 0.280508459821318}, "21": {"time": 561.5629563331604, "HV": 0.27011577829921685}, "22": {"time": 582.9813179969788, "HV": 0.24439477616372368}, "23": {"time": 611.5385699272156, "HV": 0.24439477616372368}, "24": {"time": 637.0323679447174, "HV": 0.24439477616372368}, "25": {"time": 659.6017260551453, "HV": 0.264618816910111}, "26": {"time": 685.3924877643585, "HV": 0.2819645505126681}, "27": {"time": 708.8403785228729, "HV": 0.2853144404204313}, "28": {"time": 746.9293105602264, "HV": 0.289115197147263}, "29": {"time": 787.3303394317627, "HV": 0.2938239992458572}, "30": {"time": 828.1732647418976, "HV": 0.2931988293681091}, "31": {"time": 874.4295310974121, "HV": 0.25849223136510563}, "32": {"time": 934.7248096466064, "HV": 0.2837261255934969}}