{"0": {"time": 5.638414144515991, "HV": 0.38853501607808655}, "1": {"time": 20.831908464431763, "HV": 0.4665887334977461}, "2": {"time": 35.227370500564575, "HV": 0.3823213750862795}, "3": {"time": 54.72350001335144, "HV": 0.31695508645870846}, "4": {"time": 71.29406189918518, "HV": 0.2618564576322659}, "5": {"time": 89.34017419815063, "HV": 0.22682520023339972}, "6": {"time": 102.72047591209412, "HV": 0.29907188543477503}, "7": {"time": 115.48667001724243, "HV": 0.29688581922839496}, "8": {"time": 128.6712565422058, "HV": 0.45210851564125065}, "9": {"time": 143.47571468353271, "HV": 0.23334251614608092}, "10": {"time": 156.27282571792603, "HV": 0.29178386076411283}, "11": {"time": 172.88869285583496, "HV": 0.15304279137922389}, "12": {"time": 187.44640946388245, "HV": 0.12814308054563178}, "13": {"time": 206.21039724349976, "HV": 0.12080659950085593}, "14": {"time": 217.32701015472412, "HV": 0.256138220911992}, "15": {"time": 229.77555775642395, "HV": 0.17757740022205937}, "16": {"time": 241.2334167957306, "HV": 0.1755184489175709}, "17": {"time": 256.0128300189972, "HV": 0.1448570420278237}, "18": {"time": 271.09195494651794, "HV": 0.13055932826017305}, "19": {"time": 286.46180057525635, "HV": 0.1084117573158479}, "20": {"time": 302.115359544754, "HV": 0.09346009396800359}, "21": {"time": 314.7443811893463, "HV": 0.09843360711496528}, "22": {"time": 336.7192027568817, "HV": 0.0936617111372022}, "23": {"time": 354.02039766311646, "HV": 0.0936617111372022}, "24": {"time": 371.6466054916382, "HV": 0.0936617111372022}, "25": {"time": 388.67535281181335, "HV": 0.0936617111372022}, "26": {"time": 405.7776484489441, "HV": 0.09064039316666407}, "27": {"time": 428.19287610054016, "HV": 0.09064039316666407}, "28": {"time": 447.20244669914246, "HV": 0.09064039316666407}, "29": {"time": 463.47724890708923, "HV": 0.09064039316666407}, "30": {"time": 477.9998254776001, "HV": 0.09064039316666407}, "31": {"time": 492.47211813926697, "HV": 0.09064039316666407}, "32": {"time": 508.7729616165161, "HV": 0.09064039316666407}, "33": {"time": 525.6387987136841, "HV": 0.09064039316666407}, "34": {"time": 541.4599866867065, "HV": 0.09117286964850593}, "35": {"time": 557.4121472835541, "HV": 0.09117286964850593}, "36": {"time": 572.7893483638763, "HV": 0.09117286964850593}, "37": {"time": 586.2974424362183, "HV": 0.09117286964850593}, "38": {"time": 601.0182936191559, "HV": 0.09117286964850593}, "39": {"time": 615.603679895401, "HV": 0.09117286964850593}, "40": {"time": 633.2326140403748, "HV": 0.08129140956119324}, "41": {"time": 653.6131789684296, "HV": 0.08129140956119324}, "42": {"time": 672.1680345535278, "HV": 0.08129140956119324}, "43": {"time": 687.4712896347046, "HV": 0.08129140956119324}, "44": {"time": 703.6043763160706, "HV": 0.08129140956119324}, "45": {"time": 720.4613134860992, "HV": 0.08129140956119324}, "46": {"time": 737.100919008255, "HV": 0.08129140956119324}, "47": {"time": 749.89462018013, "HV": 0.3544715345254014}, "48": {"time": 763.4942164421082, "HV": 0.24123646364731371}, "49": {"time": 776.4266042709351, "HV": 0.24190342873026255}, "50": {"time": 790.2029993534088, "HV": 0.15430274820915657}, "51": {"time": 807.0110671520233, "HV": 0.1263995313273885}, "52": {"time": 819.2522261142731, "HV": 0.3385078178229117}, "53": {"time": 833.6485142707825, "HV": 0.1389446313238228}, "54": {"time": 846.0864667892456, "HV": 0.13556488442686185}, "55": {"time": 860.7793772220612, "HV": 0.12323480033511519}, "56": {"time": 877.155401468277, "HV": 0.10918512464810759}, "57": {"time": 889.0266990661621, "HV": 0.10315350792838404}, "58": {"time": 902.7937314510345, "HV": 0.0990028921311842}}