{"0": {"time": 9.389662504196167, "HV": 0.49596062118962675}, "1": {"time": 58.68115830421448, "HV": 0.525461425552372}, "2": {"time": 145.10801458358765, "HV": 0.20058960720017233}, "3": {"time": 712.8791117668152, "HV": 0.5058321386872068}}