{"0": {"time": 27.882978200912476, "HV": 0.31018082201139496}, "1": {"time": 135.99283623695374, "HV": 0.3408114193936207}, "2": {"time": 307.0317294597626, "HV": 0.3445825876094049}, "3": {"time": 402.3952069282532, "HV": 0.35911749279539484}, "4": {"time": 490.3636782169342, "HV": 0.3619547782563402}, "5": {"time": 604.6432862281799, "HV": 0.36451172877301974}}