{"0": {"time": 5.324771165847778, "HV": 0.5287110750938211}, "1": {"time": 17.909996509552002, "HV": 0.551419513287198}, "2": {"time": 29.422688484191895, "HV": 0.5566403756694596}, "3": {"time": 42.75708508491516, "HV": 0.31023000279717616}, "4": {"time": 55.73485732078552, "HV": 0.24679309412316625}, "5": {"time": 69.74130582809448, "HV": 0.21874117684840788}, "6": {"time": 85.07949137687683, "HV": 0.21916092116728417}, "7": {"time": 100.79373836517334, "HV": 0.21605289562805127}, "8": {"time": 114.56257891654968, "HV": 0.34563573069461595}, "9": {"time": 129.4403510093689, "HV": 0.2846163053825352}, "10": {"time": 141.7411093711853, "HV": 0.2674729838401171}, "11": {"time": 156.7616331577301, "HV": 0.20939266185080718}, "12": {"time": 172.11811351776123, "HV": 0.20214590305054742}, "13": {"time": 184.84986448287964, "HV": 0.20226490653628912}, "14": {"time": 198.99541854858398, "HV": 0.5122359305788544}, "15": {"time": 218.9322497844696, "HV": 0.2631112628971929}, "16": {"time": 234.54383826255798, "HV": 0.20256482169702705}, "17": {"time": 249.21318650245667, "HV": 0.21815493322080656}, "18": {"time": 264.0406322479248, "HV": 0.2023660841369192}, "19": {"time": 283.3757405281067, "HV": 0.20236858547071362}, "20": {"time": 300.3011095523834, "HV": 0.19977927392643546}, "21": {"time": 315.9588050842285, "HV": 0.19979593784112232}, "22": {"time": 335.453307390213, "HV": 0.20005695375560278}, "23": {"time": 352.63489866256714, "HV": 0.16540889802733447}, "24": {"time": 371.37102580070496, "HV": 0.16540889802733447}, "25": {"time": 388.90113496780396, "HV": 0.16540889802733447}, "26": {"time": 404.7771599292755, "HV": 0.16540889802733447}, "27": {"time": 420.0236804485321, "HV": 0.16540889802733447}, "28": {"time": 434.2232594490051, "HV": 0.1654127740361722}, "29": {"time": 447.9982192516327, "HV": 0.1654127740361722}, "30": {"time": 466.9608402252197, "HV": 0.12017719406413467}, "31": {"time": 479.21248626708984, "HV": 0.44229312190679115}, "32": {"time": 495.2261378765106, "HV": 0.49932713214969515}, "33": {"time": 512.7263538837433, "HV": 0.2716266023875961}, "34": {"time": 525.6513574123383, "HV": 0.18998374232902476}, "35": {"time": 541.3834011554718, "HV": 0.1730273536673283}, "36": {"time": 559.4191236495972, "HV": 0.12031529967633234}, "37": {"time": 575.0936098098755, "HV": 0.38089721149618766}, "38": {"time": 593.3085849285126, "HV": 0.4513546299324379}, "39": {"time": 613.1289048194885, "HV": 0.3611966972942939}, "40": {"time": 642.5571913719177, "HV": 0.37917055250560683}, "41": {"time": 675.1298441886902, "HV": 0.3423371294033046}, "42": {"time": 704.3373055458069, "HV": 0.19627497196154906}, "43": {"time": 726.1084856987, "HV": 0.19168463463865784}, "44": {"time": 747.6223514080048, "HV": 0.183414960073187}, "45": {"time": 768.8798372745514, "HV": 0.4978940315618611}, "46": {"time": 790.8295936584473, "HV": 0.2536604615903222}, "47": {"time": 807.6180465221405, "HV": 0.22950926963360244}, "48": {"time": 823.7153346538544, "HV": 0.2260218082136101}, "49": {"time": 839.527952671051, "HV": 0.19371923020733062}, "50": {"time": 856.6113464832306, "HV": 0.1901446712537043}, "51": {"time": 872.0545735359192, "HV": 0.2854228909769012}, "52": {"time": 890.0536131858826, "HV": 0.17726828083884946}, "53": {"time": 908.5084111690521, "HV": 0.17727913609304183}}