{"0": {"time": 10.43700098991394, "HV": 0.26545358774708494}, "1": {"time": 54.28792476654053, "HV": 0.27248112069859654}, "2": {"time": 194.45555686950684, "HV": 0.2749319913287419}, "3": {"time": 351.7621307373047, "HV": 0.27605724352515865}, "4": {"time": 396.9030201435089, "HV": 0.276700226549213}, "5": {"time": 442.4816966056824, "HV": 0.2630111438591275}, "6": {"time": 492.3730034828186, "HV": 0.27361574507102326}, "7": {"time": 552.2904245853424, "HV": 0.24450656338459262}, "8": {"time": 719.1201150417328, "HV": 0.24909325132843324}}