{"0": {"time": 15.931856155395508, "HV": 0.29291196410155934}, "1": {"time": 53.440550088882446, "HV": 0.32755134411951137}, "2": {"time": 80.7955379486084, "HV": 0.3325731025659986}, "3": {"time": 102.96947884559631, "HV": 0.34637259615695953}, "4": {"time": 131.78256511688232, "HV": 0.34781286602240946}, "5": {"time": 158.45392751693726, "HV": 0.35208412912604414}, "6": {"time": 184.88046741485596, "HV": 0.35297631981195765}, "7": {"time": 215.16125965118408, "HV": 0.35092319791216103}, "8": {"time": 252.62471985816956, "HV": 0.364792924097552}, "9": {"time": 282.8280334472656, "HV": 0.3584847265846415}, "10": {"time": 312.1712851524353, "HV": 0.35489213929097485}, "11": {"time": 350.04340982437134, "HV": 0.3554005313015009}, "12": {"time": 384.25514960289, "HV": 0.3664810733058492}, "13": {"time": 424.6746299266815, "HV": 0.36546482615645626}, "14": {"time": 454.31334161758423, "HV": 0.35115107780428945}, "15": {"time": 487.0988759994507, "HV": 0.36742334102161245}, "16": {"time": 511.7132074832916, "HV": 0.3551955231989464}, "17": {"time": 543.6892204284668, "HV": 0.3600619286758957}, "18": {"time": 576.270857334137, "HV": 0.34853807529939984}, "19": {"time": 613.2274239063263, "HV": 0.33019836700879646}, "20": {"time": 648.6376690864563, "HV": 0.32020955780465665}, "21": {"time": 693.7937726974487, "HV": 0.3158803480566314}, "22": {"time": 733.9491980075836, "HV": 0.31588816490289645}, "23": {"time": 772.3302817344666, "HV": 0.3172185087886387}, "24": {"time": 811.1810746192932, "HV": 0.3172535040313126}, "25": {"time": 855.5343751907349, "HV": 0.3172804552686268}, "26": {"time": 904.7594704627991, "HV": 0.3075044217653971}}