{"0": {"time": 5.409815311431885, "HV": 0.37951643748242225}, "1": {"time": 32.46702766418457, "HV": 0.3906705503133857}, "2": {"time": 124.20300340652466, "HV": 0.4123032543440398}, "3": {"time": 154.52633047103882, "HV": 0.423424203787492}, "4": {"time": 212.33479166030884, "HV": 0.3109087147770072}, "5": {"time": 285.71592116355896, "HV": 0.27253619959013126}, "6": {"time": 350.8351628780365, "HV": 0.26087113668057793}, "7": {"time": 434.3649432659149, "HV": 0.2332170711946423}, "8": {"time": 463.4166669845581, "HV": 0.3658013354658487}, "9": {"time": 500.4156494140625, "HV": 0.3964743905388893}, "10": {"time": 559.2645118236542, "HV": 0.3171914230517869}, "11": {"time": 594.2601113319397, "HV": 0.31842824308589135}, "12": {"time": 633.0484421253204, "HV": 0.31892320111760447}}