{"0": {"time": 4.322334289550781, "HV": 0.4695944959304411}, "1": {"time": 18.052794933319092, "HV": 0.5275899292855271}, "2": {"time": 35.6417031288147, "HV": 0.26753299294661353}, "3": {"time": 83.90488290786743, "HV": 0.26753299294661353}, "4": {"time": 107.89921045303345, "HV": 0.26753299294661353}, "5": {"time": 142.6358437538147, "HV": 0.26753299294661353}, "6": {"time": 171.48877787590027, "HV": 0.26753299294661353}, "7": {"time": 203.8779525756836, "HV": 0.26753299294661353}, "8": {"time": 244.26087474822998, "HV": 0.26753299294661353}, "9": {"time": 277.5960342884064, "HV": 0.26753299294661353}, "10": {"time": 307.30977869033813, "HV": 0.26753299294661353}, "11": {"time": 328.79330134391785, "HV": 0.26753299294661353}, "12": {"time": 353.9512746334076, "HV": 0.5413055063909329}, "13": {"time": 368.1273674964905, "HV": 0.5697145732866005}, "14": {"time": 379.51176166534424, "HV": 0.5783289890259165}, "15": {"time": 390.8341796398163, "HV": 0.5246168447066941}, "16": {"time": 403.3740825653076, "HV": 0.6027884399384205}, "17": {"time": 414.5784466266632, "HV": 0.5646538798453088}, "18": {"time": 426.235634803772, "HV": 0.34324927283704754}, "19": {"time": 437.2462878227234, "HV": 0.2912685411972274}, "20": {"time": 447.37932658195496, "HV": 0.29233288798318724}, "21": {"time": 460.38078594207764, "HV": 0.2961980264408237}, "22": {"time": 472.2297863960266, "HV": 0.512787992245689}, "23": {"time": 484.24129724502563, "HV": 0.2827932777166822}, "24": {"time": 496.6480784416199, "HV": 0.26121563028728517}, "25": {"time": 512.4668138027191, "HV": 0.2612215462461808}, "26": {"time": 526.3137221336365, "HV": 0.2612228252348637}, "27": {"time": 541.8579490184784, "HV": 0.26127239353763004}, "28": {"time": 554.9426734447479, "HV": 0.261344523760872}, "29": {"time": 570.3404560089111, "HV": 0.2617817069315453}, "30": {"time": 583.9822976589203, "HV": 0.2617817808736185}, "31": {"time": 596.4899396896362, "HV": 0.26181921470677705}, "32": {"time": 612.8219659328461, "HV": 0.2618222787368819}, "33": {"time": 627.1670515537262, "HV": 0.26184634283993513}, "34": {"time": 639.1403474807739, "HV": 0.5153813159440899}, "35": {"time": 652.6601705551147, "HV": 0.41350179770349904}, "36": {"time": 667.1179757118225, "HV": 0.261893339674022}, "37": {"time": 681.9909465312958, "HV": 0.2606185456509986}, "38": {"time": 696.1691546440125, "HV": 0.2606620815388221}, "39": {"time": 709.7206478118896, "HV": 0.2567710698951308}, "40": {"time": 729.1240346431732, "HV": 0.2454525945629209}, "41": {"time": 746.0128974914551, "HV": 0.5102103235835014}, "42": {"time": 765.5083954334259, "HV": 0.5548204470497735}, "43": {"time": 783.9457983970642, "HV": 0.4166463843152904}, "44": {"time": 799.2179954051971, "HV": 0.31999874127323513}, "45": {"time": 818.3099548816681, "HV": 0.2634744352126432}, "46": {"time": 832.9147312641144, "HV": 0.2757824737429092}, "47": {"time": 849.5410006046295, "HV": 0.25117137570519904}, "48": {"time": 873.1048803329468, "HV": 0.24539165294205764}, "49": {"time": 893.0218095779419, "HV": 0.24539165294205764}, "50": {"time": 914.6546137332916, "HV": 0.24539165294205764}}