{"0": {"time": 6.837883472442627, "HV": 0.49081046299344677}, "1": {"time": 34.75207710266113, "HV": 0.4642505649853155}, "2": {"time": 162.80173063278198, "HV": 0.4214068024209322}, "3": {"time": 369.717654466629, "HV": 0.42703133799966286}, "4": {"time": 447.4139654636383, "HV": 0.4166605987416371}, "5": {"time": 485.55455780029297, "HV": 0.4104762782765221}, "6": {"time": 530.4819114208221, "HV": 0.41464632693295966}, "7": {"time": 579.1686460971832, "HV": 0.39833470588991315}, "8": {"time": 624.1521525382996, "HV": 0.3923320238398821}}