{"0": {"time": 15.947314023971558, "HV": 0.30915572922329215}, "1": {"time": 61.06289577484131, "HV": 0.32525313576260445}, "2": {"time": 88.99931597709656, "HV": 0.33301332737963657}, "3": {"time": 113.70595836639404, "HV": 0.33454326917014054}, "4": {"time": 135.56215834617615, "HV": 0.3337208812381644}, "5": {"time": 162.50290250778198, "HV": 0.3409752539120302}, "6": {"time": 184.6951606273651, "HV": 0.3636331815104724}, "7": {"time": 206.37185144424438, "HV": 0.36304700743671514}, "8": {"time": 231.1485719680786, "HV": 0.3639514027030864}, "9": {"time": 260.82185983657837, "HV": 0.3542522053201939}, "10": {"time": 293.25862169265747, "HV": 0.35512916435779524}, "11": {"time": 338.1342442035675, "HV": 0.36525868830450564}, "12": {"time": 363.6475758552551, "HV": 0.3687458075440545}, "13": {"time": 388.37690234184265, "HV": 0.3622236094798351}, "14": {"time": 418.48543334007263, "HV": 0.34405162989799065}, "15": {"time": 452.05009150505066, "HV": 0.3435157466458227}, "16": {"time": 488.49065470695496, "HV": 0.32097118983527745}, "17": {"time": 526.9833862781525, "HV": 0.3625458556899276}, "18": {"time": 565.3033289909363, "HV": 0.34362921571402294}, "19": {"time": 602.0808842182159, "HV": 0.3329897228316645}, "20": {"time": 639.2104692459106, "HV": 0.32998176709812194}, "21": {"time": 676.8050792217255, "HV": 0.3579243678599957}, "22": {"time": 710.0268878936768, "HV": 0.32722976515826396}, "23": {"time": 749.0664772987366, "HV": 0.32722976515826396}, "24": {"time": 782.4291694164276, "HV": 0.3332960063041576}, "25": {"time": 818.0115957260132, "HV": 0.37784525130264235}, "26": {"time": 851.5690693855286, "HV": 0.3282170667250628}, "27": {"time": 889.296056509018, "HV": 0.37675800666000564}, "28": {"time": 927.4499702453613, "HV": 0.3283389229743794}}