{"0": {"time": 16.711976289749146, "HV": 0.29872188214208933}, "1": {"time": 61.368008613586426, "HV": 0.3097745995119414}, "2": {"time": 92.16274857521057, "HV": 0.3130368500672497}, "3": {"time": 115.93703389167786, "HV": 0.3163603087936049}, "4": {"time": 134.92530012130737, "HV": 0.3313557331753413}, "5": {"time": 167.1808488368988, "HV": 0.33437014489162087}, "6": {"time": 195.5279245376587, "HV": 0.328675195469752}, "7": {"time": 218.50977230072021, "HV": 0.3318251348855021}, "8": {"time": 249.05166602134705, "HV": 0.33010452902166576}, "9": {"time": 285.45405983924866, "HV": 0.3151030731921576}, "10": {"time": 330.082151889801, "HV": 0.29207435794938313}, "11": {"time": 380.23215341567993, "HV": 0.2891497002121861}, "12": {"time": 436.4970257282257, "HV": 0.32335577466539356}, "13": {"time": 483.7882010936737, "HV": 0.3323498001246294}, "14": {"time": 510.71597051620483, "HV": 0.32384916410666453}, "15": {"time": 556.3723089694977, "HV": 0.33623700058700096}, "16": {"time": 591.8272442817688, "HV": 0.35080623663596827}, "17": {"time": 633.565584897995, "HV": 0.3148868258219295}, "18": {"time": 700.1844294071198, "HV": 0.31290761702917674}, "19": {"time": 751.1674201488495, "HV": 0.32965422572459874}, "20": {"time": 796.7531445026398, "HV": 0.34780419993727996}, "21": {"time": 847.7004208564758, "HV": 0.3592067115481648}, "22": {"time": 887.7607889175415, "HV": 0.3609308416510671}, "23": {"time": 935.1544089317322, "HV": 0.31969196512357134}}