{"0": {"time": 4.67755389213562, "HV": 0.12510658502823224}, "1": {"time": 15.233587980270386, "HV": 0.1254469094613684}, "2": {"time": 29.7006196975708, "HV": 0.12525472643841748}}