dataset,heuristic2,heuristic3,heuristic4,heuristic5,heuristic6
nsf_centers_easy_s1,0.4975906771576336,0.49707831538795555,0.497706761139922,0.49716730369619555,0.4982913359869593
